"id","status","artist_name","agency_name","website_link","date_added","date_removed"
"1","new","BONNIE TYLER","33andwest","https://www.33andwest.com/music","2025-08-13",NULL
"2","new","DANIEL VILLARREAL","33andwest","https://www.33andwest.com/music","2025-08-13",NULL
"3","new","GANG OF FOUR","33andwest","https://www.33andwest.com/music","2025-08-13",NULL
"4","new","ONE MORE TIME","33andwest","https://www.33andwest.com/music","2025-08-13",NULL
"5","new","BUTTHOLE SURFERS","33andwest","https://www.33andwest.com/music","2025-08-13",NULL
"6","new","BENJAMIN INGROSSO","33andwest","https://www.33andwest.com/music","2025-08-13",NULL
"7","new","BORN OF OSIRIS","33andwest","https://www.33andwest.com/music","2025-08-13",NULL
"8","new","CATHEDRAL BELLS","33andwest","https://www.33andwest.com/music","2025-08-13",NULL
"9","new","NE OBLIVISCARIS","33andwest","https://www.33andwest.com/music","2025-08-13",NULL
"10","new","CONVERGE","33andwest","https://www.33andwest.com/music","2025-08-13",NULL
"11","new","C.R.O.","33andwest","https://www.33andwest.com/music","2025-08-13",NULL
"12","new","MERKULES","33andwest","https://www.33andwest.com/music","2025-08-13",NULL
"13","new","MC DAVO","33andwest","https://www.33andwest.com/music","2025-08-13",NULL
"14","new","STARSHIP","33andwest","https://www.33andwest.com/music","2025-08-13",NULL
"15","new","HAARPER","33andwest","https://www.33andwest.com/music","2025-08-13",NULL
"16","new","CHRI$TIAN GATE$","33andwest","https://www.33andwest.com/music","2025-08-13",NULL
"17","new","MAYLENE & THE SONS OF DISASTER","33andwest","https://www.33andwest.com/music","2025-08-13",NULL
"18","new","EIDOLA","33andwest","https://www.33andwest.com/music","2025-08-13",NULL
"19","new","CREED BRATTON","33andwest","https://www.33andwest.com/music","2025-08-13",NULL
"20","new","SCARY KIDS SCARING KIDS","33andwest","https://www.33andwest.com/music","2025-08-13",NULL
"21","new","BRUJERIA","33andwest","https://www.33andwest.com/music","2025-08-13",NULL
"22","new","ROYAL CODA","33andwest","https://www.33andwest.com/music","2025-08-13",NULL
"23","new","DANCE GAVIN DANCE","33andwest","https://www.33andwest.com/music","2025-08-13",NULL
"24","new","PRIVATE ISLAND","33andwest","https://www.33andwest.com/music","2025-08-13",NULL
"25","new","UNCURED","33andwest","https://www.33andwest.com/music","2025-08-13",NULL
"26","new","AXTY","33andwest","https://www.33andwest.com/music","2025-08-13",NULL
"27","new","LIONS AT THE GATE","33andwest","https://www.33andwest.com/music","2025-08-13",NULL
"28","new","PARTICLE KID","33andwest","https://www.33andwest.com/music","2025-08-13",NULL
"29","new","LETLIVE.","33andwest","https://www.33andwest.com/music","2025-08-13",NULL
"30","new","ANDY FALCO","33andwest","https://www.33andwest.com/music","2025-08-13",NULL
"31","new","NAPALM DEATH","33andwest","https://www.33andwest.com/music","2025-08-13",NULL
"32","new","OZUNA","33andwest","https://www.33andwest.com/music","2025-08-13",NULL
"33","new","ATTACK ATTACK!","33andwest","https://www.33andwest.com/music","2025-08-13",NULL
"34","new","ESCAPE THE FATE","33andwest","https://www.33andwest.com/music","2025-08-13",NULL
"35","new","SWMRS","33andwest","https://www.33andwest.com/music","2025-08-13",NULL
"36","new","CORNELIUS","33andwest","https://www.33andwest.com/music","2025-08-13",NULL
"37","new","DEVOUR","33andwest","https://www.33andwest.com/music","2025-08-13",NULL
"38","new","ZHEANI","33andwest","https://www.33andwest.com/music","2025-08-13",NULL
"39","new","CAVE-IN","33andwest","https://www.33andwest.com/music","2025-08-13",NULL
"40","new","ECHOSMITH","33andwest","https://www.33andwest.com/music","2025-08-13",NULL
"41","new","KILO KISH","33andwest","https://www.33andwest.com/music","2025-08-13",NULL
"42","new","KIESZA","33andwest","https://www.33andwest.com/music","2025-08-13",NULL
"43","new","STEPHEN STANLEY","33andwest","https://www.33andwest.com/music","2025-08-13",NULL
"44","new","MY LIFE WITH THE THRILL KILL KULT","33andwest","https://www.33andwest.com/music","2025-08-13",NULL
"45","new","DEAD KENNEDYS","33andwest","https://www.33andwest.com/music","2025-08-13",NULL
"46","new","MELT-BANANA","33andwest","https://www.33andwest.com/music","2025-08-13",NULL
"47","new","MURDA BEATZ","33andwest","https://www.33andwest.com/music","2025-08-13",NULL
"48","new","BODYBOX","33andwest","https://www.33andwest.com/music","2025-08-13",NULL
"49","new","CHAOS AND CARNAGE TOUR","33andwest","https://www.33andwest.com/music","2025-08-13",NULL
"50","new","THE BUTTERTONES","33andwest","https://www.33andwest.com/music","2025-08-13",NULL
"51","new","SAINT AVANGELINE","33andwest","https://www.33andwest.com/music","2025-08-13",NULL
"52","new","CARNIFEX","33andwest","https://www.33andwest.com/music","2025-08-13",NULL
"53","new","FAIRYTALE OF NEW YORK","33andwest","https://www.33andwest.com/music","2025-08-13",NULL
"54","new","AG CLUB","33andwest","https://www.33andwest.com/music","2025-08-13",NULL
"55","new","CUMGIRL8","33andwest","https://www.33andwest.com/music","2025-08-13",NULL
"56","new","HUMANITY'S LAST BREATH","33andwest","https://www.33andwest.com/music","2025-08-13",NULL
"57","new","BLUPHORIA","33andwest","https://www.33andwest.com/music","2025-08-13",NULL
"58","new","BUTCHER BABIES","33andwest","https://www.33andwest.com/music","2025-08-13",NULL
"59","new","ENGELBERT HUMPERDINCK","33andwest","https://www.33andwest.com/music","2025-08-13",NULL
"60","new","CONVICTIONS","33andwest","https://www.33andwest.com/music","2025-08-13",NULL
"61","new","GOATWHORE","33andwest","https://www.33andwest.com/music","2025-08-13",NULL
"62","new","L.A. WITCH","33andwest","https://www.33andwest.com/music","2025-08-13",NULL
"63","new","THE POINTER SISTERS","33andwest","https://www.33andwest.com/music","2025-08-13",NULL
"64","new","ACID BATH","33andwest","https://www.33andwest.com/music","2025-08-13",NULL
"65","new","THE HAUNT","33andwest","https://www.33andwest.com/music","2025-08-13",NULL
"66","new","PRAYERS","33andwest","https://www.33andwest.com/music","2025-08-13",NULL
"67","new","CAVELERA CONSPIRACY","33andwest","https://www.33andwest.com/music","2025-08-13",NULL
"68","new","DEVORA","33andwest","https://www.33andwest.com/music","2025-08-13",NULL
"69","new","MILLINGTON","33andwest","https://www.33andwest.com/music","2025-08-13",NULL
"70","new","CROWBAR","33andwest","https://www.33andwest.com/music","2025-08-13",NULL
"71","new","LACUNA COIL","33andwest","https://www.33andwest.com/music","2025-08-13",NULL
"72","new","DHARIUS","33andwest","https://www.33andwest.com/music","2025-08-13",NULL
"73","new","RICKIE LEE JONES","33andwest","https://www.33andwest.com/music","2025-08-13",NULL
"74","new","WITHIN DESTRUCTION","33andwest","https://www.33andwest.com/music","2025-08-13",NULL
"75","new","ALAIN WHYTE","33andwest","https://www.33andwest.com/music","2025-08-13",NULL
"76","new","MODERN ENGLISH","33andwest","https://www.33andwest.com/music","2025-08-13",NULL
"77","new","ANDREW DUHON","33andwest","https://www.33andwest.com/music","2025-08-13",NULL
"78","new","SONREAL","33andwest","https://www.33andwest.com/music","2025-08-13",NULL
"79","new","GUARDIN","33andwest","https://www.33andwest.com/music","2025-08-13",NULL
"80","new","KOO KOO","33andwest","https://www.33andwest.com/music","2025-08-13",NULL
"81","new","BRYCE CRAWFORD","33andwest","https://www.33andwest.com/music","2025-08-13",NULL
"82","new","SHAWN JAMES","33andwest","https://www.33andwest.com/music","2025-08-13",NULL
"83","new","ERIC REPRID","33andwest","https://www.33andwest.com/music","2025-08-13",NULL
"84","new","MAGIC SWORD","33andwest","https://www.33andwest.com/music","2025-08-13",NULL
"85","new","FIRE FROM THE GODS","33andwest","https://www.33andwest.com/music","2025-08-13",NULL
"86","new","DEATH ANGEL","33andwest","https://www.33andwest.com/music","2025-08-13",NULL
"87","new","VOILA","33andwest","https://www.33andwest.com/music","2025-08-13",NULL
"88","new","FEVER 333","33andwest","https://www.33andwest.com/music","2025-08-13",NULL
"89","new","THE AGGROLITES","33andwest","https://www.33andwest.com/music","2025-08-13",NULL
"90","new","ARIEL PINK","33andwest","https://www.33andwest.com/music","2025-08-13",NULL
"91","new","KATE CLOVER","33andwest","https://www.33andwest.com/music","2025-08-13",NULL
"92","new","NO LOVE FOR THE MIDDLE CHILD","33andwest","https://www.33andwest.com/music","2025-08-13",NULL
"93","new","LA SANTA GRIFA","33andwest","https://www.33andwest.com/music","2025-08-13",NULL
"94","new","DANCE WITH THE DEAD","33andwest","https://www.33andwest.com/music","2025-08-13",NULL
"95","new","SUNNY WAR","33andwest","https://www.33andwest.com/music","2025-08-13",NULL
"96","new","TORNILLO","33andwest","https://www.33andwest.com/music","2025-08-13",NULL
"97","new","LONDON ON DA TRACK","33andwest","https://www.33andwest.com/music","2025-08-13",NULL
"98","new","THXSOMCH","33andwest","https://www.33andwest.com/music","2025-08-13",NULL
"99","new","NOVELISTS","33andwest","https://www.33andwest.com/music","2025-08-13",NULL
"100","new","WOLF & BEAR","33andwest","https://www.33andwest.com/music","2025-08-13",NULL
"101","new","DWELLINGS","33andwest","https://www.33andwest.com/music","2025-08-13",NULL
"102","new","JERIS JOHNSON","33andwest","https://www.33andwest.com/music","2025-08-13",NULL
"103","new","MOLLY PARDEN","atc-live","https://atc-live.com","2025-08-13",NULL
"104","new","NEW YORK","atc-live","https://atc-live.com","2025-08-13",NULL
"105","new","Ecco2k","atc-live","https://atc-live.com","2025-08-13",NULL
"106","new","Manuka Honey","atc-live","https://atc-live.com","2025-08-13",NULL
"107","new","Good Looks","atc-live","https://atc-live.com","2025-08-13",NULL
"108","new","Bo Ningen","atc-live","https://atc-live.com","2025-08-13",NULL
"109","new","Night Tapes","atc-live","https://atc-live.com","2025-08-13",NULL
"110","new","Blondshell","atc-live","https://atc-live.com","2025-08-13",NULL
"111","new","Kit Sebastian","atc-live","https://atc-live.com","2025-08-13",NULL
"112","new","Saint Clair","atc-live","https://atc-live.com","2025-08-13",NULL
"113","new","The Pastels","atc-live","https://atc-live.com","2025-08-13",NULL
"114","new","Girl Ultra","atc-live","https://atc-live.com","2025-08-13",NULL
"115","new","Miss Grit","atc-live","https://atc-live.com","2025-08-13",NULL
"116","new","Azamiah","atc-live","https://atc-live.com","2025-08-13",NULL
"117","new","Cable Ties","atc-live","https://atc-live.com","2025-08-13",NULL
"118","new","Good Neighbours","atc-live","https://atc-live.com","2025-08-13",NULL
"119","new","Welly","atc-live","https://atc-live.com","2025-08-13",NULL
"120","new","Jaakko Eino Kalevi","atc-live","https://atc-live.com","2025-08-13",NULL
"121","new","Mock Media","atc-live","https://atc-live.com","2025-08-13",NULL
"122","new","Ife Ogunjobi","atc-live","https://atc-live.com","2025-08-13",NULL
"123","new","Whitney","atc-live","https://atc-live.com","2025-08-13",NULL
"124","new","Poppy Ajudha","atc-live","https://atc-live.com","2025-08-13",NULL
"125","new","Shakka","atc-live","https://atc-live.com","2025-08-13",NULL
"126","new","TDJ","atc-live","https://atc-live.com","2025-08-13",NULL
"127","new","Fake Fruit","atc-live","https://atc-live.com","2025-08-13",NULL
"128","new","Gilla Band","atc-live","https://atc-live.com","2025-08-13",NULL
"129","new","Heart of Gold","atc-live","https://atc-live.com","2025-08-13",NULL
"130","new","Friko","atc-live","https://atc-live.com","2025-08-13",NULL
"131","new","Karpe","atc-live","https://atc-live.com","2025-08-13",NULL
"132","new","Alice Glass","atc-live","https://atc-live.com","2025-08-13",NULL
"133","new","Dora","atc-live","https://atc-live.com","2025-08-13",NULL
"134","new","Rianne Downey","atc-live","https://atc-live.com","2025-08-13",NULL
"135","new","Princess Goes","atc-live","https://atc-live.com","2025-08-13",NULL
"136","new","Theo Katzman","atc-live","https://atc-live.com","2025-08-13",NULL
"137","new","Stu Larsen","atc-live","https://atc-live.com","2025-08-13",NULL
"138","new","Annahstasia","atc-live","https://atc-live.com","2025-08-13",NULL
"139","new","Ty Segall","atc-live","https://atc-live.com","2025-08-13",NULL
"140","new","RUTHLSS","atc-live","https://atc-live.com","2025-08-13",NULL
"141","new","TOHJI","atc-live","https://atc-live.com","2025-08-13",NULL
"142","new","Aldous Harding","atc-live","https://atc-live.com","2025-08-13",NULL
"143","new","Kathleen Frances","atc-live","https://atc-live.com","2025-08-13",NULL
"144","new","Thee Marloes","atc-live","https://atc-live.com","2025-08-13",NULL
"145","new","Tyler Ramsey","atc-live","https://atc-live.com","2025-08-13",NULL
"146","new","Reuben James","atc-live","https://atc-live.com","2025-08-13",NULL
"147","new","Nothing","atc-live","https://atc-live.com","2025-08-13",NULL
"148","new","Marnie Stern","atc-live","https://atc-live.com","2025-08-13",NULL
"149","new","Rahill","atc-live","https://atc-live.com","2025-08-13",NULL
"150","new","Pale Blue Eyes","atc-live","https://atc-live.com","2025-08-13",NULL
"151","new","Anjimile","atc-live","https://atc-live.com","2025-08-13",NULL
"152","new","Marie Dahlstrom","atc-live","https://atc-live.com","2025-08-13",NULL
"153","new","The Boxer Rebellion","atc-live","https://atc-live.com","2025-08-13",NULL
"154","new","Jungle","atc-live","https://atc-live.com","2025-08-13",NULL
"155","new","Sex Week","atc-live","https://atc-live.com","2025-08-13",NULL
"156","new","Pip Blom","atc-live","https://atc-live.com","2025-08-13",NULL
"157","new","Blanck Mass","atc-live","https://atc-live.com","2025-08-13",NULL
"158","new","Car Seat Headrest","atc-live","https://atc-live.com","2025-08-13",NULL
"159","new","Jacuzzi Boys","atc-live","https://atc-live.com","2025-08-13",NULL
"160","new","Master Peace","atc-live","https://atc-live.com","2025-08-13",NULL
"161","new","G. Love & Special Sauce","atc-live","https://atc-live.com","2025-08-13",NULL
"162","new","Newton Faulkner","atc-live","https://atc-live.com","2025-08-13",NULL
"163","new","Jamila Woods","atc-live","https://atc-live.com","2025-08-13",NULL
"164","new","Seera","atc-live","https://atc-live.com","2025-08-13",NULL
"165","new","Etta Bond","atc-live","https://atc-live.com","2025-08-13",NULL
"166","new","Dan Deacon","atc-live","https://atc-live.com","2025-08-13",NULL
"167","new","BODUR","atc-live","https://atc-live.com","2025-08-13",NULL
"168","new","S.G. Goodman","atc-live","https://atc-live.com","2025-08-13",NULL
"169","new","Erika de Casier","atc-live","https://atc-live.com","2025-08-13",NULL
"170","new","PJ Harvey","atc-live","https://atc-live.com","2025-08-13",NULL
"171","new","Flyte","atc-live","https://atc-live.com","2025-08-13",NULL
"172","new","Kero Kero Bonito","atc-live","https://atc-live.com","2025-08-13",NULL
"173","new","Ayron Jones","atc-live","https://atc-live.com","2025-08-13",NULL
"174","new","Fontaines D.C.","atc-live","https://atc-live.com","2025-08-13",NULL
"175","new","SOAK","atc-live","https://atc-live.com","2025-08-13",NULL
"176","new","HYUKOH","atc-live","https://atc-live.com","2025-08-13",NULL
"177","new","Saint Raymond","atc-live","https://atc-live.com","2025-08-13",NULL
"178","new","Margaret Glaspy","atc-live","https://atc-live.com","2025-08-13",NULL
"179","new","Built To Spill","atc-live","https://atc-live.com","2025-08-13",NULL
"180","new","James Ellis Ford","atc-live","https://atc-live.com","2025-08-13",NULL
"181","new","Jeff Rosenstock","atc-live","https://atc-live.com","2025-08-13",NULL
"182","new","The Sophs","atc-live","https://atc-live.com","2025-08-13",NULL
"183","new","Langkamer","atc-live","https://atc-live.com","2025-08-13",NULL
"184","new","sim0ne","atc-live","https://atc-live.com","2025-08-13",NULL
"185","new","LYAM","atc-live","https://atc-live.com","2025-08-13",NULL
"186","new","Cat Clyde","atc-live","https://atc-live.com","2025-08-13",NULL
"187","new","RIDE","atc-live","https://atc-live.com","2025-08-13",NULL
"188","new","Falle Nioke","atc-live","https://atc-live.com","2025-08-13",NULL
"189","new","Julia Holter","atc-live","https://atc-live.com","2025-08-13",NULL
"190","new","Quarters of Change","atc-live","https://atc-live.com","2025-08-13",NULL
"191","new","Cryogeyser","atc-live","https://atc-live.com","2025-08-13",NULL
"192","new","Harrison Storm","atc-live","https://atc-live.com","2025-08-13",NULL
"193","new","Tommy Barlow","atc-live","https://atc-live.com","2025-08-13",NULL
"194","new","Passenger","atc-live","https://atc-live.com","2025-08-13",NULL
"195","new","SPIRIT OF THE BEEHIVE","atc-live","https://atc-live.com","2025-08-13",NULL
"196","new","Shortstraw.","atc-live","https://atc-live.com","2025-08-13",NULL
"197","new","Last Hounds","atc-live","https://atc-live.com","2025-08-13",NULL
"198","new","Kari Faux","atc-live","https://atc-live.com","2025-08-13",NULL
"199","new","PLK","atc-live","https://atc-live.com","2025-08-13",NULL
"200","new","Ugly","atc-live","https://atc-live.com","2025-08-13",NULL
"201","new","WU LYF","atc-live","https://atc-live.com","2025-08-13",NULL
"202","new","Malice K","atc-live","https://atc-live.com","2025-08-13",NULL
"203","new","Truck Violence","atc-live","https://atc-live.com","2025-08-13",NULL
"204","new","She Wants Revenge","atc-live","https://atc-live.com","2025-08-13",NULL
"205","new","Matthew Hall","atc-live","https://atc-live.com","2025-08-13",NULL
"206","new","Post Animal","atc-live","https://atc-live.com","2025-08-13",NULL
"207","new","Sonny & The Sunsets","atc-live","https://atc-live.com","2025-08-13",NULL
"208","new","Son Little","atc-live","https://atc-live.com","2025-08-13",NULL
"209","new","Steel Pulse","atc-live","https://atc-live.com","2025-08-13",NULL
"210","new","WAR","atc-live","https://atc-live.com","2025-08-13",NULL
"211","new","Waldo’s Gift","atc-live","https://atc-live.com","2025-08-13",NULL
"212","new","Valerie June","atc-live","https://atc-live.com","2025-08-13",NULL
"213","new","Hannah Diamond","atc-live","https://atc-live.com","2025-08-13",NULL
"214","new","The Itch","atc-live","https://atc-live.com","2025-08-13",NULL
"215","new","Iglooghost","atc-live","https://atc-live.com","2025-08-13",NULL
"216","new","Twin Atlantic","atc-live","https://atc-live.com","2025-08-13",NULL
"217","new","Film Noir","atc-live","https://atc-live.com","2025-08-13",NULL
"218","new","Willie J Healey","atc-live","https://atc-live.com","2025-08-13",NULL
"219","new","The Psychedelic Furs","atc-live","https://atc-live.com","2025-08-13",NULL
"220","new","Ishmael Ensemble","atc-live","https://atc-live.com","2025-08-13",NULL
"221","new","Trampolene","atc-live","https://atc-live.com","2025-08-13",NULL
"222","new","Connor Fyfe","atc-live","https://atc-live.com","2025-08-13",NULL
"223","new","Sam Wills","atc-live","https://atc-live.com","2025-08-13",NULL
"224","new","Findlay","atc-live","https://atc-live.com","2025-08-13",NULL
"225","new","Uffie","atc-live","https://atc-live.com","2025-08-13",NULL
"226","new","NONNE","atc-live","https://atc-live.com","2025-08-13",NULL
"227","new","EV","atc-live","https://atc-live.com","2025-08-13",NULL
"228","new","Junun","atc-live","https://atc-live.com","2025-08-13",NULL
"229","new","Nabeel","atc-live","https://atc-live.com","2025-08-13",NULL
"230","new","ratbag","atc-live","https://atc-live.com","2025-08-13",NULL
"231","new","Formal Sppeedwear","atc-live","https://atc-live.com","2025-08-13",NULL
"232","new","DoomCannon","atc-live","https://atc-live.com","2025-08-13",NULL
"233","new","Model/Actriz","atc-live","https://atc-live.com","2025-08-13",NULL
"234","new","Knats","atc-live","https://atc-live.com","2025-08-13",NULL
"235","new","Famous","atc-live","https://atc-live.com","2025-08-13",NULL
"236","new","TTRRUUCES","atc-live","https://atc-live.com","2025-08-13",NULL
"237","new","Mannequin Pussy","atc-live","https://atc-live.com","2025-08-13",NULL
"238","new","Francis of Delirium","atc-live","https://atc-live.com","2025-08-13",NULL
"239","new","Jamie Webster","atc-live","https://atc-live.com","2025-08-13",NULL
"240","new","Folly Group","atc-live","https://atc-live.com","2025-08-13",NULL
"241","new","Hundredth","atc-live","https://atc-live.com","2025-08-13",NULL
"242","new","Dead Heat","atc-live","https://atc-live.com","2025-08-13",NULL
"243","new","Michael Head & The Red Elastic Band","atc-live","https://atc-live.com","2025-08-13",NULL
"244","new","June McDoom","atc-live","https://atc-live.com","2025-08-13",NULL
"245","new","Sophia Kennedy","atc-live","https://atc-live.com","2025-08-13",NULL
"246","new","Leif Vollebekk","atc-live","https://atc-live.com","2025-08-13",NULL
"247","new","Joviale","atc-live","https://atc-live.com","2025-08-13",NULL
"248","new","Menahan Street Band","atc-live","https://atc-live.com","2025-08-13",NULL
"249","new","Watchhouse","atc-live","https://atc-live.com","2025-08-13",NULL
"250","new","Romare","atc-live","https://atc-live.com","2025-08-13",NULL
"251","new","Been Stellar","atc-live","https://atc-live.com","2025-08-13",NULL
"252","new","Brijean","atc-live","https://atc-live.com","2025-08-13",NULL
"253","new","atlgrandma","atc-live","https://atc-live.com","2025-08-13",NULL
"254","new","Nusantara Beat","atc-live","https://atc-live.com","2025-08-13",NULL
"255","new","FEET","atc-live","https://atc-live.com","2025-08-13",NULL
"256","new","Curtis Waters","atc-live","https://atc-live.com","2025-08-13",NULL
"257","new","DURAND JONES & THE INDICATIONS","atc-live","https://atc-live.com","2025-08-13",NULL
"258","new","Claud","atc-live","https://atc-live.com","2025-08-13",NULL
"259","new","holybones","atc-live","https://atc-live.com","2025-08-13",NULL
"260","new","Keaton Henson","atc-live","https://atc-live.com","2025-08-13",NULL
"261","new","Pigs Pigs Pigs Pigs Pigs Pigs Pigs","atc-live","https://atc-live.com","2025-08-13",NULL
"262","new","Crumb","atc-live","https://atc-live.com","2025-08-13",NULL
"263","new","Saint Ludo","atc-live","https://atc-live.com","2025-08-13",NULL
"264","new","Alice Low","atc-live","https://atc-live.com","2025-08-13",NULL
"265","new","Arny Margret","atc-live","https://atc-live.com","2025-08-13",NULL
"266","new","Billie Marten","atc-live","https://atc-live.com","2025-08-13",NULL
"267","new","Old Mervs","atc-live","https://atc-live.com","2025-08-13",NULL
"268","new","Husbands","atc-live","https://atc-live.com","2025-08-13",NULL
"269","new","Olivier Heim","atc-live","https://atc-live.com","2025-08-13",NULL
"270","new","Flora Cash","atc-live","https://atc-live.com","2025-08-13",NULL
"271","new","daste.","atc-live","https://atc-live.com","2025-08-13",NULL
"272","new","Monophonics","atc-live","https://atc-live.com","2025-08-13",NULL
"273","new","Robin Kester","atc-live","https://atc-live.com","2025-08-13",NULL
"274","new","Greg Mendez","atc-live","https://atc-live.com","2025-08-13",NULL
"275","new","Hinds","atc-live","https://atc-live.com","2025-08-13",NULL
"276","new","Gregory Alan Isakov","atc-live","https://atc-live.com","2025-08-13",NULL
"277","new","Gwilym Gold","atc-live","https://atc-live.com","2025-08-13",NULL
"278","new","Asha Jefferies","atc-live","https://atc-live.com","2025-08-13",NULL
"279","new","Billy Nomates","atc-live","https://atc-live.com","2025-08-13",NULL
"280","new","RVG","atc-live","https://atc-live.com","2025-08-13",NULL
"281","new","Horse Vision","atc-live","https://atc-live.com","2025-08-13",NULL
"282","new","La Cendejas","atc-live","https://atc-live.com","2025-08-13",NULL
"283","new","Divorce","atc-live","https://atc-live.com","2025-08-13",NULL
"284","new","John Carroll Kirby","atc-live","https://atc-live.com","2025-08-13",NULL
"285","new","HORSE JUMPER OF LOVE","atc-live","https://atc-live.com","2025-08-13",NULL
"286","new","PVA","atc-live","https://atc-live.com","2025-08-13",NULL
"287","new","Dream Wife","atc-live","https://atc-live.com","2025-08-13",NULL
"288","new","Mt. Joy","atc-live","https://atc-live.com","2025-08-13",NULL
"289","new","Jess Williamson","atc-live","https://atc-live.com","2025-08-13",NULL
"290","new","H. Hawkline","atc-live","https://atc-live.com","2025-08-13",NULL
"291","new","The Belair Lip Bombs","atc-live","https://atc-live.com","2025-08-13",NULL
"292","new","Beverly","atc-live","https://atc-live.com","2025-08-13",NULL
"293","new","Yuuf","atc-live","https://atc-live.com","2025-08-13",NULL
"294","new","Mac DeMarco","atc-live","https://atc-live.com","2025-08-13",NULL
"295","new","naya mö","atc-live","https://atc-live.com","2025-08-13",NULL
"296","new","Current Joys","atc-live","https://atc-live.com","2025-08-13",NULL
"297","new","Amyl and The Sniffers","atc-live","https://atc-live.com","2025-08-13",NULL
"298","new","Tucker Zimmerman","atc-live","https://atc-live.com","2025-08-13",NULL
"299","new","Grace Cummings","atc-live","https://atc-live.com","2025-08-13",NULL
"300","new","Soap & Skin","atc-live","https://atc-live.com","2025-08-13",NULL
"301","new","Cut Worms","atc-live","https://atc-live.com","2025-08-13",NULL
"302","new","Kacy Hill","atc-live","https://atc-live.com","2025-08-13",NULL
"303","new","Artan","atc-live","https://atc-live.com","2025-08-13",NULL
"304","new","Mayer Hawthorne","atc-live","https://atc-live.com","2025-08-13",NULL
"305","new","Iron & Wine","atc-live","https://atc-live.com","2025-08-13",NULL
"306","new","Body Type","atc-live","https://atc-live.com","2025-08-13",NULL
"307","new","Girl and Girl","atc-live","https://atc-live.com","2025-08-13",NULL
"308","new","Juicy Romance","atc-live","https://atc-live.com","2025-08-13",NULL
"309","new","Lettuce","atc-live","https://atc-live.com","2025-08-13",NULL
"310","new","VLURE","atc-live","https://atc-live.com","2025-08-13",NULL
"311","new","Cass McCombs","atc-live","https://atc-live.com","2025-08-13",NULL
"312","new","Deco","atc-live","https://atc-live.com","2025-08-13",NULL
"313","new","The Strumbellas","atc-live","https://atc-live.com","2025-08-13",NULL
"314","new","Admiral Fallow","atc-live","https://atc-live.com","2025-08-13",NULL
"315","new","Sarah Julia","atc-live","https://atc-live.com","2025-08-13",NULL
"316","new","Trousdale","atc-live","https://atc-live.com","2025-08-13",NULL
"317","new","The Southern River Band","atc-live","https://atc-live.com","2025-08-13",NULL
"318","new","Yassassin","atc-live","https://atc-live.com","2025-08-13",NULL
"319","new","Lucy Rose","atc-live","https://atc-live.com","2025-08-13",NULL
"320","new","Naked Giants","atc-live","https://atc-live.com","2025-08-13",NULL
"321","new","green star","atc-live","https://atc-live.com","2025-08-13",NULL
"322","new","Japanese Breakfast","atc-live","https://atc-live.com","2025-08-13",NULL
"323","new","SEAFOAM WALLS","atc-live","https://atc-live.com","2025-08-13",NULL
"324","new","The Null Club","atc-live","https://atc-live.com","2025-08-13",NULL
"325","new","Soft Loft","atc-live","https://atc-live.com","2025-08-13",NULL
"326","new","Illuminati Hotties","atc-live","https://atc-live.com","2025-08-13",NULL
"327","new","Cosmo Sheldrake","atc-live","https://atc-live.com","2025-08-13",NULL
"328","new","English Teacher","atc-live","https://atc-live.com","2025-08-13",NULL
"329","new","Theatre","atc-live","https://atc-live.com","2025-08-13",NULL
"330","new","Patience","atc-live","https://atc-live.com","2025-08-13",NULL
"331","new","Florence Sinclair","atc-live","https://atc-live.com","2025-08-13",NULL
"332","new","Sonic Reducer","atc-live","https://atc-live.com","2025-08-13",NULL
"333","new","The Sabres of Paradise","atc-live","https://atc-live.com","2025-08-13",NULL
"334","new","Rio Kosta","atc-live","https://atc-live.com","2025-08-13",NULL
"335","new","Azahriah","atc-live","https://atc-live.com","2025-08-13",NULL
"336","new","Donny Benét","atc-live","https://atc-live.com","2025-08-13",NULL
"337","new","The Magnetic Fields","atc-live","https://atc-live.com","2025-08-13",NULL
"338","new","Soapbox","atc-live","https://atc-live.com","2025-08-13",NULL
"339","new","Gentleman’s Dub Club","atc-live","https://atc-live.com","2025-08-13",NULL
"340","new","Jay Anderson","atc-live","https://atc-live.com","2025-08-13",NULL
"341","new","Wet","atc-live","https://atc-live.com","2025-08-13",NULL
"342","new","Woody","atc-live","https://atc-live.com","2025-08-13",NULL
"343","new","Christopher Owens","atc-live","https://atc-live.com","2025-08-13",NULL
"344","new","Wookie","atc-live","https://atc-live.com","2025-08-13",NULL
"345","new","Being Dead","atc-live","https://atc-live.com","2025-08-13",NULL
"346","new","Eliza McLamb","atc-live","https://atc-live.com","2025-08-13",NULL
"347","new","IN PARALLEL","atc-live","https://atc-live.com","2025-08-13",NULL
"348","new","Mechatok","atc-live","https://atc-live.com","2025-08-13",NULL
"349","new","Death From Above 1979","atc-live","https://atc-live.com","2025-08-13",NULL
"350","new","Aaron Frazer","atc-live","https://atc-live.com","2025-08-13",NULL
"351","new","Chubby and the Gang","atc-live","https://atc-live.com","2025-08-13",NULL
"352","new","Petal","atc-live","https://atc-live.com","2025-08-13",NULL
"353","new","Colony House","atc-live","https://atc-live.com","2025-08-13",NULL
"354","new","Nick Cave & The Bad Seeds","atc-live","https://atc-live.com","2025-08-13",NULL
"355","new","Darkstar","atc-live","https://atc-live.com","2025-08-13",NULL
"356","new","David Cross","atc-live","https://atc-live.com","2025-08-13",NULL
"357","new","Pure Violet","atc-live","https://atc-live.com","2025-08-13",NULL
"358","new","The Rosadocs","atc-live","https://atc-live.com","2025-08-13",NULL
"359","new","Devon Gilfillian","atc-live","https://atc-live.com","2025-08-13",NULL
"360","new","Malcolm Middleton","atc-live","https://atc-live.com","2025-08-13",NULL
"361","new","LA Priest","atc-live","https://atc-live.com","2025-08-13",NULL
"362","new","Georgia","atc-live","https://atc-live.com","2025-08-13",NULL
"363","new","Opus Kink","atc-live","https://atc-live.com","2025-08-13",NULL
"364","new","WISH YOU WERE HERE","atc-live","https://atc-live.com","2025-08-13",NULL
"365","new","Big Thief","atc-live","https://atc-live.com","2025-08-13",NULL
"366","new","Howie Lee","atc-live","https://atc-live.com","2025-08-13",NULL
"367","new","ZOLA","atc-live","https://atc-live.com","2025-08-13",NULL
"368","new","Fabiana Palladino","atc-live","https://atc-live.com","2025-08-13",NULL
"369","new","Los Bitchos","atc-live","https://atc-live.com","2025-08-13",NULL
"370","new","The Chisel","atc-live","https://atc-live.com","2025-08-13",NULL
"371","new","Butcher Brown","atc-live","https://atc-live.com","2025-08-13",NULL
"372","new","MRCY","atc-live","https://atc-live.com","2025-08-13",NULL
"373","new","Breathe Panel","atc-live","https://atc-live.com","2025-08-13",NULL
"374","new","B O D I E S","atc-live","https://atc-live.com","2025-08-13",NULL
"375","new","Alex Amen","atc-live","https://atc-live.com","2025-08-13",NULL
"376","new","Marsy","atc-live","https://atc-live.com","2025-08-13",NULL
"377","new","Angélica Garcia","atc-live","https://atc-live.com","2025-08-13",NULL
"378","new","Chanel Beads","atc-live","https://atc-live.com","2025-08-13",NULL
"379","new","Snail Mail","atc-live","https://atc-live.com","2025-08-13",NULL
"380","new","The Sheepdogs","atc-live","https://atc-live.com","2025-08-13",NULL
"381","new","Lambrini Girls","atc-live","https://atc-live.com","2025-08-13",NULL
"382","new","Sega Bodega","atc-live","https://atc-live.com","2025-08-13",NULL
"383","new","TTSSFU","atc-live","https://atc-live.com","2025-08-13",NULL
"384","new","Jazzbois","atc-live","https://atc-live.com","2025-08-13",NULL
"385","new","Bonny Light Horseman","atc-live","https://atc-live.com","2025-08-13",NULL
"386","new","Saint Phnx","atc-live","https://atc-live.com","2025-08-13",NULL
"387","new","Native James","atc-live","https://atc-live.com","2025-08-13",NULL
"388","new","Allysha Joy","atc-live","https://atc-live.com","2025-08-13",NULL
"389","new","Fruit Bats","atc-live","https://atc-live.com","2025-08-13",NULL
"390","new","Petrol Girls","atc-live","https://atc-live.com","2025-08-13",NULL
"391","new","Yard Act","atc-live","https://atc-live.com","2025-08-13",NULL
"392","new","Krush Puppies","atc-live","https://atc-live.com","2025-08-13",NULL
"393","new","Ebbb","atc-live","https://atc-live.com","2025-08-13",NULL
"394","new","Jack Valero","atc-live","https://atc-live.com","2025-08-13",NULL
"395","new","Julian Lage","atc-live","https://atc-live.com","2025-08-13",NULL
"396","new","Puma Blue","atc-live","https://atc-live.com","2025-08-13",NULL
"397","new","PISS","atc-live","https://atc-live.com","2025-08-13",NULL
"398","new","Richard Houghten","atc-live","https://atc-live.com","2025-08-13",NULL
"399","new","Julia Jacklin","atc-live","https://atc-live.com","2025-08-13",NULL
"400","new","Babygirl","atc-live","https://atc-live.com","2025-08-13",NULL
"401","new","Half Moon Run","atc-live","https://atc-live.com","2025-08-13",NULL
"402","new","Mi Casa","atc-live","https://atc-live.com","2025-08-13",NULL
"403","new","full body 2","atc-live","https://atc-live.com","2025-08-13",NULL
"404","new","Darlingside","atc-live","https://atc-live.com","2025-08-13",NULL
"405","new","Anaïs Mitchell","atc-live","https://atc-live.com","2025-08-13",NULL
"406","new","Cuco","atc-live","https://atc-live.com","2025-08-13",NULL
"407","new","Odhran Murphy","atc-live","https://atc-live.com","2025-08-13",NULL
"408","new","Miki Berenyi Trio","atc-live","https://atc-live.com","2025-08-13",NULL
"409","new","CARRTOONS","atc-live","https://atc-live.com","2025-08-13",NULL
"410","new","Bria Salmena","atc-live","https://atc-live.com","2025-08-13",NULL
"411","new","The Nude Party","atc-live","https://atc-live.com","2025-08-13",NULL
"412","new","Ulrika Spacek","atc-live","https://atc-live.com","2025-08-13",NULL
"413","new","GoldFord","atc-live","https://atc-live.com","2025-08-13",NULL
"414","new","The Deep Blue","atc-live","https://atc-live.com","2025-08-13",NULL
"415","new","Joywave","atc-live","https://atc-live.com","2025-08-13",NULL
"416","new","Black Pumas","atc-live","https://atc-live.com","2025-08-13",NULL
"417","new","CHOIR BOY","atc-live","https://atc-live.com","2025-08-13",NULL
"418","new","Deer Tick","atc-live","https://atc-live.com","2025-08-13",NULL
"419","new","Eddie Chacon","atc-live","https://atc-live.com","2025-08-13",NULL
"420","new","Titanic","atc-live","https://atc-live.com","2025-08-13",NULL
"421","new","Coucou Chloe","atc-live","https://atc-live.com","2025-08-13",NULL
"422","new","Youngs Teflon","atc-live","https://atc-live.com","2025-08-13",NULL
"423","new","Altin Gün","atc-live","https://atc-live.com","2025-08-13",NULL
"424","new","Fantastic Negrito","atc-live","https://atc-live.com","2025-08-13",NULL
"425","new","The Beths","atc-live","https://atc-live.com","2025-08-13",NULL
"426","new","The Covasettes","atc-live","https://atc-live.com","2025-08-13",NULL
"427","new","Titus Andronicus","atc-live","https://atc-live.com","2025-08-13",NULL
"428","new","Sleaford Mods","atc-live","https://atc-live.com","2025-08-13",NULL
"429","new","Girlpuppy","atc-live","https://atc-live.com","2025-08-13",NULL
"430","new","Stella Donnelly","atc-live","https://atc-live.com","2025-08-13",NULL
"431","new","CIVIC","atc-live","https://atc-live.com","2025-08-13",NULL
"432","new","Holly Macve","atc-live","https://atc-live.com","2025-08-13",NULL
"433","new","Charles Moothart","atc-live","https://atc-live.com","2025-08-13",NULL
"434","new","Mandy, Indiana","atc-live","https://atc-live.com","2025-08-13",NULL
"435","new","Thaiboy Digital","atc-live","https://atc-live.com","2025-08-13",NULL
"436","new","Mount Liberation Unlimited","atc-live","https://atc-live.com","2025-08-13",NULL
"437","new","Nation of Language","atc-live","https://atc-live.com","2025-08-13",NULL
"438","new","PXSSY PALACE","atc-live","https://atc-live.com","2025-08-13",NULL
"439","new","Cavern of Anti Matter","atc-live","https://atc-live.com","2025-08-13",NULL
"440","new","Samantha Fish","atc-live","https://atc-live.com","2025-08-13",NULL
"441","new","Soo Joo","atc-live","https://atc-live.com","2025-08-13",NULL
"442","new","The Man The Myth The Meatslab","atc-live","https://atc-live.com","2025-08-13",NULL
"443","new","They Hate Change","atc-live","https://atc-live.com","2025-08-13",NULL
"444","new","KING BOOO!","atc-live","https://atc-live.com","2025-08-13",NULL
"445","new","’68","atc-live","https://atc-live.com","2025-08-13",NULL
"446","new","Faux Real","atc-live","https://atc-live.com","2025-08-13",NULL
"447","new","Dog Race","atc-live","https://atc-live.com","2025-08-13",NULL
"448","new","Anna B Savage","atc-live","https://atc-live.com","2025-08-13",NULL
"449","new","Bricknasty","atc-live","https://atc-live.com","2025-08-13",NULL
"450","new","Floodlights","atc-live","https://atc-live.com","2025-08-13",NULL
"451","new","Mali Velasquez","atc-live","https://atc-live.com","2025-08-13",NULL
"452","new","Faye Webster","atc-live","https://atc-live.com","2025-08-13",NULL
"453","new","The KVB","atc-live","https://atc-live.com","2025-08-13",NULL
"454","new","Special Interest","atc-live","https://atc-live.com","2025-08-13",NULL
"455","new","Meyy","atc-live","https://atc-live.com","2025-08-13",NULL
"456","new","Curtisy","atc-live","https://atc-live.com","2025-08-13",NULL
"457","new","Teenage Wrist","atc-live","https://atc-live.com","2025-08-13",NULL
"458","new","Mabe Fratti","atc-live","https://atc-live.com","2025-08-13",NULL
"459","new","Temples","atc-live","https://atc-live.com","2025-08-13",NULL
"460","new","Nourished By Time","atc-live","https://atc-live.com","2025-08-13",NULL
"461","new","Squid","atc-live","https://atc-live.com","2025-08-13",NULL
"462","new","Total Tommy","atc-live","https://atc-live.com","2025-08-13",NULL
"463","new","ARY","atc-live","https://atc-live.com","2025-08-13",NULL
"464","new","Loods","atc-live","https://atc-live.com","2025-08-13",NULL
"465","new","The Orchestra (For Now)","atc-live","https://atc-live.com","2025-08-13",NULL
"466","new","Cosmorat","atc-live","https://atc-live.com","2025-08-13",NULL
"467","new","Debby Friday","atc-live","https://atc-live.com","2025-08-13",NULL
"468","new","Baby Lasagna","atc-live","https://atc-live.com","2025-08-13",NULL
"469","new","Nikki Nair","atc-live","https://atc-live.com","2025-08-13",NULL
"470","new","Re-TROS","atc-live","https://atc-live.com","2025-08-13",NULL
"471","new","The Temperance Movement","atc-live","https://atc-live.com","2025-08-13",NULL
"472","new","Iona Zajac","atc-live","https://atc-live.com","2025-08-13",NULL
"473","new","Jasmine Jethwa","atc-live","https://atc-live.com","2025-08-13",NULL
"474","new","Gouge Away","atc-live","https://atc-live.com","2025-08-13",NULL
"475","new","MØ","atc-live","https://atc-live.com","2025-08-13",NULL
"476","new","Kid Kapichi","atc-live","https://atc-live.com","2025-08-13",NULL
"477","new","The Budos Band","atc-live","https://atc-live.com","2025-08-13",NULL
"478","new","Shovels and Rope","atc-live","https://atc-live.com","2025-08-13",NULL
"479","new","The Umlauts","atc-live","https://atc-live.com","2025-08-13",NULL
"480","new","L’Rain","atc-live","https://atc-live.com","2025-08-13",NULL
"481","new","Elsy Wameyo","atc-live","https://atc-live.com","2025-08-13",NULL
"482","new","O.","atc-live","https://atc-live.com","2025-08-13",NULL
"483","new","Proph","atc-live","https://atc-live.com","2025-08-13",NULL
"484","new","Folk Bitch Trio","atc-live","https://atc-live.com","2025-08-13",NULL
"485","new","Simian Mobile Disco","atc-live","https://atc-live.com","2025-08-13",NULL
"486","new","Ordley","atc-live","https://atc-live.com","2025-08-13",NULL
"487","new","Cate Le Bon","atc-live","https://atc-live.com","2025-08-13",NULL
"488","new","Office Dog","atc-live","https://atc-live.com","2025-08-13",NULL
"489","new","SASAMI","atc-live","https://atc-live.com","2025-08-13",NULL
"490","new","Caroline Rose","atc-live","https://atc-live.com","2025-08-13",NULL
"491","new","Skinshape","atc-live","https://atc-live.com","2025-08-13",NULL
"492","new","Upchuck","atc-live","https://atc-live.com","2025-08-13",NULL
"493","new","Press Club","atc-live","https://atc-live.com","2025-08-13",NULL
"494","new","Control Top","atc-live","https://atc-live.com","2025-08-13",NULL
"495","new","Floral Image","atc-live","https://atc-live.com","2025-08-13",NULL
"496","new","I Monster","atc-live","https://atc-live.com","2025-08-13",NULL
"497","new","FUZION","atc-live","https://atc-live.com","2025-08-13",NULL
"498","new","Kiss Facility","atc-live","https://atc-live.com","2025-08-13",NULL
"499","new","Princess Superstar","atc-live","https://atc-live.com","2025-08-13",NULL
"500","new","Arab Strap","atc-live","https://atc-live.com","2025-08-13",NULL
"501","new","OFF!","atc-live","https://atc-live.com","2025-08-13",NULL
"502","new","Okvsho","atc-live","https://atc-live.com","2025-08-13",NULL
"503","new","Wallis","atc-live","https://atc-live.com","2025-08-13",NULL
"504","new","Beach Fossils","atc-live","https://atc-live.com","2025-08-13",NULL
"505","new","TORCHE","atc-live","https://atc-live.com","2025-08-13",NULL
"506","new","NARROW HEAD","atc-live","https://atc-live.com","2025-08-13",NULL
"507","new","Hurray for the Riff Raff","atc-live","https://atc-live.com","2025-08-13",NULL
"508","new","Conner Youngblood","atc-live","https://atc-live.com","2025-08-13",NULL
"509","new","cumgirl8","atc-live","https://atc-live.com","2025-08-13",NULL
"510","new","DRIIA","atc-live","https://atc-live.com","2025-08-13",NULL
"511","new","Hex Girlfriend","atc-live","https://atc-live.com","2025-08-13",NULL
"512","new","The Lumineers","atc-live","https://atc-live.com","2025-08-13",NULL
"513","new","Joshua Radin","atc-live","https://atc-live.com","2025-08-13",NULL
"514","new","Ratboys","atc-live","https://atc-live.com","2025-08-13",NULL
"515","new","Strongboi","atc-live","https://atc-live.com","2025-08-13",NULL
"516","new","Roosevelt","atc-live","https://atc-live.com","2025-08-13",NULL
"517","new","Adult DVD","atc-live","https://atc-live.com","2025-08-13",NULL
"518","new","Peter Xan","atc-live","https://atc-live.com","2025-08-13",NULL
"519","new","STRFKR","atc-live","https://atc-live.com","2025-08-13",NULL
"520","new","Black Midi","atc-live","https://atc-live.com","2025-08-13",NULL
"521","new","Water From Your Eyes","atc-live","https://atc-live.com","2025-08-13",NULL
"522","new","Crystal Tides","atc-live","https://atc-live.com","2025-08-13",NULL
"523","new","Crystal Fighters","atc-live","https://atc-live.com","2025-08-13",NULL
"524","new","Zsela","atc-live","https://atc-live.com","2025-08-13",NULL
"525","new","Marlon Williams","atc-live","https://atc-live.com","2025-08-13",NULL
"526","new","Mên An Tol","atc-live","https://atc-live.com","2025-08-13",NULL
"527","new","Snuggle","atc-live","https://atc-live.com","2025-08-13",NULL
"528","new","Adore","atc-live","https://atc-live.com","2025-08-13",NULL
"529","new","JJ Grey & Mofro","atc-live","https://atc-live.com","2025-08-13",NULL
"530","new","Katy J Pearson","atc-live","https://atc-live.com","2025-08-13",NULL
"531","new","UNIVERSITY","atc-live","https://atc-live.com","2025-08-13",NULL
"532","new","Fink","atc-live","https://atc-live.com","2025-08-13",NULL
"533","new","Nick Cave","atc-live","https://atc-live.com","2025-08-13",NULL
"534","new","Old Sea Brigade","atc-live","https://atc-live.com","2025-08-13",NULL
"535","new","Wu-Lu","atc-live","https://atc-live.com","2025-08-13",NULL
"536","new","Black Country, New Road","atc-live","https://atc-live.com","2025-08-13",NULL
"537","new","Katie Malco","atc-live","https://atc-live.com","2025-08-13",NULL
"538","new","LA LOM","atc-live","https://atc-live.com","2025-08-13",NULL
"539","new","The Comfort","atc-live","https://atc-live.com","2025-08-13",NULL
"540","new","Bingo Fury","atc-live","https://atc-live.com","2025-08-13",NULL
"541","new","Yin Yin","atc-live","https://atc-live.com","2025-08-13",NULL
"542","new","Makeshift Art Bar","atc-live","https://atc-live.com","2025-08-13",NULL
"543","new","Curtis Harding","atc-live","https://atc-live.com","2025-08-13",NULL
"544","new","Glasvegas","atc-live","https://atc-live.com","2025-08-13",NULL
"545","new","Broadside Hacks","atc-live","https://atc-live.com","2025-08-13",NULL
"546","new","Loverman","atc-live","https://atc-live.com","2025-08-13",NULL
"547","new","Sloucho","atc-live","https://atc-live.com","2025-08-13",NULL
"548","new","Natalie Prass","atc-live","https://atc-live.com","2025-08-13",NULL
"549","new","Rosie Alena","atc-live","https://atc-live.com","2025-08-13",NULL
"550","new","RABBITFOOT","atc-live","https://atc-live.com","2025-08-13",NULL
"551","new","ANNA VON HAUSSWOLFF","atc-live","https://atc-live.com","2025-08-13",NULL
"552","new","Anna Meredith","atc-live","https://atc-live.com","2025-08-13",NULL
"553","new","Casey Lowery","atc-live","https://atc-live.com","2025-08-13",NULL
"554","new","ANNABEL STOP IT","atc-live","https://atc-live.com","2025-08-13",NULL
"555","new","Drax Project","atc-live","https://atc-live.com","2025-08-13",NULL
"556","new","Bulgarian Cartrader","atc-live","https://atc-live.com","2025-08-13",NULL
"557","new","Yaya Bey","atc-live","https://atc-live.com","2025-08-13",NULL
"558","new","The Moss","atc-live","https://atc-live.com","2025-08-13",NULL
"559","new","The Parrots","atc-live","https://atc-live.com","2025-08-13",NULL
"560","new","Pixel Grip","atc-live","https://atc-live.com","2025-08-13",NULL
"561","new","Courting","atc-live","https://atc-live.com","2025-08-13",NULL
"562","new","Zella Day","atc-live","https://atc-live.com","2025-08-13",NULL
"563","new","Charlotte OC","atc-live","https://atc-live.com","2025-08-13",NULL
"564","new","Fenne Lily","atc-live","https://atc-live.com","2025-08-13",NULL
"565","new","ENOLA","atc-live","https://atc-live.com","2025-08-13",NULL
"566","new","ANAVITÓRIA","atc-live","https://atc-live.com","2025-08-13",NULL
"567","new","Sextile","atc-live","https://atc-live.com","2025-08-13",NULL
"568","new","deep tan","atc-live","https://atc-live.com","2025-08-13",NULL
"569","new","Tropical Fuck Storm","atc-live","https://atc-live.com","2025-08-13",NULL
"570","new","Shakey Graves","atc-live","https://atc-live.com","2025-08-13",NULL
"571","new","Bad Suns","atc-live","https://atc-live.com","2025-08-13",NULL
"572","new","Hannah Jadagu","atc-live","https://atc-live.com","2025-08-13",NULL
"573","new","María Escarmiento","atc-live","https://atc-live.com","2025-08-13",NULL
"574","new","Joshua Idehen","atc-live","https://atc-live.com","2025-08-13",NULL
"575","new","Kid Francescoli","atc-live","https://atc-live.com","2025-08-13",NULL
"576","new","Pinegrove","atc-live","https://atc-live.com","2025-08-13",NULL
"577","new","Alex Cameron","atc-live","https://atc-live.com","2025-08-13",NULL
"578","new","DEADLETTER","atc-live","https://atc-live.com","2025-08-13",NULL
"579","new","Yellow Days","atc-live","https://atc-live.com","2025-08-13",NULL
"580","new","Resavoir","atc-live","https://atc-live.com","2025-08-13",NULL
"581","new","Surf Curse","atc-live","https://atc-live.com","2025-08-13",NULL
"582","new","King Stingray","atc-live","https://atc-live.com","2025-08-13",NULL
"583","new","Jadu Heart","atc-live","https://atc-live.com","2025-08-13",NULL
"584","new","Spellling","atc-live","https://atc-live.com","2025-08-13",NULL
"585","new","MATA","atc-live","https://atc-live.com","2025-08-13",NULL
"586","new","Good Morning","atc-live","https://atc-live.com","2025-08-13",NULL
"587","new","Brodie Milner","atc-live","https://atc-live.com","2025-08-13",NULL
"588","new","Hollie Cook","atc-live","https://atc-live.com","2025-08-13",NULL
"589","new","Storefront Church","atc-live","https://atc-live.com","2025-08-13",NULL
"590","new","Fickle Friends","atc-live","https://atc-live.com","2025-08-13",NULL
"591","new","Los Campesinos!","atc-live","https://atc-live.com","2025-08-13",NULL
"592","new","Larkin Poe","atc-live","https://atc-live.com","2025-08-13",NULL
"593","new","CUPIDON","atc-live","https://atc-live.com","2025-08-13",NULL
"594","new","Chelsea Manning","atc-live","https://atc-live.com","2025-08-13",NULL
"595","new","Angel Du$t","atc-live","https://atc-live.com","2025-08-13",NULL
"596","new","The Sherlocks","atc-live","https://atc-live.com","2025-08-13",NULL
"597","new","voyeur","atc-live","https://atc-live.com","2025-08-13",NULL
"598","new","Lottery Winners","atc-live","https://atc-live.com","2025-08-13",NULL
"599","new","Dargz","atc-live","https://atc-live.com","2025-08-13",NULL
"600","new","SPRINTS","atc-live","https://atc-live.com","2025-08-13",NULL
"601","new","Ragz Originale","atc-live","https://atc-live.com","2025-08-13",NULL
"602","new","This Is Lorelei","atc-live","https://atc-live.com","2025-08-13",NULL
"603","new","DICE","atc-live","https://atc-live.com","2025-08-13",NULL
"604","new","Metronomy","atc-live","https://atc-live.com","2025-08-13",NULL
"605","new","Cassandra Jenkins","atc-live","https://atc-live.com","2025-08-13",NULL
"606","new","BURNING SPEAR","atc-live","https://atc-live.com","2025-08-13",NULL
"607","new","Shame","atc-live","https://atc-live.com","2025-08-13",NULL
"608","new","ISE","atc-live","https://atc-live.com","2025-08-13",NULL
"609","new","Christian Lee Hutson","atc-live","https://atc-live.com","2025-08-13",NULL
"610","new","Black Marble","atc-live","https://atc-live.com","2025-08-13",NULL
"611","new","Tay Jordan","atc-live","https://atc-live.com","2025-08-13",NULL
"612","new","Jamie Leeming","atc-live","https://atc-live.com","2025-08-13",NULL
"613","new","Jeremie Albino","atc-live","https://atc-live.com","2025-08-13",NULL
"614","new","The Rolling People","atc-live","https://atc-live.com","2025-08-13",NULL
"615","new","Sophie Hunger","atc-live","https://atc-live.com","2025-08-13",NULL
"616","new","Horsegirl","atc-live","https://atc-live.com","2025-08-13",NULL
"617","new","Lutalo","atc-live","https://atc-live.com","2025-08-13",NULL
"618","new","just lil","atc-live","https://atc-live.com","2025-08-13",NULL
"619","new","Slow Dancer","atc-live","https://atc-live.com","2025-08-13",NULL
"620","new","The Bobby Lees","atc-live","https://atc-live.com","2025-08-13",NULL
"621","new","Sean Solomon","atc-live","https://atc-live.com","2025-08-13",NULL
"622","new","Astles","atc-live","https://atc-live.com","2025-08-13",NULL
"623","new","Frankie Cosmos","atc-live","https://atc-live.com","2025-08-13",NULL
"624","new","Sorry","atc-live","https://atc-live.com","2025-08-13",NULL
"625","new","Braxton Cook","atc-live","https://atc-live.com","2025-08-13",NULL
"626","new","Atmosphere","atc-live","https://atc-live.com","2025-08-13",NULL
"627","new","MORN","atc-live","https://atc-live.com","2025-08-13",NULL
"628","new","The Dreggs","atc-live","https://atc-live.com","2025-08-13",NULL
"629","new","Connan Mockasin","atc-live","https://atc-live.com","2025-08-13",NULL
"630","new","Laura Elliott","atc-live","https://atc-live.com","2025-08-13",NULL
"631","new","The Stingrays","atc-live","https://atc-live.com","2025-08-13",NULL
"632","new","Royel Otis","atc-live","https://atc-live.com","2025-08-13",NULL
"633","new","Baxter Dury","atc-live","https://atc-live.com","2025-08-13",NULL
"634","new","La Colonie De Vacances","atc-live","https://atc-live.com","2025-08-13",NULL
"635","new","Westside Cowboy","atc-live","https://atc-live.com","2025-08-13",NULL
"636","new","Emmanuel Kelly","atc-live","https://atc-live.com","2025-08-13",NULL
"637","new","MISOGI","atc-live","https://atc-live.com","2025-08-13",NULL
"638","new","Les Imprimes","atc-live","https://atc-live.com","2025-08-13",NULL
"639","new","Adrianne Lenker","atc-live","https://atc-live.com","2025-08-13",NULL
"640","new","Tyler Ballgame","atc-live","https://atc-live.com","2025-08-13",NULL
"641","new","Glen Hansard","atc-live","https://atc-live.com","2025-08-13",NULL
"642","new","Benefits","atc-live","https://atc-live.com","2025-08-13",NULL
"643","new","Yves Jarvis","atc-live","https://atc-live.com","2025-08-13",NULL
"644","new","Disgusting Sisters","atc-live","https://atc-live.com","2025-08-13",NULL
"645","new","Max Greenfield","chameleon.unitedtalent","https://chameleon.unitedtalent.com","2025-08-13",NULL
"646","new","Josh Peck","chameleon.unitedtalent","https://chameleon.unitedtalent.com","2025-08-13",NULL
"647","new","Kate Snow","chameleon.unitedtalent","https://chameleon.unitedtalent.com","2025-08-13",NULL
"648","new","Porsha Williams","chameleon.unitedtalent","https://chameleon.unitedtalent.com","2025-08-13",NULL
"649","new","Rupi Kaur","chameleon.unitedtalent","https://chameleon.unitedtalent.com","2025-08-13",NULL
"650","new","Reid Hoffman","chameleon.unitedtalent","https://chameleon.unitedtalent.com","2025-08-13",NULL
"651","new","Jason Alexander","chameleon.unitedtalent","https://chameleon.unitedtalent.com","2025-08-13",NULL
"652","new","Erin Lee Carr","chameleon.unitedtalent","https://chameleon.unitedtalent.com","2025-08-13",NULL
"653","new","Karlie Kloss","chameleon.unitedtalent","https://chameleon.unitedtalent.com","2025-08-13",NULL
"654","new","Alex Cooper","chameleon.unitedtalent","https://chameleon.unitedtalent.com","2025-08-13",NULL
"655","new","Emily Giffin","chameleon.unitedtalent","https://chameleon.unitedtalent.com","2025-08-13",NULL
"656","new","Rashida Jones","chameleon.unitedtalent","https://chameleon.unitedtalent.com","2025-08-13",NULL
"657","new","Dr. Aliza Pressman","chameleon.unitedtalent","https://chameleon.unitedtalent.com","2025-08-13",NULL
"658","new","Jessica Alba","chameleon.unitedtalent","https://chameleon.unitedtalent.com","2025-08-13",NULL
"659","new","Clint Watts","chameleon.unitedtalent","https://chameleon.unitedtalent.com","2025-08-13",NULL
"660","new","Eugene Levy","chameleon.unitedtalent","https://chameleon.unitedtalent.com","2025-08-13",NULL
"661","new","Arsema Thomas","chameleon.unitedtalent","https://chameleon.unitedtalent.com","2025-08-13",NULL
"662","new","Alicia Vikander","chameleon.unitedtalent","https://chameleon.unitedtalent.com","2025-08-13",NULL
"663","new","Jeffrey Rosen","chameleon.unitedtalent","https://chameleon.unitedtalent.com","2025-08-13",NULL
"664","new","Molly Shannon","chameleon.unitedtalent","https://chameleon.unitedtalent.com","2025-08-13",NULL
"665","new","Esera Tuaolo","chameleon.unitedtalent","https://chameleon.unitedtalent.com","2025-08-13",NULL
"666","new","Laura Prepon","chameleon.unitedtalent","https://chameleon.unitedtalent.com","2025-08-13",NULL
"667","new","Bethenny Frankel","chameleon.unitedtalent","https://chameleon.unitedtalent.com","2025-08-13",NULL
"668","new","Rep. Adam Kinzinger","chameleon.unitedtalent","https://chameleon.unitedtalent.com","2025-08-13",NULL
"669","new","Richard Lui","chameleon.unitedtalent","https://chameleon.unitedtalent.com","2025-08-13",NULL
"670","new","Tamsen Fadal","chameleon.unitedtalent","https://chameleon.unitedtalent.com","2025-08-13",NULL
"671","new","will.i.am","chameleon.unitedtalent","https://chameleon.unitedtalent.com","2025-08-13",NULL
"672","new","John Boyega","chameleon.unitedtalent","https://chameleon.unitedtalent.com","2025-08-13",NULL
"673","new","Paul Rudd","chameleon.unitedtalent","https://chameleon.unitedtalent.com","2025-08-13",NULL
"674","new","General Wesley Clark","chameleon.unitedtalent","https://chameleon.unitedtalent.com","2025-08-13",NULL
"675","new","Pinky Cole Hayes","chameleon.unitedtalent","https://chameleon.unitedtalent.com","2025-08-13",NULL
"676","new","Dhani Jones","chameleon.unitedtalent","https://chameleon.unitedtalent.com","2025-08-13",NULL
"677","new","Bobbi Brown","chameleon.unitedtalent","https://chameleon.unitedtalent.com","2025-08-13",NULL
"678","new","Michelle Williams","chameleon.unitedtalent","https://chameleon.unitedtalent.com","2025-08-13",NULL
"679","new","Liev Schreiber","chameleon.unitedtalent","https://chameleon.unitedtalent.com","2025-08-13",NULL
"680","new","Tania Boler","chameleon.unitedtalent","https://chameleon.unitedtalent.com","2025-08-13",NULL
"681","new","Robert Herjavec","chameleon.unitedtalent","https://chameleon.unitedtalent.com","2025-08-13",NULL
"682","new","Julianne Hough","chameleon.unitedtalent","https://chameleon.unitedtalent.com","2025-08-13",NULL
"683","new","Matt Gutman","chameleon.unitedtalent","https://chameleon.unitedtalent.com","2025-08-13",NULL
"684","new","Emily Anhalt","chameleon.unitedtalent","https://chameleon.unitedtalent.com","2025-08-13",NULL
"685","new","Uzo Aduba","chameleon.unitedtalent","https://chameleon.unitedtalent.com","2025-08-13",NULL
"686","new","Mark Bertolini","chameleon.unitedtalent","https://chameleon.unitedtalent.com","2025-08-13",NULL
"687","new","Dr. Phil McGraw","chameleon.unitedtalent","https://chameleon.unitedtalent.com","2025-08-13",NULL
"688","new","Chris Duffy","chameleon.unitedtalent","https://chameleon.unitedtalent.com","2025-08-13",NULL
"689","new","Daryl Morey","chameleon.unitedtalent","https://chameleon.unitedtalent.com","2025-08-13",NULL
"690","new","Sean Tuohy","chameleon.unitedtalent","https://chameleon.unitedtalent.com","2025-08-13",NULL
"691","new","Steve Eisman","chameleon.unitedtalent","https://chameleon.unitedtalent.com","2025-08-13",NULL
"692","new","Sean Hayes","chameleon.unitedtalent","https://chameleon.unitedtalent.com","2025-08-13",NULL
"693","new","Codie Sanchez","chameleon.unitedtalent","https://chameleon.unitedtalent.com","2025-08-13",NULL
"694","new","Sean & Leigh Anne Tuohy","chameleon.unitedtalent","https://chameleon.unitedtalent.com","2025-08-13",NULL
"695","new","Steve Kroft","chameleon.unitedtalent","https://chameleon.unitedtalent.com","2025-08-13",NULL
"696","new","Paris Hilton","chameleon.unitedtalent","https://chameleon.unitedtalent.com","2025-08-13",NULL
"697","new","Jen Psaki","chameleon.unitedtalent","https://chameleon.unitedtalent.com","2025-08-13",NULL
"698","new","Kier Gaines","chameleon.unitedtalent","https://chameleon.unitedtalent.com","2025-08-13",NULL
"699","new","Jonathan Alter","chameleon.unitedtalent","https://chameleon.unitedtalent.com","2025-08-13",NULL
"700","new","Harriet A. Washington","chameleon.unitedtalent","https://chameleon.unitedtalent.com","2025-08-13",NULL
"701","new","Mark Ruffalo","chameleon.unitedtalent","https://chameleon.unitedtalent.com","2025-08-13",NULL
"702","new","Jason Segel","chameleon.unitedtalent","https://chameleon.unitedtalent.com","2025-08-13",NULL
"703","new","Jennifer Weiner","chameleon.unitedtalent","https://chameleon.unitedtalent.com","2025-08-13",NULL
"704","new","LeSean McCoy","chameleon.unitedtalent","https://chameleon.unitedtalent.com","2025-08-13",NULL
"705","new","Cathy Hackl","chameleon.unitedtalent","https://chameleon.unitedtalent.com","2025-08-13",NULL
"706","new","Seth Meyers","chameleon.unitedtalent","https://chameleon.unitedtalent.com","2025-08-13",NULL
"707","new","Joanna Stern","chameleon.unitedtalent","https://chameleon.unitedtalent.com","2025-08-13",NULL
"708","new","Elizabeth Smart","chameleon.unitedtalent","https://chameleon.unitedtalent.com","2025-08-13",NULL
"709","new","Alyssa London","chameleon.unitedtalent","https://chameleon.unitedtalent.com","2025-08-13",NULL
"710","new","Kelsey Grammer","chameleon.unitedtalent","https://chameleon.unitedtalent.com","2025-08-13",NULL
"711","new","Jo Ling Kent","chameleon.unitedtalent","https://chameleon.unitedtalent.com","2025-08-13",NULL
"712","new","Everette Taylor","chameleon.unitedtalent","https://chameleon.unitedtalent.com","2025-08-13",NULL
"713","new","Robert Griffin III","chameleon.unitedtalent","https://chameleon.unitedtalent.com","2025-08-13",NULL
"714","new","Zack Kass","chameleon.unitedtalent","https://chameleon.unitedtalent.com","2025-08-13",NULL
"715","new","Rich Eisen","chameleon.unitedtalent","https://chameleon.unitedtalent.com","2025-08-13",NULL
"716","new","Christina Aguilera","chameleon.unitedtalent","https://chameleon.unitedtalent.com","2025-08-13",NULL
"717","new","Douglas Murray","chameleon.unitedtalent","https://chameleon.unitedtalent.com","2025-08-13",NULL
"718","new","Megan Twohey","chameleon.unitedtalent","https://chameleon.unitedtalent.com","2025-08-13",NULL
"719","new","Jim Harbaugh","chameleon.unitedtalent","https://chameleon.unitedtalent.com","2025-08-13",NULL
"720","new","Robyn DelMonte (GirlBossTown)","chameleon.unitedtalent","https://chameleon.unitedtalent.com","2025-08-13",NULL
"721","new","Steve Murphy & Javier F. Peña","chameleon.unitedtalent","https://chameleon.unitedtalent.com","2025-08-13",NULL
"722","new","Loni Love","chameleon.unitedtalent","https://chameleon.unitedtalent.com","2025-08-13",NULL
"723","new","Sara Blakely","chameleon.unitedtalent","https://chameleon.unitedtalent.com","2025-08-13",NULL
"724","new","Mike Darnell","chameleon.unitedtalent","https://chameleon.unitedtalent.com","2025-08-13",NULL
"725","new","Olivia Julianna","chameleon.unitedtalent","https://chameleon.unitedtalent.com","2025-08-13",NULL
"726","new","Patrick Ruffini","chameleon.unitedtalent","https://chameleon.unitedtalent.com","2025-08-13",NULL
"727","new","Marianna Hewitt","chameleon.unitedtalent","https://chameleon.unitedtalent.com","2025-08-13",NULL
"728","new","Robin Arzon","chameleon.unitedtalent","https://chameleon.unitedtalent.com","2025-08-13",NULL
"729","new","Wilmer Valderrama","chameleon.unitedtalent","https://chameleon.unitedtalent.com","2025-08-13",NULL
"730","new","Chaz Bono","chameleon.unitedtalent","https://chameleon.unitedtalent.com","2025-08-13",NULL
"731","new","Michaela Jaé Rodriguez","chameleon.unitedtalent","https://chameleon.unitedtalent.com","2025-08-13",NULL
"732","new","Jonna Mendez","chameleon.unitedtalent","https://chameleon.unitedtalent.com","2025-08-13",NULL
"733","new","Ron Paul","chameleon.unitedtalent","https://chameleon.unitedtalent.com","2025-08-13",NULL
"734","new","Aurora James","chameleon.unitedtalent","https://chameleon.unitedtalent.com","2025-08-13",NULL
"735","new","Heidi Schreck","chameleon.unitedtalent","https://chameleon.unitedtalent.com","2025-08-13",NULL
"736","new","Zainab Salbi","chameleon.unitedtalent","https://chameleon.unitedtalent.com","2025-08-13",NULL
"737","new","Brad Stone","chameleon.unitedtalent","https://chameleon.unitedtalent.com","2025-08-13",NULL
"738","new","Danny Glover","chameleon.unitedtalent","https://chameleon.unitedtalent.com","2025-08-13",NULL
"739","new","Ke Huy Quan","chameleon.unitedtalent","https://chameleon.unitedtalent.com","2025-08-13",NULL
"740","new","Mosab Hassan Yousef","chameleon.unitedtalent","https://chameleon.unitedtalent.com","2025-08-13",NULL
"741","new","Max Brooks","chameleon.unitedtalent","https://chameleon.unitedtalent.com","2025-08-13",NULL
"742","new","Mary Steenburgen","chameleon.unitedtalent","https://chameleon.unitedtalent.com","2025-08-13",NULL
"743","new","Don Cheadle","chameleon.unitedtalent","https://chameleon.unitedtalent.com","2025-08-13",NULL
"744","new","Joanna Coles","chameleon.unitedtalent","https://chameleon.unitedtalent.com","2025-08-13",NULL
"745","new","Brooke Shields","chameleon.unitedtalent","https://chameleon.unitedtalent.com","2025-08-13",NULL
"746","new","Mona Chalabi","chameleon.unitedtalent","https://chameleon.unitedtalent.com","2025-08-13",NULL
"747","new","Tara Lipinski","chameleon.unitedtalent","https://chameleon.unitedtalent.com","2025-08-13",NULL
"748","new","Daniel Dae Kim","chameleon.unitedtalent","https://chameleon.unitedtalent.com","2025-08-13",NULL
"749","new","Dylan Dreyer","chameleon.unitedtalent","https://chameleon.unitedtalent.com","2025-08-13",NULL
"750","new","Colin and Samir","chameleon.unitedtalent","https://chameleon.unitedtalent.com","2025-08-13",NULL
"751","new","Luma Mufleh","chameleon.unitedtalent","https://chameleon.unitedtalent.com","2025-08-13",NULL
"752","new","Ben Proudfoot","chameleon.unitedtalent","https://chameleon.unitedtalent.com","2025-08-13",NULL
"753","new","Derek Hough","chameleon.unitedtalent","https://chameleon.unitedtalent.com","2025-08-13",NULL
"754","new","Bill Nye","chameleon.unitedtalent","https://chameleon.unitedtalent.com","2025-08-13",NULL
"755","new","Clea Shearer","chameleon.unitedtalent","https://chameleon.unitedtalent.com","2025-08-13",NULL
"756","new","Phoebe Waller-Bridge","chameleon.unitedtalent","https://chameleon.unitedtalent.com","2025-08-13",NULL
"757","new","Sissy Spacek","chameleon.unitedtalent","https://chameleon.unitedtalent.com","2025-08-13",NULL
"758","new","Nick Offerman","chameleon.unitedtalent","https://chameleon.unitedtalent.com","2025-08-13",NULL
"759","new","Jon M. Chu","chameleon.unitedtalent","https://chameleon.unitedtalent.com","2025-08-13",NULL
"760","new","Sebastian Maniscalco","chameleon.unitedtalent","https://chameleon.unitedtalent.com","2025-08-13",NULL
"761","new","Rebecca Hinds","chameleon.unitedtalent","https://chameleon.unitedtalent.com","2025-08-13",NULL
"762","new","Norah O'Donnell","chameleon.unitedtalent","https://chameleon.unitedtalent.com","2025-08-13",NULL
"763","new","John Leguizamo","chameleon.unitedtalent","https://chameleon.unitedtalent.com","2025-08-13",NULL
"764","new","Bob Harper","chameleon.unitedtalent","https://chameleon.unitedtalent.com","2025-08-13",NULL
"765","new","Dr. Kate Biberdorf","chameleon.unitedtalent","https://chameleon.unitedtalent.com","2025-08-13",NULL
"766","new","Paula Zahn","chameleon.unitedtalent","https://chameleon.unitedtalent.com","2025-08-13",NULL
"767","new","Ali Wong","chameleon.unitedtalent","https://chameleon.unitedtalent.com","2025-08-13",NULL
"768","new","Mike White","chameleon.unitedtalent","https://chameleon.unitedtalent.com","2025-08-13",NULL
"769","new","Dr. Suzanne Gilberg-Lenz","chameleon.unitedtalent","https://chameleon.unitedtalent.com","2025-08-13",NULL
"770","new","Leighton Meester","chameleon.unitedtalent","https://chameleon.unitedtalent.com","2025-08-13",NULL
"771","new","Keke Palmer","chameleon.unitedtalent","https://chameleon.unitedtalent.com","2025-08-13",NULL
"772","new","Ian Beacraft","chameleon.unitedtalent","https://chameleon.unitedtalent.com","2025-08-13",NULL
"773","new","Kel Mitchell","chameleon.unitedtalent","https://chameleon.unitedtalent.com","2025-08-13",NULL
"774","new","Sara Jane Ho","chameleon.unitedtalent","https://chameleon.unitedtalent.com","2025-08-13",NULL
"775","new","Tony Gonzalez","chameleon.unitedtalent","https://chameleon.unitedtalent.com","2025-08-13",NULL
"776","new","Jonathan Van Ness","chameleon.unitedtalent","https://chameleon.unitedtalent.com","2025-08-13",NULL
"777","new","Alok","chameleon.unitedtalent","https://chameleon.unitedtalent.com","2025-08-13",NULL
"778","new","Christine Baranski","chameleon.unitedtalent","https://chameleon.unitedtalent.com","2025-08-13",NULL
"779","new","Vernon Davis","chameleon.unitedtalent","https://chameleon.unitedtalent.com","2025-08-13",NULL
"780","new","Bill Whitaker","chameleon.unitedtalent","https://chameleon.unitedtalent.com","2025-08-13",NULL
"781","new","Zuriel Oduwole","chameleon.unitedtalent","https://chameleon.unitedtalent.com","2025-08-13",NULL
"782","new","Malcolm Jenkins","chameleon.unitedtalent","https://chameleon.unitedtalent.com","2025-08-13",NULL
"783","new","Muta'Ali","chameleon.unitedtalent","https://chameleon.unitedtalent.com","2025-08-13",NULL
"784","new","Dewey Bozella","chameleon.unitedtalent","https://chameleon.unitedtalent.com","2025-08-13",NULL
"785","new","Tess Sanchez","chameleon.unitedtalent","https://chameleon.unitedtalent.com","2025-08-13",NULL
"786","new","Anderson Cooper","chameleon.unitedtalent","https://chameleon.unitedtalent.com","2025-08-13",NULL
"787","new","Veronika Scott","chameleon.unitedtalent","https://chameleon.unitedtalent.com","2025-08-13",NULL
"788","new","John Owen Lowe","chameleon.unitedtalent","https://chameleon.unitedtalent.com","2025-08-13",NULL
"789","new","Michael Lewis","chameleon.unitedtalent","https://chameleon.unitedtalent.com","2025-08-13",NULL
"790","new","Dylan Sprouse","chameleon.unitedtalent","https://chameleon.unitedtalent.com","2025-08-13",NULL
"791","new","Preet Bharara","chameleon.unitedtalent","https://chameleon.unitedtalent.com","2025-08-13",NULL
"792","new","Adam Lowry","chameleon.unitedtalent","https://chameleon.unitedtalent.com","2025-08-13",NULL
"793","new","Jose Antonio Vargas","chameleon.unitedtalent","https://chameleon.unitedtalent.com","2025-08-13",NULL
"794","new","Mike Massimino","chameleon.unitedtalent","https://chameleon.unitedtalent.com","2025-08-13",NULL
"795","new","Rob Riggle","chameleon.unitedtalent","https://chameleon.unitedtalent.com","2025-08-13",NULL
"796","new","Paul DePodesta","chameleon.unitedtalent","https://chameleon.unitedtalent.com","2025-08-13",NULL
"797","new","Lacey Schwartz Delgado","chameleon.unitedtalent","https://chameleon.unitedtalent.com","2025-08-13",NULL
"798","new","Ben Cohen","chameleon.unitedtalent","https://chameleon.unitedtalent.com","2025-08-13",NULL
"799","new","Tabitha Soren","chameleon.unitedtalent","https://chameleon.unitedtalent.com","2025-08-13",NULL
"800","new","Anthony Anderson","chameleon.unitedtalent","https://chameleon.unitedtalent.com","2025-08-13",NULL
"801","new","Dana Carvey","chameleon.unitedtalent","https://chameleon.unitedtalent.com","2025-08-13",NULL
"802","new","Tia Mowry","chameleon.unitedtalent","https://chameleon.unitedtalent.com","2025-08-13",NULL
"803","new","Bretman Rock","chameleon.unitedtalent","https://chameleon.unitedtalent.com","2025-08-13",NULL
"804","new","Joanne Molinaro","chameleon.unitedtalent","https://chameleon.unitedtalent.com","2025-08-13",NULL
"805","new","Laura Linney","chameleon.unitedtalent","https://chameleon.unitedtalent.com","2025-08-13",NULL
"806","new","Ben Crump","chameleon.unitedtalent","https://chameleon.unitedtalent.com","2025-08-13",NULL
"807","new","Greta Lee","chameleon.unitedtalent","https://chameleon.unitedtalent.com","2025-08-13",NULL
"808","new","Deborah Roberts","chameleon.unitedtalent","https://chameleon.unitedtalent.com","2025-08-13",NULL
"809","new","Jon Taffer","chameleon.unitedtalent","https://chameleon.unitedtalent.com","2025-08-13",NULL
"810","new","Leah Hextall","chameleon.unitedtalent","https://chameleon.unitedtalent.com","2025-08-13",NULL
"811","new","Vanessa Morgan","chameleon.unitedtalent","https://chameleon.unitedtalent.com","2025-08-13",NULL
"812","new","Mel Robbins","chameleon.unitedtalent","https://chameleon.unitedtalent.com","2025-08-13",NULL
"813","new","Jameela Jamil","chameleon.unitedtalent","https://chameleon.unitedtalent.com","2025-08-13",NULL
"814","new","Minka Kelly","chameleon.unitedtalent","https://chameleon.unitedtalent.com","2025-08-13",NULL
"815","new","Jamie Wheal","chameleon.unitedtalent","https://chameleon.unitedtalent.com","2025-08-13",NULL
"816","new","Jason Lee","chameleon.unitedtalent","https://chameleon.unitedtalent.com","2025-08-13",NULL
"817","new","Brian Tyler Cohen","chameleon.unitedtalent","https://chameleon.unitedtalent.com","2025-08-13",NULL
"818","new","Clarissa Ward","chameleon.unitedtalent","https://chameleon.unitedtalent.com","2025-08-13",NULL
"819","new","Zach Woods","chameleon.unitedtalent","https://chameleon.unitedtalent.com","2025-08-13",NULL
"820","new","Kyle MacLachlan","chameleon.unitedtalent","https://chameleon.unitedtalent.com","2025-08-13",NULL
"821","new","Alejandro Mayorkas","chameleon.unitedtalent","https://chameleon.unitedtalent.com","2025-08-13",NULL
"822","new","Damon Wayans Jr.","chameleon.unitedtalent","https://chameleon.unitedtalent.com","2025-08-13",NULL
"823","new","Melissa Fumero","chameleon.unitedtalent","https://chameleon.unitedtalent.com","2025-08-13",NULL
"824","new","Chef Thomas Keller","chameleon.unitedtalent","https://chameleon.unitedtalent.com","2025-08-13",NULL
"825","new","Bob Myers","chameleon.unitedtalent","https://chameleon.unitedtalent.com","2025-08-13",NULL
"826","new","Chris Webber","chameleon.unitedtalent","https://chameleon.unitedtalent.com","2025-08-13",NULL
"827","new","Kate Andersen Brower","chameleon.unitedtalent","https://chameleon.unitedtalent.com","2025-08-13",NULL
"828","new","Ryan Serhant","chameleon.unitedtalent","https://chameleon.unitedtalent.com","2025-08-13",NULL
"829","new","Kristen Soltis Anderson","chameleon.unitedtalent","https://chameleon.unitedtalent.com","2025-08-13",NULL
"830","new","Joyce Vance","chameleon.unitedtalent","https://chameleon.unitedtalent.com","2025-08-13",NULL
"831","new","Whitney Cummings","chameleon.unitedtalent","https://chameleon.unitedtalent.com","2025-08-13",NULL
"832","new","Carlos Lopez Estrada","chameleon.unitedtalent","https://chameleon.unitedtalent.com","2025-08-13",NULL
"833","new","George Lopez","chameleon.unitedtalent","https://chameleon.unitedtalent.com","2025-08-13",NULL
"834","new","Chuck Todd","chameleon.unitedtalent","https://chameleon.unitedtalent.com","2025-08-13",NULL
"835","new","Emma Lovewell","chameleon.unitedtalent","https://chameleon.unitedtalent.com","2025-08-13",NULL
"836","new","Lt. Col. Alexander Vindman","chameleon.unitedtalent","https://chameleon.unitedtalent.com","2025-08-13",NULL
"837","new","Anne Morriss","chameleon.unitedtalent","https://chameleon.unitedtalent.com","2025-08-13",NULL
"838","new","June Diane Raphael","chameleon.unitedtalent","https://chameleon.unitedtalent.com","2025-08-13",NULL
"839","new","Noel Miller","chameleon.unitedtalent","https://chameleon.unitedtalent.com","2025-08-13",NULL
"840","new","Maria Teresa Kumar","chameleon.unitedtalent","https://chameleon.unitedtalent.com","2025-08-13",NULL
"841","new","Mandy Patinkin & Kathryn Grody","chameleon.unitedtalent","https://chameleon.unitedtalent.com","2025-08-13",NULL
"842","new","Lior Raz","chameleon.unitedtalent","https://chameleon.unitedtalent.com","2025-08-13",NULL
"843","new","Rick Wilson","chameleon.unitedtalent","https://chameleon.unitedtalent.com","2025-08-13",NULL
"844","new","Dr. Emily Morse","chameleon.unitedtalent","https://chameleon.unitedtalent.com","2025-08-13",NULL
"845","new","Dr. Peggy Whitson","chameleon.unitedtalent","https://chameleon.unitedtalent.com","2025-08-13",NULL
"846","new","Michael Rapaport","chameleon.unitedtalent","https://chameleon.unitedtalent.com","2025-08-13",NULL
"847","new","Bill Weir","chameleon.unitedtalent","https://chameleon.unitedtalent.com","2025-08-13",NULL
"848","new","Joy Mangano","chameleon.unitedtalent","https://chameleon.unitedtalent.com","2025-08-13",NULL
"849","new","Jonathan Greenblatt","chameleon.unitedtalent","https://chameleon.unitedtalent.com","2025-08-13",NULL
"850","new","Lizzo","chameleon.unitedtalent","https://chameleon.unitedtalent.com","2025-08-13",NULL
"851","new","Mayim Bialik","chameleon.unitedtalent","https://chameleon.unitedtalent.com","2025-08-13",NULL
"852","new","Billy Beane","chameleon.unitedtalent","https://chameleon.unitedtalent.com","2025-08-13",NULL
"853","new","Gareth Southgate","chameleon.unitedtalent","https://chameleon.unitedtalent.com","2025-08-13",NULL
"854","new","Marc Maron","chameleon.unitedtalent","https://chameleon.unitedtalent.com","2025-08-13",NULL
"855","new","Kara Swisher","chameleon.unitedtalent","https://chameleon.unitedtalent.com","2025-08-13",NULL
"856","new","Arian Moayed","chameleon.unitedtalent","https://chameleon.unitedtalent.com","2025-08-13",NULL
"857","new","Harrison Ford","chameleon.unitedtalent","https://chameleon.unitedtalent.com","2025-08-13",NULL
"858","new","Dr. Charity Dean","chameleon.unitedtalent","https://chameleon.unitedtalent.com","2025-08-13",NULL
"859","new","Sarah Sherman","chameleon.unitedtalent","https://chameleon.unitedtalent.com","2025-08-13",NULL
"860","new","Zaila Avant-Garde","chameleon.unitedtalent","https://chameleon.unitedtalent.com","2025-08-13",NULL
"861","new","James Patterson","chameleon.unitedtalent","https://chameleon.unitedtalent.com","2025-08-13",NULL
"862","new","Sebastian Junger","chameleon.unitedtalent","https://chameleon.unitedtalent.com","2025-08-13",NULL
"863","new","SJ Tuohy","chameleon.unitedtalent","https://chameleon.unitedtalent.com","2025-08-13",NULL
"864","new","Ziauddin Yousafzai","chameleon.unitedtalent","https://chameleon.unitedtalent.com","2025-08-13",NULL
"865","new","Chip & Joanna Gaines","chameleon.unitedtalent","https://chameleon.unitedtalent.com","2025-08-13",NULL
"866","new","Jennifer Coolidge","chameleon.unitedtalent","https://chameleon.unitedtalent.com","2025-08-13",NULL
"867","new","Lhakpa Sherpa","chameleon.unitedtalent","https://chameleon.unitedtalent.com","2025-08-13",NULL
"868","new","Manti Te'o","chameleon.unitedtalent","https://chameleon.unitedtalent.com","2025-08-13",NULL
"869","new","Emmanuel Acho","chameleon.unitedtalent","https://chameleon.unitedtalent.com","2025-08-13",NULL
"870","new","Barbara Corcoran","chameleon.unitedtalent","https://chameleon.unitedtalent.com","2025-08-13",NULL
"871","new","Harry Hamlin","chameleon.unitedtalent","https://chameleon.unitedtalent.com","2025-08-13",NULL
"872","new","Dan Abrams","chameleon.unitedtalent","https://chameleon.unitedtalent.com","2025-08-13",NULL
"873","new","Billy Eichner","chameleon.unitedtalent","https://chameleon.unitedtalent.com","2025-08-13",NULL
"874","new","Dan Carlin","chameleon.unitedtalent","https://chameleon.unitedtalent.com","2025-08-13",NULL
"875","new","Jenna Bush Hager","chameleon.unitedtalent","https://chameleon.unitedtalent.com","2025-08-13",NULL
"876","new","Steven Levitan","chameleon.unitedtalent","https://chameleon.unitedtalent.com","2025-08-13",NULL
"877","new","Diane Guerrero","chameleon.unitedtalent","https://chameleon.unitedtalent.com","2025-08-13",NULL
"878","new","Jerry Greenfield","chameleon.unitedtalent","https://chameleon.unitedtalent.com","2025-08-13",NULL
"879","new","Javier Muñoz","chameleon.unitedtalent","https://chameleon.unitedtalent.com","2025-08-13",NULL
"880","new","Alexis Nikole Nelson","chameleon.unitedtalent","https://chameleon.unitedtalent.com","2025-08-13",NULL
"881","new","Peter Sagal","chameleon.unitedtalent","https://chameleon.unitedtalent.com","2025-08-13",NULL
"882","new","Hank Green","chameleon.unitedtalent","https://chameleon.unitedtalent.com","2025-08-13",NULL
"883","new","Brittany Broski","chameleon.unitedtalent","https://chameleon.unitedtalent.com","2025-08-13",NULL
"884","new","Candace Bushnell","chameleon.unitedtalent","https://chameleon.unitedtalent.com","2025-08-13",NULL
"885","new","Retta","chameleon.unitedtalent","https://chameleon.unitedtalent.com","2025-08-13",NULL
"886","new","Katie Holmes","chameleon.unitedtalent","https://chameleon.unitedtalent.com","2025-08-13",NULL
"887","new","Jake Shane","chameleon.unitedtalent","https://chameleon.unitedtalent.com","2025-08-13",NULL
"888","new","Esther Perel","chameleon.unitedtalent","https://chameleon.unitedtalent.com","2025-08-13",NULL
"889","new","John Cho","chameleon.unitedtalent","https://chameleon.unitedtalent.com","2025-08-13",NULL
"890","new","Mia Farrow","chameleon.unitedtalent","https://chameleon.unitedtalent.com","2025-08-13",NULL
"891","new","Sally Field","chameleon.unitedtalent","https://chameleon.unitedtalent.com","2025-08-13",NULL
"892","new","Sahil Bloom","chameleon.unitedtalent","https://chameleon.unitedtalent.com","2025-08-13",NULL
"893","new","Katia Beauchamp","chameleon.unitedtalent","https://chameleon.unitedtalent.com","2025-08-13",NULL
"894","new","George Takei","chameleon.unitedtalent","https://chameleon.unitedtalent.com","2025-08-13",NULL
"895","new","Catherine Zeta-Jones","chameleon.unitedtalent","https://chameleon.unitedtalent.com","2025-08-13",NULL
"896","new","Charles Woodson","chameleon.unitedtalent","https://chameleon.unitedtalent.com","2025-08-13",NULL
"897","new","Leah Kateb","chameleon.unitedtalent","https://chameleon.unitedtalent.com","2025-08-13",NULL
"898","new","Gisele Fetterman","chameleon.unitedtalent","https://chameleon.unitedtalent.com","2025-08-13",NULL
"899","new","Shaun White","chameleon.unitedtalent","https://chameleon.unitedtalent.com","2025-08-13",NULL
"900","new","Chrishell Stause","chameleon.unitedtalent","https://chameleon.unitedtalent.com","2025-08-13",NULL
"901","new","Mayor Michael D. Tubbs","chameleon.unitedtalent","https://chameleon.unitedtalent.com","2025-08-13",NULL
"902","new","Elizabeth Banks","chameleon.unitedtalent","https://chameleon.unitedtalent.com","2025-08-13",NULL
"903","new","Marcus Luttrell","chameleon.unitedtalent","https://chameleon.unitedtalent.com","2025-08-13",NULL
"904","new","Jonah Platt","chameleon.unitedtalent","https://chameleon.unitedtalent.com","2025-08-13",NULL
"905","new","Judah Smith","chameleon.unitedtalent","https://chameleon.unitedtalent.com","2025-08-13",NULL
"906","new","Dr. Wendy Mogel, PhD","chameleon.unitedtalent","https://chameleon.unitedtalent.com","2025-08-13",NULL
"907","new","Danni Washington","chameleon.unitedtalent","https://chameleon.unitedtalent.com","2025-08-13",NULL
"908","new","Cynthia Marshall","chameleon.unitedtalent","https://chameleon.unitedtalent.com","2025-08-13",NULL
"909","new","Este Haim","chameleon.unitedtalent","https://chameleon.unitedtalent.com","2025-08-13",NULL
"910","new","Brian Kilmeade","chameleon.unitedtalent","https://chameleon.unitedtalent.com","2025-08-13",NULL
"911","new","Laysha Ward","chameleon.unitedtalent","https://chameleon.unitedtalent.com","2025-08-13",NULL
"912","new","Queen Latifah","chameleon.unitedtalent","https://chameleon.unitedtalent.com","2025-08-13",NULL
"913","new","Erin Molan","chameleon.unitedtalent","https://chameleon.unitedtalent.com","2025-08-13",NULL
"914","new","Jim Gaffigan","chameleon.unitedtalent","https://chameleon.unitedtalent.com","2025-08-13",NULL
"915","new","Lilly Singh","chameleon.unitedtalent","https://chameleon.unitedtalent.com","2025-08-13",NULL
"916","new","Elliot Page","chameleon.unitedtalent","https://chameleon.unitedtalent.com","2025-08-13",NULL
"917","new","Cat Cora","chameleon.unitedtalent","https://chameleon.unitedtalent.com","2025-08-13",NULL
"918","new","Dylan Efron","chameleon.unitedtalent","https://chameleon.unitedtalent.com","2025-08-13",NULL
"919","new","Nicole Lynn","chameleon.unitedtalent","https://chameleon.unitedtalent.com","2025-08-13",NULL
"920","new","Modi","chameleon.unitedtalent","https://chameleon.unitedtalent.com","2025-08-13",NULL
"921","new","Kay Firth-Butterfield","chameleon.unitedtalent","https://chameleon.unitedtalent.com","2025-08-13",NULL
"922","new","Ali Velshi","chameleon.unitedtalent","https://chameleon.unitedtalent.com","2025-08-13",NULL
"923","new","Peter Cuneo","chameleon.unitedtalent","https://chameleon.unitedtalent.com","2025-08-13",NULL
"924","new","Harper Steele","chameleon.unitedtalent","https://chameleon.unitedtalent.com","2025-08-13",NULL
"925","new","Helen Hunt","chameleon.unitedtalent","https://chameleon.unitedtalent.com","2025-08-13",NULL
"926","new","Jalen Hurts","chameleon.unitedtalent","https://chameleon.unitedtalent.com","2025-08-13",NULL
"927","new","Priyanka Chopra Jonas","chameleon.unitedtalent","https://chameleon.unitedtalent.com","2025-08-13",NULL
"928","new","Kevin O'Leary","chameleon.unitedtalent","https://chameleon.unitedtalent.com","2025-08-13",NULL
"929","new","Tyler Shultz","chameleon.unitedtalent","https://chameleon.unitedtalent.com","2025-08-13",NULL
"930","new","Bob Woodward","chameleon.unitedtalent","https://chameleon.unitedtalent.com","2025-08-13",NULL
"931","new","Samantha Bee","chameleon.unitedtalent","https://chameleon.unitedtalent.com","2025-08-13",NULL
"932","new","Bowen Yang","chameleon.unitedtalent","https://chameleon.unitedtalent.com","2025-08-13",NULL
"933","new","Stu Holden","chameleon.unitedtalent","https://chameleon.unitedtalent.com","2025-08-13",NULL
"934","new","Trey Yingst","chameleon.unitedtalent","https://chameleon.unitedtalent.com","2025-08-13",NULL
"935","new","Vincent Stanley","chameleon.unitedtalent","https://chameleon.unitedtalent.com","2025-08-13",NULL
"936","new","Toby Stuart","chameleon.unitedtalent","https://chameleon.unitedtalent.com","2025-08-13",NULL
"937","new","Michael Moore","chameleon.unitedtalent","https://chameleon.unitedtalent.com","2025-08-13",NULL
"938","new","Kat Graham","chameleon.unitedtalent","https://chameleon.unitedtalent.com","2025-08-13",NULL
"939","new","Dan Harris","chameleon.unitedtalent","https://chameleon.unitedtalent.com","2025-08-13",NULL
"940","new","Nancy Grace","chameleon.unitedtalent","https://chameleon.unitedtalent.com","2025-08-13",NULL
"941","new","Gary John Bishop","chameleon.unitedtalent","https://chameleon.unitedtalent.com","2025-08-13",NULL
"942","new","Sam Hinkie","chameleon.unitedtalent","https://chameleon.unitedtalent.com","2025-08-13",NULL
"943","new","Kelly Rowland","chameleon.unitedtalent","https://chameleon.unitedtalent.com","2025-08-13",NULL
"944","new","Chad Hurley","chameleon.unitedtalent","https://chameleon.unitedtalent.com","2025-08-13",NULL
"945","new","Mo Rocca","chameleon.unitedtalent","https://chameleon.unitedtalent.com","2025-08-13",NULL
"946","new","Devon Lévesque","chameleon.unitedtalent","https://chameleon.unitedtalent.com","2025-08-13",NULL
"947","new","Tan France","chameleon.unitedtalent","https://chameleon.unitedtalent.com","2025-08-13",NULL
"948","new","Susan Kelechi Watson","chameleon.unitedtalent","https://chameleon.unitedtalent.com","2025-08-13",NULL
"949","new","Eric Ryan","chameleon.unitedtalent","https://chameleon.unitedtalent.com","2025-08-13",NULL
"950","new","Kate Bowler","chameleon.unitedtalent","https://chameleon.unitedtalent.com","2025-08-13",NULL
"951","new","David Grossman","chameleon.unitedtalent","https://chameleon.unitedtalent.com","2025-08-13",NULL
"952","new","James Rhee","chameleon.unitedtalent","https://chameleon.unitedtalent.com","2025-08-13",NULL
"953","new","Hannah Brown","chameleon.unitedtalent","https://chameleon.unitedtalent.com","2025-08-13",NULL
"954","new","Abby Phillip","chameleon.unitedtalent","https://chameleon.unitedtalent.com","2025-08-13",NULL
"955","new","Jordin Sparks","chameleon.unitedtalent","https://chameleon.unitedtalent.com","2025-08-13",NULL
"956","new","Laura Schroff","chameleon.unitedtalent","https://chameleon.unitedtalent.com","2025-08-13",NULL
"957","new","Andy Boyd","chameleon.unitedtalent","https://chameleon.unitedtalent.com","2025-08-13",NULL
"958","new","Bill Hemmer","chameleon.unitedtalent","https://chameleon.unitedtalent.com","2025-08-13",NULL
"959","new","Rachel Platten","chameleon.unitedtalent","https://chameleon.unitedtalent.com","2025-08-13",NULL
"960","new","Brendan Mcdonough","chameleon.unitedtalent","https://chameleon.unitedtalent.com","2025-08-13",NULL
"961","new","Amy Sedaris","chameleon.unitedtalent","https://chameleon.unitedtalent.com","2025-08-13",NULL
"962","new","Taylor Tomlinson","chameleon.unitedtalent","https://chameleon.unitedtalent.com","2025-08-13",NULL
"963","new","Jenna Wolfe","chameleon.unitedtalent","https://chameleon.unitedtalent.com","2025-08-13",NULL
"964","new","Xolo Mariduena","chameleon.unitedtalent","https://chameleon.unitedtalent.com","2025-08-13",NULL
"965","new","Dominique Fishback","chameleon.unitedtalent","https://chameleon.unitedtalent.com","2025-08-13",NULL
"1542","new","Synergy","mbartists","https://www.mbartists.co.uk","2025-08-13",NULL
"966","new","Jaime Rogozinski","chameleon.unitedtalent","https://chameleon.unitedtalent.com","2025-08-13",NULL
"967","new","Candice DeLong","chameleon.unitedtalent","https://chameleon.unitedtalent.com","2025-08-13",NULL
"968","new","Jeff Orlowski-Yang","chameleon.unitedtalent","https://chameleon.unitedtalent.com","2025-08-13",NULL
"969","new","Shaun T","chameleon.unitedtalent","https://chameleon.unitedtalent.com","2025-08-13",NULL
"970","new","A'ja Wilson","chameleon.unitedtalent","https://chameleon.unitedtalent.com","2025-08-13",NULL
"971","new","Patrick Starrr","chameleon.unitedtalent","https://chameleon.unitedtalent.com","2025-08-13",NULL
"972","new","Adam Brody","chameleon.unitedtalent","https://chameleon.unitedtalent.com","2025-08-13",NULL
"973","new","Gavin Casalegno","chameleon.unitedtalent","https://chameleon.unitedtalent.com","2025-08-13",NULL
"974","new","Jeff Foxworthy","chameleon.unitedtalent","https://chameleon.unitedtalent.com","2025-08-13",NULL
"975","new","Chloe Kim","chameleon.unitedtalent","https://chameleon.unitedtalent.com","2025-08-13",NULL
"976","new","Rory Kennedy","chameleon.unitedtalent","https://chameleon.unitedtalent.com","2025-08-13",NULL
"977","new","Jake Johnson","chameleon.unitedtalent","https://chameleon.unitedtalent.com","2025-08-13",NULL
"978","new","Paula Abdul","chameleon.unitedtalent","https://chameleon.unitedtalent.com","2025-08-13",NULL
"979","new","Aly & AJ","chameleon.unitedtalent","https://chameleon.unitedtalent.com","2025-08-13",NULL
"980","new","Father Patrick Desbois","chameleon.unitedtalent","https://chameleon.unitedtalent.com","2025-08-13",NULL
"981","new","Danai Gurira","chameleon.unitedtalent","https://chameleon.unitedtalent.com","2025-08-13",NULL
"982","new","Nathalia Holt, Ph.D.","chameleon.unitedtalent","https://chameleon.unitedtalent.com","2025-08-13",NULL
"983","new","Michael S. Steele","chameleon.unitedtalent","https://chameleon.unitedtalent.com","2025-08-13",NULL
"984","new","John Green","chameleon.unitedtalent","https://chameleon.unitedtalent.com","2025-08-13",NULL
"985","new","Chef JJ Johnson","chameleon.unitedtalent","https://chameleon.unitedtalent.com","2025-08-13",NULL
"986","new","Nneka Onuorah","chameleon.unitedtalent","https://chameleon.unitedtalent.com","2025-08-13",NULL
"987","new","Dennis Quaid","chameleon.unitedtalent","https://chameleon.unitedtalent.com","2025-08-13",NULL
"988","new","Kate Robinson","chameleon.unitedtalent","https://chameleon.unitedtalent.com","2025-08-13",NULL
"989","new","Henry Winkler","chameleon.unitedtalent","https://chameleon.unitedtalent.com","2025-08-13",NULL
"990","new","Lisa Rinna","chameleon.unitedtalent","https://chameleon.unitedtalent.com","2025-08-13",NULL
"991","new","Curt Menefee","chameleon.unitedtalent","https://chameleon.unitedtalent.com","2025-08-13",NULL
"992","new","Eric Vetro","chameleon.unitedtalent","https://chameleon.unitedtalent.com","2025-08-13",NULL
"993","new","Pam Oliver","chameleon.unitedtalent","https://chameleon.unitedtalent.com","2025-08-13",NULL
"994","new","CJ Pearson","chameleon.unitedtalent","https://chameleon.unitedtalent.com","2025-08-13",NULL
"995","new","Harold Ford Jr.","chameleon.unitedtalent","https://chameleon.unitedtalent.com","2025-08-13",NULL
"996","new","Baratunde Thurston","chameleon.unitedtalent","https://chameleon.unitedtalent.com","2025-08-13",NULL
"997","new","Alec Baldwin","chameleon.unitedtalent","https://chameleon.unitedtalent.com","2025-08-13",NULL
"998","new","Marlee Matlin","chameleon.unitedtalent","https://chameleon.unitedtalent.com","2025-08-13",NULL
"999","new","Jenna Dewan","chameleon.unitedtalent","https://chameleon.unitedtalent.com","2025-08-13",NULL
"1000","new","Tamron Hall","chameleon.unitedtalent","https://chameleon.unitedtalent.com","2025-08-13",NULL
"1001","new","Rob Gronkowski","chameleon.unitedtalent","https://chameleon.unitedtalent.com","2025-08-13",NULL
"1002","new","Tunde Oyeneyin","chameleon.unitedtalent","https://chameleon.unitedtalent.com","2025-08-13",NULL
"1003","new","John Kasich","chameleon.unitedtalent","https://chameleon.unitedtalent.com","2025-08-13",NULL
"1004","new","Pinar Seyhan Demirdag","chameleon.unitedtalent","https://chameleon.unitedtalent.com","2025-08-13",NULL
"1005","new","Alicia Silverstone","chameleon.unitedtalent","https://chameleon.unitedtalent.com","2025-08-13",NULL
"1006","new","Noa Fay","chameleon.unitedtalent","https://chameleon.unitedtalent.com","2025-08-13",NULL
"1007","new","Tristan Walker","chameleon.unitedtalent","https://chameleon.unitedtalent.com","2025-08-13",NULL
"1008","new","Courtney B. Vance","chameleon.unitedtalent","https://chameleon.unitedtalent.com","2025-08-13",NULL
"1009","new","Tyra Banks","chameleon.unitedtalent","https://chameleon.unitedtalent.com","2025-08-13",NULL
"1010","new","Rich Paul","chameleon.unitedtalent","https://chameleon.unitedtalent.com","2025-08-13",NULL
"1011","new","Kristin Chenoweth","chameleon.unitedtalent","https://chameleon.unitedtalent.com","2025-08-13",NULL
"1012","new","Gus Johnson","chameleon.unitedtalent","https://chameleon.unitedtalent.com","2025-08-13",NULL
"1013","new","Adam Scott","chameleon.unitedtalent","https://chameleon.unitedtalent.com","2025-08-13",NULL
"1014","new","Deja Foxx","chameleon.unitedtalent","https://chameleon.unitedtalent.com","2025-08-13",NULL
"1015","new","Jason Derulo","chameleon.unitedtalent","https://chameleon.unitedtalent.com","2025-08-13",NULL
"1016","new","Bellamy Young","chameleon.unitedtalent","https://chameleon.unitedtalent.com","2025-08-13",NULL
"1017","new","Tracy Tutor","chameleon.unitedtalent","https://chameleon.unitedtalent.com","2025-08-13",NULL
"1018","new","Dr. Marcus Collins","chameleon.unitedtalent","https://chameleon.unitedtalent.com","2025-08-13",NULL
"1019","new","Thasunda Brown Duckett","chameleon.unitedtalent","https://chameleon.unitedtalent.com","2025-08-13",NULL
"1020","new","Phil Rosenthal","chameleon.unitedtalent","https://chameleon.unitedtalent.com","2025-08-13",NULL
"1021","new","Patricia Heaton","chameleon.unitedtalent","https://chameleon.unitedtalent.com","2025-08-13",NULL
"1022","new","Leigh Anne Tuohy","chameleon.unitedtalent","https://chameleon.unitedtalent.com","2025-08-13",NULL
"1023","new","Elizabeth Vargas","chameleon.unitedtalent","https://chameleon.unitedtalent.com","2025-08-13",NULL
"1024","new","Michaela Coel","chameleon.unitedtalent","https://chameleon.unitedtalent.com","2025-08-13",NULL
"1025","new","Yung Pueblo","chameleon.unitedtalent","https://chameleon.unitedtalent.com","2025-08-13",NULL
"1026","new","Haley Sacks","chameleon.unitedtalent","https://chameleon.unitedtalent.com","2025-08-13",NULL
"1027","new","Gaten Matarazzo","chameleon.unitedtalent","https://chameleon.unitedtalent.com","2025-08-13",NULL
"1028","new","Paul Holes","chameleon.unitedtalent","https://chameleon.unitedtalent.com","2025-08-13",NULL
"1029","new","Ginger Zee","chameleon.unitedtalent","https://chameleon.unitedtalent.com","2025-08-13",NULL
"1030","new","Ed Davis","chameleon.unitedtalent","https://chameleon.unitedtalent.com","2025-08-13",NULL
"1031","new","Kathie Lee Gifford","chameleon.unitedtalent","https://chameleon.unitedtalent.com","2025-08-13",NULL
"1032","new","Rich Lerner","chameleon.unitedtalent","https://chameleon.unitedtalent.com","2025-08-13",NULL
"1033","new","Eric Daimler","chameleon.unitedtalent","https://chameleon.unitedtalent.com","2025-08-13",NULL
"1034","new","Alec Ross","chameleon.unitedtalent","https://chameleon.unitedtalent.com","2025-08-13",NULL
"1035","new","Jessica Williams","chameleon.unitedtalent","https://chameleon.unitedtalent.com","2025-08-13",NULL
"1036","new","Britt Lower","chameleon.unitedtalent","https://chameleon.unitedtalent.com","2025-08-13",NULL
"1037","new","Larry Miller","chameleon.unitedtalent","https://chameleon.unitedtalent.com","2025-08-13",NULL
"1038","new","Dara Treseder","chameleon.unitedtalent","https://chameleon.unitedtalent.com","2025-08-13",NULL
"1039","new","Rachel Hollis","chameleon.unitedtalent","https://chameleon.unitedtalent.com","2025-08-13",NULL
"1040","new","Arnold Schwarzenegger","chameleon.unitedtalent","https://chameleon.unitedtalent.com","2025-08-13",NULL
"1041","new","Alisyn Camerota","chameleon.unitedtalent","https://chameleon.unitedtalent.com","2025-08-13",NULL
"1042","new","Brittany Packnett Cunningham","chameleon.unitedtalent","https://chameleon.unitedtalent.com","2025-08-13",NULL
"1043","new","Amandla Stenberg","chameleon.unitedtalent","https://chameleon.unitedtalent.com","2025-08-13",NULL
"1044","new","Kenan Thompson","chameleon.unitedtalent","https://chameleon.unitedtalent.com","2025-08-13",NULL
"1045","new","Anthony Mackie","chameleon.unitedtalent","https://chameleon.unitedtalent.com","2025-08-13",NULL
"1046","new","Lecrae","chameleon.unitedtalent","https://chameleon.unitedtalent.com","2025-08-13",NULL
"1047","new","Anna Sitar","chameleon.unitedtalent","https://chameleon.unitedtalent.com","2025-08-13",NULL
"1048","new","Homer Hickam","chameleon.unitedtalent","https://chameleon.unitedtalent.com","2025-08-13",NULL
"1049","new","Owen Wilson","chameleon.unitedtalent","https://chameleon.unitedtalent.com","2025-08-13",NULL
"1050","new","Sherri Shepherd","chameleon.unitedtalent","https://chameleon.unitedtalent.com","2025-08-13",NULL
"1051","new","Griffin Dunne","chameleon.unitedtalent","https://chameleon.unitedtalent.com","2025-08-13",NULL
"1052","new","Joshua Foer","chameleon.unitedtalent","https://chameleon.unitedtalent.com","2025-08-13",NULL
"1053","new","The Home Edit","chameleon.unitedtalent","https://chameleon.unitedtalent.com","2025-08-13",NULL
"1054","new","Cardi B","chameleon.unitedtalent","https://chameleon.unitedtalent.com","2025-08-13",NULL
"1055","new","Jennifer B. Wallace","chameleon.unitedtalent","https://chameleon.unitedtalent.com","2025-08-13",NULL
"1056","new","Ramon Rodriguez","chameleon.unitedtalent","https://chameleon.unitedtalent.com","2025-08-13",NULL
"1057","new","Don Lemon","chameleon.unitedtalent","https://chameleon.unitedtalent.com","2025-08-13",NULL
"1058","new","Alex Spiro","chameleon.unitedtalent","https://chameleon.unitedtalent.com","2025-08-13",NULL
"1059","new","Kayvon Thibodeaux","chameleon.unitedtalent","https://chameleon.unitedtalent.com","2025-08-13",NULL
"1060","new","Cynthia Erivo","chameleon.unitedtalent","https://chameleon.unitedtalent.com","2025-08-13",NULL
"1061","new","Patrick Dempsey","chameleon.unitedtalent","https://chameleon.unitedtalent.com","2025-08-13",NULL
"1062","new","Chance the Rapper","chameleon.unitedtalent","https://chameleon.unitedtalent.com","2025-08-13",NULL
"1063","new","Jordan Klepper","chameleon.unitedtalent","https://chameleon.unitedtalent.com","2025-08-13",NULL
"1064","new","Mandy Harvey","chameleon.unitedtalent","https://chameleon.unitedtalent.com","2025-08-13",NULL
"1065","new","Nicholas Sparks","chameleon.unitedtalent","https://chameleon.unitedtalent.com","2025-08-13",NULL
"1066","new","Awkwafina","chameleon.unitedtalent","https://chameleon.unitedtalent.com","2025-08-13",NULL
"1067","new","Kevin Holland","chameleon.unitedtalent","https://chameleon.unitedtalent.com","2025-08-13",NULL
"1068","new","Bobby Bones","chameleon.unitedtalent","https://chameleon.unitedtalent.com","2025-08-13",NULL
"1069","new","Inbar Lavi","chameleon.unitedtalent","https://chameleon.unitedtalent.com","2025-08-13",NULL
"1070","new","Tiffany Haddish","chameleon.unitedtalent","https://chameleon.unitedtalent.com","2025-08-13",NULL
"1071","new","Michael Schur","chameleon.unitedtalent","https://chameleon.unitedtalent.com","2025-08-13",NULL
"1072","new","James 'Iron Cowboy' Lawrence","chameleon.unitedtalent","https://chameleon.unitedtalent.com","2025-08-13",NULL
"1073","new","Bakari Sellers","chameleon.unitedtalent","https://chameleon.unitedtalent.com","2025-08-13",NULL
"1074","new","Angela Kinsey","chameleon.unitedtalent","https://chameleon.unitedtalent.com","2025-08-13",NULL
"1075","new","Bob Sutton","chameleon.unitedtalent","https://chameleon.unitedtalent.com","2025-08-13",NULL
"1076","new","Rebecca Soffer","chameleon.unitedtalent","https://chameleon.unitedtalent.com","2025-08-13",NULL
"1077","new","Bryan Cranston","chameleon.unitedtalent","https://chameleon.unitedtalent.com","2025-08-13",NULL
"1078","new","Laurie Segall","chameleon.unitedtalent","https://chameleon.unitedtalent.com","2025-08-13",NULL
"1079","new","Chris Pratt","chameleon.unitedtalent","https://chameleon.unitedtalent.com","2025-08-13",NULL
"1080","new","Frances Frei","chameleon.unitedtalent","https://chameleon.unitedtalent.com","2025-08-13",NULL
"1081","new","Matthew Ball","chameleon.unitedtalent","https://chameleon.unitedtalent.com","2025-08-13",NULL
"1082","new","Whitney Wolfe Herd","chameleon.unitedtalent","https://chameleon.unitedtalent.com","2025-08-13",NULL
"1083","new","Yvonne Orji","chameleon.unitedtalent","https://chameleon.unitedtalent.com","2025-08-13",NULL
"1084","new","The Holderness Family","chameleon.unitedtalent","https://chameleon.unitedtalent.com","2025-08-13",NULL
"1085","new","Rachael Denhollander","chameleon.unitedtalent","https://chameleon.unitedtalent.com","2025-08-13",NULL
"1086","new","Miles Taylor","chameleon.unitedtalent","https://chameleon.unitedtalent.com","2025-08-13",NULL
"1087","new","Bebe Rexha","chameleon.unitedtalent","https://chameleon.unitedtalent.com","2025-08-13",NULL
"1088","new","Eddie Jackson","chameleon.unitedtalent","https://chameleon.unitedtalent.com","2025-08-13",NULL
"1089","new","Cornell William Brooks","chameleon.unitedtalent","https://chameleon.unitedtalent.com","2025-08-13",NULL
"1090","new","Lori Allen","chameleon.unitedtalent","https://chameleon.unitedtalent.com","2025-08-13",NULL
"1091","new","John Cleese","chameleon.unitedtalent","https://chameleon.unitedtalent.com","2025-08-13",NULL
"1092","new","Ben Cohen & Jerry Greenfield","chameleon.unitedtalent","https://chameleon.unitedtalent.com","2025-08-13",NULL
"1093","new","Seth Godin","chameleon.unitedtalent","https://chameleon.unitedtalent.com","2025-08-13",NULL
"1094","new","Phillipa Soo","chameleon.unitedtalent","https://chameleon.unitedtalent.com","2025-08-13",NULL
"1095","new","Rob Dial","chameleon.unitedtalent","https://chameleon.unitedtalent.com","2025-08-13",NULL
"1096","new","Christian Slater","chameleon.unitedtalent","https://chameleon.unitedtalent.com","2025-08-13",NULL
"1097","new","Brad Katsuyama","chameleon.unitedtalent","https://chameleon.unitedtalent.com","2025-08-13",NULL
"1098","new","Heidi Klum","chameleon.unitedtalent","https://chameleon.unitedtalent.com","2025-08-13",NULL
"1099","new","Katie Phang","chameleon.unitedtalent","https://chameleon.unitedtalent.com","2025-08-13",NULL
"1100","new","Hayagreeva 'Huggy' Rao","chameleon.unitedtalent","https://chameleon.unitedtalent.com","2025-08-13",NULL
"1101","new","Nick Swisher","chameleon.unitedtalent","https://chameleon.unitedtalent.com","2025-08-13",NULL
"1102","new","John Lithgow","chameleon.unitedtalent","https://chameleon.unitedtalent.com","2025-08-13",NULL
"1103","new","Y-Vonne Hutchinson","chameleon.unitedtalent","https://chameleon.unitedtalent.com","2025-08-13",NULL
"1104","new","Katherine Schwarzenegger Pratt","chameleon.unitedtalent","https://chameleon.unitedtalent.com","2025-08-13",NULL
"1105","new","Radhi Devlukia","chameleon.unitedtalent","https://chameleon.unitedtalent.com","2025-08-13",NULL
"1106","new","Candace Cameron Bure","chameleon.unitedtalent","https://chameleon.unitedtalent.com","2025-08-13",NULL
"1107","new","Michael Clinton","chameleon.unitedtalent","https://chameleon.unitedtalent.com","2025-08-13",NULL
"1108","new","Stephanie Szostak","chameleon.unitedtalent","https://chameleon.unitedtalent.com","2025-08-13",NULL
"1109","new","Julissa Arce","chameleon.unitedtalent","https://chameleon.unitedtalent.com","2025-08-13",NULL
"1110","new","Bo Burnham","chameleon.unitedtalent","https://chameleon.unitedtalent.com","2025-08-13",NULL
"1111","new","Monica Barbaro","chameleon.unitedtalent","https://chameleon.unitedtalent.com","2025-08-13",NULL
"1112","new","Brett Crozier","chameleon.unitedtalent","https://chameleon.unitedtalent.com","2025-08-13",NULL
"1113","new","Jim Murphy","chameleon.unitedtalent","https://chameleon.unitedtalent.com","2025-08-13",NULL
"1114","new","Joan Lunden","chameleon.unitedtalent","https://chameleon.unitedtalent.com","2025-08-13",NULL
"1115","new","Jay Ellis","chameleon.unitedtalent","https://chameleon.unitedtalent.com","2025-08-13",NULL
"1116","new","Alan Zweibel","chameleon.unitedtalent","https://chameleon.unitedtalent.com","2025-08-13",NULL
"1117","new","Chuck Todd and John Kasich","chameleon.unitedtalent","https://chameleon.unitedtalent.com","2025-08-13",NULL
"1118","new","Ashley Graham","chameleon.unitedtalent","https://chameleon.unitedtalent.com","2025-08-13",NULL
"1119","new","Leidy Klotz","chameleon.unitedtalent","https://chameleon.unitedtalent.com","2025-08-13",NULL
"1120","new","DeVon Franklin","chameleon.unitedtalent","https://chameleon.unitedtalent.com","2025-08-13",NULL
"1121","new","Anthony Scaramucci","chameleon.unitedtalent","https://chameleon.unitedtalent.com","2025-08-13",NULL
"1122","new","Natasha Hausdorff","chameleon.unitedtalent","https://chameleon.unitedtalent.com","2025-08-13",NULL
"1123","new","Michio Kaku","chameleon.unitedtalent","https://chameleon.unitedtalent.com","2025-08-13",NULL
"1124","new","Mariana Atencio","chameleon.unitedtalent","https://chameleon.unitedtalent.com","2025-08-13",NULL
"1125","new","Dr. Fei-Fei Li","chameleon.unitedtalent","https://chameleon.unitedtalent.com","2025-08-13",NULL
"1126","new","R.L. Stine","chameleon.unitedtalent","https://chameleon.unitedtalent.com","2025-08-13",NULL
"1127","new","Justin Willman","chameleon.unitedtalent","https://chameleon.unitedtalent.com","2025-08-13",NULL
"1128","new","Vanessa Williams","chameleon.unitedtalent","https://chameleon.unitedtalent.com","2025-08-13",NULL
"1129","new","Alex Banayan","chameleon.unitedtalent","https://chameleon.unitedtalent.com","2025-08-13",NULL
"1130","new","Timbaland","chameleon.unitedtalent","https://chameleon.unitedtalent.com","2025-08-13",NULL
"1131","new","Amelie Zilber","chameleon.unitedtalent","https://chameleon.unitedtalent.com","2025-08-13",NULL
"1132","new","Jeremy Hindle","chameleon.unitedtalent","https://chameleon.unitedtalent.com","2025-08-13",NULL
"1133","new","Alberto Gonzales","chameleon.unitedtalent","https://chameleon.unitedtalent.com","2025-08-13",NULL
"1134","new","DJ Khaled","chameleon.unitedtalent","https://chameleon.unitedtalent.com","2025-08-13",NULL
"1135","new","Matthew Lillard","chameleon.unitedtalent","https://chameleon.unitedtalent.com","2025-08-13",NULL
"1136","new","Dr. Leana Wen","chameleon.unitedtalent","https://chameleon.unitedtalent.com","2025-08-13",NULL
"1137","new","Tyler Mitchell","chameleon.unitedtalent","https://chameleon.unitedtalent.com","2025-08-13",NULL
"1138","new","Cameron Douglas","chameleon.unitedtalent","https://chameleon.unitedtalent.com","2025-08-13",NULL
"1139","new","Laurie Hernandez","chameleon.unitedtalent","https://chameleon.unitedtalent.com","2025-08-13",NULL
"1140","new","Mike Posner","chameleon.unitedtalent","https://chameleon.unitedtalent.com","2025-08-13",NULL
"1141","new","Senator Al Franken","chameleon.unitedtalent","https://chameleon.unitedtalent.com","2025-08-13",NULL
"1142","new","Josh Richards","chameleon.unitedtalent","https://chameleon.unitedtalent.com","2025-08-13",NULL
"1143","new","B.J. Novak","chameleon.unitedtalent","https://chameleon.unitedtalent.com","2025-08-13",NULL
"1144","new","Benedict Cumberbatch","chameleon.unitedtalent","https://chameleon.unitedtalent.com","2025-08-13",NULL
"1145","new","Kevin Lacz","chameleon.unitedtalent","https://chameleon.unitedtalent.com","2025-08-13",NULL
"1146","new","Ross Lynch","chameleon.unitedtalent","https://chameleon.unitedtalent.com","2025-08-13",NULL
"1147","new","Alyssa Milano","chameleon.unitedtalent","https://chameleon.unitedtalent.com","2025-08-13",NULL
"1148","new","Sir Anthony Hopkins","chameleon.unitedtalent","https://chameleon.unitedtalent.com","2025-08-13",NULL
"1149","new","Malala Yousafzai","chameleon.unitedtalent","https://chameleon.unitedtalent.com","2025-08-13",NULL
"1150","new","Chris Krebs","chameleon.unitedtalent","https://chameleon.unitedtalent.com","2025-08-13",NULL
"1151","new","Dr. Luana Marques","chameleon.unitedtalent","https://chameleon.unitedtalent.com","2025-08-13",NULL
"1152","new","Elan Carr","chameleon.unitedtalent","https://chameleon.unitedtalent.com","2025-08-13",NULL
"1153","new","Lesley Stahl","chameleon.unitedtalent","https://chameleon.unitedtalent.com","2025-08-13",NULL
"1154","new","Malcolm Turnbull","chameleon.unitedtalent","https://chameleon.unitedtalent.com","2025-08-13",NULL
"1155","new","John Spencer","chameleon.unitedtalent","https://chameleon.unitedtalent.com","2025-08-13",NULL
"1156","new","Daniel Humm","chameleon.unitedtalent","https://chameleon.unitedtalent.com","2025-08-13",NULL
"1157","new","Mike Forde","chameleon.unitedtalent","https://chameleon.unitedtalent.com","2025-08-13",NULL
"1158","new","Collins Tuohy Smith","chameleon.unitedtalent","https://chameleon.unitedtalent.com","2025-08-13",NULL
"1159","new","Ambassador Ron Prosor","chameleon.unitedtalent","https://chameleon.unitedtalent.com","2025-08-13",NULL
"1160","new","Trixie Mattel","chameleon.unitedtalent","https://chameleon.unitedtalent.com","2025-08-13",NULL
"1161","new","Rainn Wilson","chameleon.unitedtalent","https://chameleon.unitedtalent.com","2025-08-13",NULL
"1162","new","Cynthia Nixon","chameleon.unitedtalent","https://chameleon.unitedtalent.com","2025-08-13",NULL
"1163","new","Jason Sudeikis","chameleon.unitedtalent","https://chameleon.unitedtalent.com","2025-08-13",NULL
"1164","new","John Douglas","chameleon.unitedtalent","https://chameleon.unitedtalent.com","2025-08-13",NULL
"1165","new","Scott Simon","chameleon.unitedtalent","https://chameleon.unitedtalent.com","2025-08-13",NULL
"1166","new","Gabby Windey","chameleon.unitedtalent","https://chameleon.unitedtalent.com","2025-08-13",NULL
"1167","new","Marsai Martin","chameleon.unitedtalent","https://chameleon.unitedtalent.com","2025-08-13",NULL
"1168","new","Ike Barinholtz","chameleon.unitedtalent","https://chameleon.unitedtalent.com","2025-08-13",NULL
"1169","new","Maggie Haberman","chameleon.unitedtalent","https://chameleon.unitedtalent.com","2025-08-13",NULL
"1170","new","Dana Bash","chameleon.unitedtalent","https://chameleon.unitedtalent.com","2025-08-13",NULL
"1171","new","Dr. Sudip Bose","chameleon.unitedtalent","https://chameleon.unitedtalent.com","2025-08-13",NULL
"1172","new","Sean Carroll","chameleon.unitedtalent","https://chameleon.unitedtalent.com","2025-08-13",NULL
"1173","new","Allison Ellsworth","chameleon.unitedtalent","https://chameleon.unitedtalent.com","2025-08-13",NULL
"1174","new","Maria Menounos","chameleon.unitedtalent","https://chameleon.unitedtalent.com","2025-08-13",NULL
"1175","new","Ben Domenech","chameleon.unitedtalent","https://chameleon.unitedtalent.com","2025-08-13",NULL
"1176","new","Emonee LaRussa","chameleon.unitedtalent","https://chameleon.unitedtalent.com","2025-08-13",NULL
"1177","new","Alexis Ohanian","chameleon.unitedtalent","https://chameleon.unitedtalent.com","2025-08-13",NULL
"1178","new","Lulu Wang","chameleon.unitedtalent","https://chameleon.unitedtalent.com","2025-08-13",NULL
"1179","new","Dave Portnoy","chameleon.unitedtalent","https://chameleon.unitedtalent.com","2025-08-13",NULL
"1180","new","Jake Tapper","chameleon.unitedtalent","https://chameleon.unitedtalent.com","2025-08-13",NULL
"1181","new","Samantha Ettus","chameleon.unitedtalent","https://chameleon.unitedtalent.com","2025-08-13",NULL
"1182","new","Daymond John","chameleon.unitedtalent","https://chameleon.unitedtalent.com","2025-08-13",NULL
"1183","new","Drew Brees","chameleon.unitedtalent","https://chameleon.unitedtalent.com","2025-08-13",NULL
"1184","new","Winston Scott","chameleon.unitedtalent","https://chameleon.unitedtalent.com","2025-08-13",NULL
"1185","new","Catherine Rampell","chameleon.unitedtalent","https://chameleon.unitedtalent.com","2025-08-13",NULL
"1186","new","Meghan McCain","chameleon.unitedtalent","https://chameleon.unitedtalent.com","2025-08-13",NULL
"1187","new","Simon Rich","chameleon.unitedtalent","https://chameleon.unitedtalent.com","2025-08-13",NULL
"1188","new","Dr. Joy Harden Bradford","chameleon.unitedtalent","https://chameleon.unitedtalent.com","2025-08-13",NULL
"1189","new","Alex Rodriguez","chameleon.unitedtalent","https://chameleon.unitedtalent.com","2025-08-13",NULL
"1190","new","Isabella Rossellini","chameleon.unitedtalent","https://chameleon.unitedtalent.com","2025-08-13",NULL
"1191","new","Earn Your Leisure","chameleon.unitedtalent","https://chameleon.unitedtalent.com","2025-08-13",NULL
"1192","new","Dennis Miller","chameleon.unitedtalent","https://chameleon.unitedtalent.com","2025-08-13",NULL
"1193","new","Giancarlo Esposito","chameleon.unitedtalent","https://chameleon.unitedtalent.com","2025-08-13",NULL
"1194","new","Anna Konkle","chameleon.unitedtalent","https://chameleon.unitedtalent.com","2025-08-13",NULL
"1195","new","Anna Marie Tendler","chameleon.unitedtalent","https://chameleon.unitedtalent.com","2025-08-13",NULL
"1196","new","Sinead Bovell","chameleon.unitedtalent","https://chameleon.unitedtalent.com","2025-08-13",NULL
"1197","new","Guy Raz","chameleon.unitedtalent","https://chameleon.unitedtalent.com","2025-08-13",NULL
"1198","new","Denise Kiernan","chameleon.unitedtalent","https://chameleon.unitedtalent.com","2025-08-13",NULL
"1199","new","Nora Ali","chameleon.unitedtalent","https://chameleon.unitedtalent.com","2025-08-13",NULL
"1200","new","Jon Batiste","chameleon.unitedtalent","https://chameleon.unitedtalent.com","2025-08-13",NULL
"1201","new","Ann Dowd","chameleon.unitedtalent","https://chameleon.unitedtalent.com","2025-08-13",NULL
"1202","new","Ashley Flowers","chameleon.unitedtalent","https://chameleon.unitedtalent.com","2025-08-13",NULL
"1203","new","Rebecca Jarvis","chameleon.unitedtalent","https://chameleon.unitedtalent.com","2025-08-13",NULL
"1204","new","Marlee Matlin & Henry Winkler","chameleon.unitedtalent","https://chameleon.unitedtalent.com","2025-08-13",NULL
"1205","new","Chris Janson","chameleon.unitedtalent","https://chameleon.unitedtalent.com","2025-08-13",NULL
"1206","new","Apolo Ohno","chameleon.unitedtalent","https://chameleon.unitedtalent.com","2025-08-13",NULL
"1207","new","Avi Issacharoff","chameleon.unitedtalent","https://chameleon.unitedtalent.com","2025-08-13",NULL
"1208","new","The Weather Station","highroadtouring","https://www.highroadtouring.com","2025-08-13",NULL
"1209","new","Overcoats","highroadtouring","https://www.highroadtouring.com","2025-08-13",NULL
"1210","new","Semisonic","highroadtouring","https://www.highroadtouring.com","2025-08-13",NULL
"1211","new","Jonny Fritz","highroadtouring","https://www.highroadtouring.com","2025-08-13",NULL
"1212","new","Case Oats","highroadtouring","https://www.highroadtouring.com","2025-08-13",NULL
"1213","new","Coco","highroadtouring","https://www.highroadtouring.com","2025-08-13",NULL
"1214","new","Nataly Dawn","highroadtouring","https://www.highroadtouring.com","2025-08-13",NULL
"1215","new","Lloyd Cole","highroadtouring","https://www.highroadtouring.com","2025-08-13",NULL
"1216","new","Joanna Sternberg","highroadtouring","https://www.highroadtouring.com","2025-08-13",NULL
"1217","new","Hand Habits","highroadtouring","https://www.highroadtouring.com","2025-08-13",NULL
"1218","new","Amy Ray","highroadtouring","https://www.highroadtouring.com","2025-08-13",NULL
"1219","new","Alabama Shakes","highroadtouring","https://www.highroadtouring.com","2025-08-13",NULL
"1220","new","Nathaniel Rateliff & The Night Sweats","highroadtouring","https://www.highroadtouring.com","2025-08-13",NULL
"1221","new","Jonathan Rado","highroadtouring","https://www.highroadtouring.com","2025-08-13",NULL
"1222","new","Aterciopelados","highroadtouring","https://www.highroadtouring.com","2025-08-13",NULL
"1223","new","Songhoy Blues","highroadtouring","https://www.highroadtouring.com","2025-08-13",NULL
"1224","new","Fury","highroadtouring","https://www.highroadtouring.com","2025-08-13",NULL
"1225","new","They Might Be Giants","highroadtouring","https://www.highroadtouring.com","2025-08-13",NULL
"1226","new","Walt Disco","highroadtouring","https://www.highroadtouring.com","2025-08-13",NULL
"1227","new","All Them Witches","highroadtouring","https://www.highroadtouring.com","2025-08-13",NULL
"1228","new","Billy Allen + The Pollies","highroadtouring","https://www.highroadtouring.com","2025-08-13",NULL
"1229","new","William Tyler","highroadtouring","https://www.highroadtouring.com","2025-08-13",NULL
"1230","new","Pomplamoose","highroadtouring","https://www.highroadtouring.com","2025-08-13",NULL
"1231","new","My Bloody Valentine","highroadtouring","https://www.highroadtouring.com","2025-08-13",NULL
"1232","new","Anna Mieke","highroadtouring","https://www.highroadtouring.com","2025-08-13",NULL
"1233","new","Goldie Boutilier","highroadtouring","https://www.highroadtouring.com","2025-08-13",NULL
"1234","new","Anjimile","highroadtouring","https://www.highroadtouring.com","2025-08-13",NULL
"1235","new","Blonde Redhead","highroadtouring","https://www.highroadtouring.com","2025-08-13",NULL
"1236","new","Dean & Britta","highroadtouring","https://www.highroadtouring.com","2025-08-13",NULL
"1237","new","Hayes Carll","highroadtouring","https://www.highroadtouring.com","2025-08-13",NULL
"1238","new","The Boxer Rebellion","highroadtouring","https://www.highroadtouring.com","2025-08-13",NULL
"1239","new","The Fiery Furnaces","highroadtouring","https://www.highroadtouring.com","2025-08-13",NULL
"1240","new","Sweeping Promises","highroadtouring","https://www.highroadtouring.com","2025-08-13",NULL
"1241","new","Indigo Sparke","highroadtouring","https://www.highroadtouring.com","2025-08-13",NULL
"1242","new","Emily King","highroadtouring","https://www.highroadtouring.com","2025-08-13",NULL
"1243","new","S.G. Goodman","highroadtouring","https://www.highroadtouring.com","2025-08-13",NULL
"1244","new","CVC","highroadtouring","https://www.highroadtouring.com","2025-08-13",NULL
"1245","new","Trentemøller","highroadtouring","https://www.highroadtouring.com","2025-08-13",NULL
"1246","new","Cold Court","highroadtouring","https://www.highroadtouring.com","2025-08-13",NULL
"1247","new","Nathaniel Rateliff","highroadtouring","https://www.highroadtouring.com","2025-08-13",NULL
"1248","new","Secret Machines","highroadtouring","https://www.highroadtouring.com","2025-08-13",NULL
"1249","new","The Still Tide","highroadtouring","https://www.highroadtouring.com","2025-08-13",NULL
"1250","new","They Are Gutting a Body of Water","highroadtouring","https://www.highroadtouring.com","2025-08-13",NULL
"1251","new","Saving Grace","highroadtouring","https://www.highroadtouring.com","2025-08-13",NULL
"1252","new","McKinley Dixon","highroadtouring","https://www.highroadtouring.com","2025-08-13",NULL
"1253","new","Cowboy Junkies","highroadtouring","https://www.highroadtouring.com","2025-08-13",NULL
"1254","new","The Dead Tongues","highroadtouring","https://www.highroadtouring.com","2025-08-13",NULL
"1255","new","Rival Consoles","highroadtouring","https://www.highroadtouring.com","2025-08-13",NULL
"1256","new","The Sophs","highroadtouring","https://www.highroadtouring.com","2025-08-13",NULL
"1257","new","Garcia Peoples","highroadtouring","https://www.highroadtouring.com","2025-08-13",NULL
"1258","new","Son Volt","highroadtouring","https://www.highroadtouring.com","2025-08-13",NULL
"1259","new","Jeffrey Lewis","highroadtouring","https://www.highroadtouring.com","2025-08-13",NULL
"1260","new","Kate Bollinger","highroadtouring","https://www.highroadtouring.com","2025-08-13",NULL
"1261","new","Frank Black","highroadtouring","https://www.highroadtouring.com","2025-08-13",NULL
"1262","new","Elizabeth Moen","highroadtouring","https://www.highroadtouring.com","2025-08-13",NULL
"1263","new","Indigo Girls","highroadtouring","https://www.highroadtouring.com","2025-08-13",NULL
"1264","new","Ollabelle","highroadtouring","https://www.highroadtouring.com","2025-08-13",NULL
"1265","new","Scary Pockets","highroadtouring","https://www.highroadtouring.com","2025-08-13",NULL
"1266","new","Kathleen Edwards","highroadtouring","https://www.highroadtouring.com","2025-08-13",NULL
"1267","new","Doug Paisley","highroadtouring","https://www.highroadtouring.com","2025-08-13",NULL
"1268","new","Takuya Kuroda","highroadtouring","https://www.highroadtouring.com","2025-08-13",NULL
"1269","new","Mazzy Star","highroadtouring","https://www.highroadtouring.com","2025-08-13",NULL
"1270","new","Tift Merritt","highroadtouring","https://www.highroadtouring.com","2025-08-13",NULL
"1271","new","Forest Claudette","highroadtouring","https://www.highroadtouring.com","2025-08-13",NULL
"1272","new","Charlotte Rose Benjamin","highroadtouring","https://www.highroadtouring.com","2025-08-13",NULL
"1273","new","Amanda Palmer","highroadtouring","https://www.highroadtouring.com","2025-08-13",NULL
"1274","new","Jeff Tweedy","highroadtouring","https://www.highroadtouring.com","2025-08-13",NULL
"1275","new","Parker Millsap","highroadtouring","https://www.highroadtouring.com","2025-08-13",NULL
"1276","new","Emmylou Harris","highroadtouring","https://www.highroadtouring.com","2025-08-13",NULL
"1277","new","Jessica Lea Mayfield","highroadtouring","https://www.highroadtouring.com","2025-08-13",NULL
"1278","new","Django Django","highroadtouring","https://www.highroadtouring.com","2025-08-13",NULL
"1279","new","Tarriona ""Tank"" Ball","highroadtouring","https://www.highroadtouring.com","2025-08-13",NULL
"1280","new","Violent Femmes","highroadtouring","https://www.highroadtouring.com","2025-08-13",NULL
"1281","new","Robert Plant","highroadtouring","https://www.highroadtouring.com","2025-08-13",NULL
"1282","new","Jonathan Richman","highroadtouring","https://www.highroadtouring.com","2025-08-13",NULL
"1283","new","Lucinda Williams","highroadtouring","https://www.highroadtouring.com","2025-08-13",NULL
"1284","new","Model/Actriz","highroadtouring","https://www.highroadtouring.com","2025-08-13",NULL
"1285","new","Phoebe Bridgers","highroadtouring","https://www.highroadtouring.com","2025-08-13",NULL
"1286","new","Mapache","highroadtouring","https://www.highroadtouring.com","2025-08-13",NULL
"1287","new","Daniel Norgren","highroadtouring","https://www.highroadtouring.com","2025-08-13",NULL
"1288","new","Skyway Man","highroadtouring","https://www.highroadtouring.com","2025-08-13",NULL
"1289","new","St. Paul & The Broken Bones","highroadtouring","https://www.highroadtouring.com","2025-08-13",NULL
"1290","new","Folly Group","highroadtouring","https://www.highroadtouring.com","2025-08-13",NULL
"1291","new","The Jesus And Mary Chain","highroadtouring","https://www.highroadtouring.com","2025-08-13",NULL
"1292","new","Ethan Tasch","highroadtouring","https://www.highroadtouring.com","2025-08-13",NULL
"1293","new","Rattlesnake Milk","highroadtouring","https://www.highroadtouring.com","2025-08-13",NULL
"1294","new","Becca Mancari","highroadtouring","https://www.highroadtouring.com","2025-08-13",NULL
"1295","new","Tank and The Bangas","highroadtouring","https://www.highroadtouring.com","2025-08-13",NULL
"1296","new","Kacy & Clayton","highroadtouring","https://www.highroadtouring.com","2025-08-13",NULL
"1297","new","Pigs Pigs Pigs Pigs Pigs Pigs Pigs","highroadtouring","https://www.highroadtouring.com","2025-08-13",NULL
"1298","new","The Autumn Defense","highroadtouring","https://www.highroadtouring.com","2025-08-13",NULL
"1299","new","Arny Margret","highroadtouring","https://www.highroadtouring.com","2025-08-13",NULL
"1300","new","Kevin Drew","highroadtouring","https://www.highroadtouring.com","2025-08-13",NULL
"1301","new","L.A. Witch","highroadtouring","https://www.highroadtouring.com","2025-08-13",NULL
"1302","new","Slift","highroadtouring","https://www.highroadtouring.com","2025-08-13",NULL
"1303","new","Shawn Mullins","highroadtouring","https://www.highroadtouring.com","2025-08-13",NULL
"1304","new","Jess Williamson","highroadtouring","https://www.highroadtouring.com","2025-08-13",NULL
"1305","new","Bitchin Bajas","highroadtouring","https://www.highroadtouring.com","2025-08-13",NULL
"1306","new","Dylan LeBlanc","highroadtouring","https://www.highroadtouring.com","2025-08-13",NULL
"1307","new","Cedric Burnside","highroadtouring","https://www.highroadtouring.com","2025-08-13",NULL
"1308","new","Beth Gibbons","highroadtouring","https://www.highroadtouring.com","2025-08-13",NULL
"1309","new","Joan Shelley","highroadtouring","https://www.highroadtouring.com","2025-08-13",NULL
"1310","new","Sam Amidon","highroadtouring","https://www.highroadtouring.com","2025-08-13",NULL
"1311","new","Cut Worms","highroadtouring","https://www.highroadtouring.com","2025-08-13",NULL
"1312","new","Squirrel Flower","highroadtouring","https://www.highroadtouring.com","2025-08-13",NULL
"1313","new","The Ike Reilly Assassination","highroadtouring","https://www.highroadtouring.com","2025-08-13",NULL
"1314","new","Daymé Arocena","highroadtouring","https://www.highroadtouring.com","2025-08-13",NULL
"1315","new","Jayla Kai","highroadtouring","https://www.highroadtouring.com","2025-08-13",NULL
"1316","new","Nick Lowe","highroadtouring","https://www.highroadtouring.com","2025-08-13",NULL
"1317","new","Will Paquin","highroadtouring","https://www.highroadtouring.com","2025-08-13",NULL
"1318","new","Madeline Kenney","highroadtouring","https://www.highroadtouring.com","2025-08-13",NULL
"1319","new","Houndmouth","highroadtouring","https://www.highroadtouring.com","2025-08-13",NULL
"1320","new","Cass McCombs","highroadtouring","https://www.highroadtouring.com","2025-08-13",NULL
"1321","new","Sadurn","highroadtouring","https://www.highroadtouring.com","2025-08-13",NULL
"1322","new","Graham Nash","highroadtouring","https://www.highroadtouring.com","2025-08-13",NULL
"1323","new","Horsepower","highroadtouring","https://www.highroadtouring.com","2025-08-13",NULL
"1324","new","This Is The Kit","highroadtouring","https://www.highroadtouring.com","2025-08-13",NULL
"1325","new","Over The Rhine","highroadtouring","https://www.highroadtouring.com","2025-08-13",NULL
"1326","new","Jobi Riccio","highroadtouring","https://www.highroadtouring.com","2025-08-13",NULL
"1327","new","Dawn Richard & Spencer Zahn","highroadtouring","https://www.highroadtouring.com","2025-08-13",NULL
"1328","new","Vetiver","highroadtouring","https://www.highroadtouring.com","2025-08-13",NULL
"1329","new","The Jerry Douglas Band","highroadtouring","https://www.highroadtouring.com","2025-08-13",NULL
"1330","new","Doyle Bramhall II","highroadtouring","https://www.highroadtouring.com","2025-08-13",NULL
"1331","new","Sam Burton","highroadtouring","https://www.highroadtouring.com","2025-08-13",NULL
"1332","new","Bad Bad Hats","highroadtouring","https://www.highroadtouring.com","2025-08-13",NULL
"1333","new","Die Spitz","highroadtouring","https://www.highroadtouring.com","2025-08-13",NULL
"1334","new","The Dip","highroadtouring","https://www.highroadtouring.com","2025-08-13",NULL
"1335","new","Strawberry Guy","highroadtouring","https://www.highroadtouring.com","2025-08-13",NULL
"1336","new","Free Range","highroadtouring","https://www.highroadtouring.com","2025-08-13",NULL
"1337","new","James McMurtry","highroadtouring","https://www.highroadtouring.com","2025-08-13",NULL
"1338","new","Christopher Owens","highroadtouring","https://www.highroadtouring.com","2025-08-13",NULL
"1339","new","The Cribs","highroadtouring","https://www.highroadtouring.com","2025-08-13",NULL
"1340","new","Barbaro","highroadtouring","https://www.highroadtouring.com","2025-08-13",NULL
"1341","new","Alexis & the Sanity","highroadtouring","https://www.highroadtouring.com","2025-08-13",NULL
"1342","new","Fruition","highroadtouring","https://www.highroadtouring.com","2025-08-13",NULL
"1343","new","Brittany Howard","highroadtouring","https://www.highroadtouring.com","2025-08-13",NULL
"1344","new","Cymande","highroadtouring","https://www.highroadtouring.com","2025-08-13",NULL
"1345","new","Aaron Lee Tasjan","highroadtouring","https://www.highroadtouring.com","2025-08-13",NULL
"1346","new","King Buffalo","highroadtouring","https://www.highroadtouring.com","2025-08-13",NULL
"1347","new","L'Rain","highroadtouring","https://www.highroadtouring.com","2025-08-13",NULL
"1348","new","Beth Orton","highroadtouring","https://www.highroadtouring.com","2025-08-13",NULL
"1349","new","The Lemon Twigs","highroadtouring","https://www.highroadtouring.com","2025-08-13",NULL
"1350","new","Sam Evian","highroadtouring","https://www.highroadtouring.com","2025-08-13",NULL
"1351","new","Ben Watt","highroadtouring","https://www.highroadtouring.com","2025-08-13",NULL
"1352","new","BASIC","highroadtouring","https://www.highroadtouring.com","2025-08-13",NULL
"1353","new","Jesse Welles","highroadtouring","https://www.highroadtouring.com","2025-08-13",NULL
"1354","new","Jake Xerxes Fussell","highroadtouring","https://www.highroadtouring.com","2025-08-13",NULL
"1355","new","Alison's Halo","highroadtouring","https://www.highroadtouring.com","2025-08-13",NULL
"1356","new","Agriculture","highroadtouring","https://www.highroadtouring.com","2025-08-13",NULL
"1357","new","Kaiser Chiefs","highroadtouring","https://www.highroadtouring.com","2025-08-13",NULL
"1358","new","Lucius","highroadtouring","https://www.highroadtouring.com","2025-08-13",NULL
"1359","new","THE THE","highroadtouring","https://www.highroadtouring.com","2025-08-13",NULL
"1360","new","Rickie Lee Jones","highroadtouring","https://www.highroadtouring.com","2025-08-13",NULL
"1361","new","Luna","highroadtouring","https://www.highroadtouring.com","2025-08-13",NULL
"1362","new","Margo Cilker","highroadtouring","https://www.highroadtouring.com","2025-08-13",NULL
"1363","new","Robyn Hitchcock","highroadtouring","https://www.highroadtouring.com","2025-08-13",NULL
"1364","new","The Heavy Heavy","highroadtouring","https://www.highroadtouring.com","2025-08-13",NULL
"1365","new","Rachel Bobbitt","highroadtouring","https://www.highroadtouring.com","2025-08-13",NULL
"1366","new","Aimee Mann","highroadtouring","https://www.highroadtouring.com","2025-08-13",NULL
"1367","new","Puma Blue","highroadtouring","https://www.highroadtouring.com","2025-08-13",NULL
"1368","new","Monobloc","highroadtouring","https://www.highroadtouring.com","2025-08-13",NULL
"1369","new","Night Moves","highroadtouring","https://www.highroadtouring.com","2025-08-13",NULL
"1370","new","Brown Horse","highroadtouring","https://www.highroadtouring.com","2025-08-13",NULL
"1371","new","Delicate Steve","highroadtouring","https://www.highroadtouring.com","2025-08-13",NULL
"1372","new","The Jayhawks","highroadtouring","https://www.highroadtouring.com","2025-08-13",NULL
"1373","new","Tweedy","highroadtouring","https://www.highroadtouring.com","2025-08-13",NULL
"1374","new","Bob Mould","highroadtouring","https://www.highroadtouring.com","2025-08-13",NULL
"1375","new","Bleached","highroadtouring","https://www.highroadtouring.com","2025-08-13",NULL
"1376","new","Glenn Kotche","highroadtouring","https://www.highroadtouring.com","2025-08-13",NULL
"1377","new","Alexa Rose","highroadtouring","https://www.highroadtouring.com","2025-08-13",NULL
"1378","new","Matt Corby","highroadtouring","https://www.highroadtouring.com","2025-08-13",NULL
"1379","new","Boz Scaggs","highroadtouring","https://www.highroadtouring.com","2025-08-13",NULL
"1380","new","Rickshaw Billie's Burger Patrol","highroadtouring","https://www.highroadtouring.com","2025-08-13",NULL
"1381","new","Buddy Miller","highroadtouring","https://www.highroadtouring.com","2025-08-13",NULL
"1382","new","Larry Campbell & Teresa Williams","highroadtouring","https://www.highroadtouring.com","2025-08-13",NULL
"1383","new","Deer Tick","highroadtouring","https://www.highroadtouring.com","2025-08-13",NULL
"1384","new","Richard Dawson","highroadtouring","https://www.highroadtouring.com","2025-08-13",NULL
"1385","new","White Lies","highroadtouring","https://www.highroadtouring.com","2025-08-13",NULL
"1386","new","Emily Saliers","highroadtouring","https://www.highroadtouring.com","2025-08-13",NULL
"1387","new","Teenage Fanclub","highroadtouring","https://www.highroadtouring.com","2025-08-13",NULL
"1388","new","A.O. Gerber","highroadtouring","https://www.highroadtouring.com","2025-08-13",NULL
"1389","new","Lisa O'Neill","highroadtouring","https://www.highroadtouring.com","2025-08-13",NULL
"1390","new","Ian Hunter","highroadtouring","https://www.highroadtouring.com","2025-08-13",NULL
"1391","new","Penny & Sparrow","highroadtouring","https://www.highroadtouring.com","2025-08-13",NULL
"1392","new","Angela Autumn","highroadtouring","https://www.highroadtouring.com","2025-08-13",NULL
"1393","new","Tindersticks","highroadtouring","https://www.highroadtouring.com","2025-08-13",NULL
"1394","new","Jr Parks","highroadtouring","https://www.highroadtouring.com","2025-08-13",NULL
"1395","new","Neil Halstead","highroadtouring","https://www.highroadtouring.com","2025-08-13",NULL
"1396","new","CocoRosie","highroadtouring","https://www.highroadtouring.com","2025-08-13",NULL
"1397","new","Allegra Krieger","highroadtouring","https://www.highroadtouring.com","2025-08-13",NULL
"1398","new","Jonathan Wilson","highroadtouring","https://www.highroadtouring.com","2025-08-13",NULL
"1399","new","Broken Social Scene","highroadtouring","https://www.highroadtouring.com","2025-08-13",NULL
"1400","new","Anna B Savage","highroadtouring","https://www.highroadtouring.com","2025-08-13",NULL
"1401","new","Sunflower Bean","highroadtouring","https://www.highroadtouring.com","2025-08-13",NULL
"1402","new","Tim Bernardes","highroadtouring","https://www.highroadtouring.com","2025-08-13",NULL
"1403","new","Jay Farrar","highroadtouring","https://www.highroadtouring.com","2025-08-13",NULL
"1404","new","Joan Baez","highroadtouring","https://www.highroadtouring.com","2025-08-13",NULL
"1405","new","Jordana","highroadtouring","https://www.highroadtouring.com","2025-08-13",NULL
"1406","new","George Winston","highroadtouring","https://www.highroadtouring.com","2025-08-13",NULL
"1407","new","Lamont Landers","highroadtouring","https://www.highroadtouring.com","2025-08-13",NULL
"1408","new","The Cactus Blossoms","highroadtouring","https://www.highroadtouring.com","2025-08-13",NULL
"1409","new","Rich Ruth","highroadtouring","https://www.highroadtouring.com","2025-08-13",NULL
"1410","new","John Moreland","highroadtouring","https://www.highroadtouring.com","2025-08-13",NULL
"1411","new","Chapterhouse","highroadtouring","https://www.highroadtouring.com","2025-08-13",NULL
"1412","new","Tommy Emmanuel","highroadtouring","https://www.highroadtouring.com","2025-08-13",NULL
"1413","new","The dB's","highroadtouring","https://www.highroadtouring.com","2025-08-13",NULL
"1414","new","Margaux","highroadtouring","https://www.highroadtouring.com","2025-08-13",NULL
"1415","new","Peter Wolf","highroadtouring","https://www.highroadtouring.com","2025-08-13",NULL
"1416","new","Lydia","highroadtouring","https://www.highroadtouring.com","2025-08-13",NULL
"1417","new","How Long Gone","highroadtouring","https://www.highroadtouring.com","2025-08-13",NULL
"1418","new","JD McPherson","highroadtouring","https://www.highroadtouring.com","2025-08-13",NULL
"1419","new","The Dresden Dolls","highroadtouring","https://www.highroadtouring.com","2025-08-13",NULL
"1420","new","Sam Blasucci","highroadtouring","https://www.highroadtouring.com","2025-08-13",NULL
"1421","new","Mary Gauthier","highroadtouring","https://www.highroadtouring.com","2025-08-13",NULL
"1422","new","Don Was & The Pan Detroit Ensemble","highroadtouring","https://www.highroadtouring.com","2025-08-13",NULL
"1423","new","Youth Lagoon","highroadtouring","https://www.highroadtouring.com","2025-08-13",NULL
"1424","new","Liam Kazar","highroadtouring","https://www.highroadtouring.com","2025-08-13",NULL
"1425","new","Rogue Wave","highroadtouring","https://www.highroadtouring.com","2025-08-13",NULL
"1426","new","SASAMI","highroadtouring","https://www.highroadtouring.com","2025-08-13",NULL
"1427","new","Caroline Rose","highroadtouring","https://www.highroadtouring.com","2025-08-13",NULL
"1428","new","BOY","highroadtouring","https://www.highroadtouring.com","2025-08-13",NULL
"1429","new","OKAN","highroadtouring","https://www.highroadtouring.com","2025-08-13",NULL
"1430","new","The Point.","highroadtouring","https://www.highroadtouring.com","2025-08-13",NULL
"1431","new","OFF!","highroadtouring","https://www.highroadtouring.com","2025-08-13",NULL
"1432","new","Joseph","highroadtouring","https://www.highroadtouring.com","2025-08-13",NULL
"1433","new","Los Amigos Invisibles","highroadtouring","https://www.highroadtouring.com","2025-08-13",NULL
"1434","new","Panchiko","highroadtouring","https://www.highroadtouring.com","2025-08-13",NULL
"1435","new","Brendan Abernathy","highroadtouring","https://www.highroadtouring.com","2025-08-13",NULL
"1436","new","Ratboys","highroadtouring","https://www.highroadtouring.com","2025-08-13",NULL
"1437","new","Bahamas","highroadtouring","https://www.highroadtouring.com","2025-08-13",NULL
"1438","new","Deep Sea Diver","highroadtouring","https://www.highroadtouring.com","2025-08-13",NULL
"1439","new","Jerry Douglas","highroadtouring","https://www.highroadtouring.com","2025-08-13",NULL
"1440","new","Muireann Bradley","highroadtouring","https://www.highroadtouring.com","2025-08-13",NULL
"1441","new","Patty Griffin","highroadtouring","https://www.highroadtouring.com","2025-08-13",NULL
"1442","new","Wilco","highroadtouring","https://www.highroadtouring.com","2025-08-13",NULL
"1443","new","Purr","highroadtouring","https://www.highroadtouring.com","2025-08-13",NULL
"1444","new","Valley Queen","highroadtouring","https://www.highroadtouring.com","2025-08-13",NULL
"1445","new","Liana Flores","highroadtouring","https://www.highroadtouring.com","2025-08-13",NULL
"1446","new","Hope Sandoval","highroadtouring","https://www.highroadtouring.com","2025-08-13",NULL
"1447","new","Meat Puppets","highroadtouring","https://www.highroadtouring.com","2025-08-13",NULL
"1448","new","Matthew Sweet","highroadtouring","https://www.highroadtouring.com","2025-08-13",NULL
"1449","new","Richard Thompson","highroadtouring","https://www.highroadtouring.com","2025-08-13",NULL
"1450","new","Dan Wilson","highroadtouring","https://www.highroadtouring.com","2025-08-13",NULL
"1451","new","Old Sea Brigade","highroadtouring","https://www.highroadtouring.com","2025-08-13",NULL
"1452","new","Nels Cline","highroadtouring","https://www.highroadtouring.com","2025-08-13",NULL
"1453","new","Tré Burt","highroadtouring","https://www.highroadtouring.com","2025-08-13",NULL
"1454","new","Tyrone Wells","highroadtouring","https://www.highroadtouring.com","2025-08-13",NULL
"1455","new","The Earls of Leicester","highroadtouring","https://www.highroadtouring.com","2025-08-13",NULL
"1456","new","John Paul White","highroadtouring","https://www.highroadtouring.com","2025-08-13",NULL
"1457","new","Matthew E. White","highroadtouring","https://www.highroadtouring.com","2025-08-13",NULL
"1458","new","The Handsome Family","highroadtouring","https://www.highroadtouring.com","2025-08-13",NULL
"1459","new","Bob Schneider","highroadtouring","https://www.highroadtouring.com","2025-08-13",NULL
"1460","new","Benmont Tench","highroadtouring","https://www.highroadtouring.com","2025-08-13",NULL
"1461","new","Interpol","highroadtouring","https://www.highroadtouring.com","2025-08-13",NULL
"1462","new","Midlake","highroadtouring","https://www.highroadtouring.com","2025-08-13",NULL
"1463","new","Joelton Mayfield","highroadtouring","https://www.highroadtouring.com","2025-08-13",NULL
"1464","new","Nick Lowe & Los Straitjackets","highroadtouring","https://www.highroadtouring.com","2025-08-13",NULL
"1465","new","Cory Henry","highroadtouring","https://www.highroadtouring.com","2025-08-13",NULL
"1466","new","Patti Smith and Her Band","highroadtouring","https://www.highroadtouring.com","2025-08-13",NULL
"1467","new","The Symposium","highroadtouring","https://www.highroadtouring.com","2025-08-13",NULL
"1468","new","Sweet Crude","highroadtouring","https://www.highroadtouring.com","2025-08-13",NULL
"1469","new","Foxygen","highroadtouring","https://www.highroadtouring.com","2025-08-13",NULL
"1470","new","The Barr Brothers","highroadtouring","https://www.highroadtouring.com","2025-08-13",NULL
"1471","new","Anna St. Louis","highroadtouring","https://www.highroadtouring.com","2025-08-13",NULL
"1472","new","Suzanne Vega","highroadtouring","https://www.highroadtouring.com","2025-08-13",NULL
"1473","new","Muzz","highroadtouring","https://www.highroadtouring.com","2025-08-13",NULL
"1474","new","Forest Swords","highroadtouring","https://www.highroadtouring.com","2025-08-13",NULL
"1475","new","Early James","highroadtouring","https://www.highroadtouring.com","2025-08-13",NULL
"1476","new","Lambchop","highroadtouring","https://www.highroadtouring.com","2025-08-13",NULL
"1477","new","Drive-By Truckers","highroadtouring","https://www.highroadtouring.com","2025-08-13",NULL
"1478","new","Eleanor Friedberger","highroadtouring","https://www.highroadtouring.com","2025-08-13",NULL
"1479","new","Poi Dog Pondering","highroadtouring","https://www.highroadtouring.com","2025-08-13",NULL
"1480","new","Heartless Bastards","highroadtouring","https://www.highroadtouring.com","2025-08-13",NULL
"1481","new","Frank Orrall","highroadtouring","https://www.highroadtouring.com","2025-08-13",NULL
"1482","new","Soccer Mommy","highroadtouring","https://www.highroadtouring.com","2025-08-13",NULL
"1483","new","Juana Molina","highroadtouring","https://www.highroadtouring.com","2025-08-13",NULL
"1484","new","Michael Nau","highroadtouring","https://www.highroadtouring.com","2025-08-13",NULL
"1485","new","Yo La Tengo","highroadtouring","https://www.highroadtouring.com","2025-08-13",NULL
"1486","new","Natalie Bergman","highroadtouring","https://www.highroadtouring.com","2025-08-13",NULL
"1487","new","Soul Coughing","highroadtouring","https://www.highroadtouring.com","2025-08-13",NULL
"1488","new","mary in the junkyard","highroadtouring","https://www.highroadtouring.com","2025-08-13",NULL
"1489","new","Faetooth","highroadtouring","https://www.highroadtouring.com","2025-08-13",NULL
"1490","new","Lydia Loveless","highroadtouring","https://www.highroadtouring.com","2025-08-13",NULL
"1491","new","Andrew Belle","highroadtouring","https://www.highroadtouring.com","2025-08-13",NULL
"1492","new","Tomberlin","highroadtouring","https://www.highroadtouring.com","2025-08-13",NULL
"1493","new","KAZU","highroadtouring","https://www.highroadtouring.com","2025-08-13",NULL
"1494","new","Feist","highroadtouring","https://www.highroadtouring.com","2025-08-13",NULL
"1495","new","Television","highroadtouring","https://www.highroadtouring.com","2025-08-13",NULL
"1496","new","Sean Rowe","highroadtouring","https://www.highroadtouring.com","2025-08-13",NULL
"1497","new","Jeremie Albino","highroadtouring","https://www.highroadtouring.com","2025-08-13",NULL
"1498","new","Ween","highroadtouring","https://www.highroadtouring.com","2025-08-13",NULL
"1499","new","Portishead","highroadtouring","https://www.highroadtouring.com","2025-08-13",NULL
"1500","new","Lutalo","highroadtouring","https://www.highroadtouring.com","2025-08-13",NULL
"1501","new","Chris Forsyth","highroadtouring","https://www.highroadtouring.com","2025-08-13",NULL
"1502","new","Cece Coakley","highroadtouring","https://www.highroadtouring.com","2025-08-13",NULL
"1503","new","Seratones","highroadtouring","https://www.highroadtouring.com","2025-08-13",NULL
"1504","new","Stereo MCs","highroadtouring","https://www.highroadtouring.com","2025-08-13",NULL
"1505","new","The Bobby Lees","highroadtouring","https://www.highroadtouring.com","2025-08-13",NULL
"1506","new","Them Jeans","highroadtouring","https://www.highroadtouring.com","2025-08-13",NULL
"1507","new","Big Star Quintet","highroadtouring","https://www.highroadtouring.com","2025-08-13",NULL
"1508","new","Mike Doughty","highroadtouring","https://www.highroadtouring.com","2025-08-13",NULL
"1509","new","Ben Lukas Boysen","highroadtouring","https://www.highroadtouring.com","2025-08-13",NULL
"1510","new","The Arcadian Wild","highroadtouring","https://www.highroadtouring.com","2025-08-13",NULL
"1511","new","Mitski","highroadtouring","https://www.highroadtouring.com","2025-08-13",NULL
"1512","new","Dean Ween Group","highroadtouring","https://www.highroadtouring.com","2025-08-13",NULL
"1513","new","Bailen","highroadtouring","https://www.highroadtouring.com","2025-08-13",NULL
"1514","new","Shovels & Rope","highroadtouring","https://www.highroadtouring.com","2025-08-13",NULL
"1515","new","Slowdive","highroadtouring","https://www.highroadtouring.com","2025-08-13",NULL
"1516","new","Low:r","mbartists","https://www.mbartists.co.uk","2025-08-13",NULL
"1517","new","Decimate","mbartists","https://www.mbartists.co.uk","2025-08-13",NULL
"1518","new","Panda Eyes","mbartists","https://www.mbartists.co.uk","2025-08-13",NULL
"1519","new","Polyphonic","mbartists","https://www.mbartists.co.uk","2025-08-13",NULL
"1520","new","Paul SG","mbartists","https://www.mbartists.co.uk","2025-08-13",NULL
"1521","new","Chime","mbartists","https://www.mbartists.co.uk","2025-08-13",NULL
"1522","new","Akvma","mbartists","https://www.mbartists.co.uk","2025-08-13",NULL
"1523","new","NVADRZ & ALIAS","mbartists","https://www.mbartists.co.uk","2025-08-13",NULL
"1524","new","Mattik","mbartists","https://www.mbartists.co.uk","2025-08-13",NULL
"1525","new","T95","mbartists","https://www.mbartists.co.uk","2025-08-13",NULL
"1526","new","STVG","mbartists","https://www.mbartists.co.uk","2025-08-13",NULL
"1527","new","Dr Ushuu","mbartists","https://www.mbartists.co.uk","2025-08-13",NULL
"1528","new","V O E","mbartists","https://www.mbartists.co.uk","2025-08-13",NULL
"1529","new","Casnova","mbartists","https://www.mbartists.co.uk","2025-08-13",NULL
"1530","new","Freaks & Geeks","mbartists","https://www.mbartists.co.uk","2025-08-13",NULL
"1531","new","Virtual Riot","mbartists","https://www.mbartists.co.uk","2025-08-13",NULL
"1532","new","Borgore","mbartists","https://www.mbartists.co.uk","2025-08-13",NULL
"1533","new","Drum Dad & Bass Boy","mbartists","https://www.mbartists.co.uk","2025-08-13",NULL
"1534","new","Styke","mbartists","https://www.mbartists.co.uk","2025-08-13",NULL
"1535","new","Pyrate","mbartists","https://www.mbartists.co.uk","2025-08-13",NULL
"1536","new","Shadient","mbartists","https://www.mbartists.co.uk","2025-08-13",NULL
"1537","new","Voicians","mbartists","https://www.mbartists.co.uk","2025-08-13",NULL
"1538","new","Screamarts","mbartists","https://www.mbartists.co.uk","2025-08-13",NULL
"1539","new","Disphonia","mbartists","https://www.mbartists.co.uk","2025-08-13",NULL
"1540","new","Mad Dubz","mbartists","https://www.mbartists.co.uk","2025-08-13",NULL
"1541","new","Tom Finster","mbartists","https://www.mbartists.co.uk","2025-08-13",NULL
"1543","new","Chibs","mbartists","https://www.mbartists.co.uk","2025-08-13",NULL
"1544","new","Lev3l","mbartists","https://www.mbartists.co.uk","2025-08-13",NULL
"1545","new","Hiraeth","mbartists","https://www.mbartists.co.uk","2025-08-13",NULL
"1546","new","Shades","mbartists","https://www.mbartists.co.uk","2025-08-13",NULL
"1547","new","Pegboard Nerds","mbartists","https://www.mbartists.co.uk","2025-08-13",NULL
"1548","new","Whales","mbartists","https://www.mbartists.co.uk","2025-08-13",NULL
"1549","new","Onara","mbartists","https://www.mbartists.co.uk","2025-08-13",NULL
"1550","new","The Outsiders","mbartists","https://www.mbartists.co.uk","2025-08-13",NULL
"1551","new","Nymfo","mbartists","https://www.mbartists.co.uk","2025-08-13",NULL
"1552","new","Denon Reed","mbartists","https://www.mbartists.co.uk","2025-08-13",NULL
"1553","new","Particle","mbartists","https://www.mbartists.co.uk","2025-08-13",NULL
"1554","new","JAWNS","mbartists","https://www.mbartists.co.uk","2025-08-13",NULL
"1555","new","Leotrix","mbartists","https://www.mbartists.co.uk","2025-08-13",NULL
"1556","new","Veksyu","mbartists","https://www.mbartists.co.uk","2025-08-13",NULL
"1557","new","DJ Limited","mbartists","https://www.mbartists.co.uk","2025-08-13",NULL
"1558","new","Auris","mbartists","https://www.mbartists.co.uk","2025-08-13",NULL
"1559","new","TER3NCE","mbartists","https://www.mbartists.co.uk","2025-08-13",NULL
"1560","new","Daeya","mbartists","https://www.mbartists.co.uk","2025-08-13",NULL
"1561","new","SQISHI","mbartists","https://www.mbartists.co.uk","2025-08-13",NULL
"1562","new","Trinist","mbartists","https://www.mbartists.co.uk","2025-08-13",NULL
"1563","new","MC Fava","mbartists","https://www.mbartists.co.uk","2025-08-13",NULL
"1564","new","Anbu","mbartists","https://www.mbartists.co.uk","2025-08-13",NULL
"1565","new","Elipsa","mbartists","https://www.mbartists.co.uk","2025-08-13",NULL
"1566","new","T-Lex","mbartists","https://www.mbartists.co.uk","2025-08-13",NULL
"1567","new","HumaNature","mbartists","https://www.mbartists.co.uk","2025-08-13",NULL
"1568","new","FuntCase","mbartists","https://www.mbartists.co.uk","2025-08-13",NULL
"1569","new","PhaseOne","mbartists","https://www.mbartists.co.uk","2025-08-13",NULL
"1570","new","Polo Jaffa","mbartists","https://www.mbartists.co.uk","2025-08-13",NULL
"1571","new","Chad Harrison","mbartists","https://www.mbartists.co.uk","2025-08-13",NULL
"1572","new","Subsonic","mbartists","https://www.mbartists.co.uk","2025-08-13",NULL
"1573","new","Danny Rankin","mbartists","https://www.mbartists.co.uk","2025-08-13",NULL
"1574","new","Flowidus","mbartists","https://www.mbartists.co.uk","2025-08-13",NULL
"1575","new","Xen","mbartists","https://www.mbartists.co.uk","2025-08-13",NULL
"1576","new","Multiplex","mbartists","https://www.mbartists.co.uk","2025-08-13",NULL
"1577","new","Bommer","mbartists","https://www.mbartists.co.uk","2025-08-13",NULL
"1578","new","Nersha","mbartists","https://www.mbartists.co.uk","2025-08-13",NULL
"1579","new","Kozmoz","mbartists","https://www.mbartists.co.uk","2025-08-13",NULL
"1580","new","VAMPA","mbartists","https://www.mbartists.co.uk","2025-08-13",NULL
"1581","new","Spinscott","mbartists","https://www.mbartists.co.uk","2025-08-13",NULL
"1582","new","Soltan","mbartists","https://www.mbartists.co.uk","2025-08-13",NULL
"1583","new","IITYX","mbartists","https://www.mbartists.co.uk","2025-08-13",NULL
"1584","new","HVDES","mbartists","https://www.mbartists.co.uk","2025-08-13",NULL
"1585","new","Dala","mbartists","https://www.mbartists.co.uk","2025-08-13",NULL
"1586","new","TS7","mbartists","https://www.mbartists.co.uk","2025-08-13",NULL
"1587","new","Izzy Vadim","mbartists","https://www.mbartists.co.uk","2025-08-13",NULL
"1588","new","Barely Alive","mbartists","https://www.mbartists.co.uk","2025-08-13",NULL
"1589","new","PJ Bridger","mbartists","https://www.mbartists.co.uk","2025-08-13",NULL
"1590","new","12th Planet","mbartists","https://www.mbartists.co.uk","2025-08-13",NULL
"1591","new","Aweminus","mbartists","https://www.mbartists.co.uk","2025-08-13",NULL
"1592","new","OSKI","mbartists","https://www.mbartists.co.uk","2025-08-13",NULL
"1593","new","Shapes","mbartists","https://www.mbartists.co.uk","2025-08-13",NULL
"1594","new","EPROM","mbartists","https://www.mbartists.co.uk","2025-08-13",NULL
"1595","new","eugene","mbartists","https://www.mbartists.co.uk","2025-08-13",NULL
"1596","new","Artino","mbartists","https://www.mbartists.co.uk","2025-08-13",NULL
"1597","new","Method","mbartists","https://www.mbartists.co.uk","2025-08-13",NULL
"1598","new","Ace Aura","mbartists","https://www.mbartists.co.uk","2025-08-13",NULL
"1599","new","FarFlow","mbartists","https://www.mbartists.co.uk","2025-08-13",NULL
"1600","new","OG Nixin","mbartists","https://www.mbartists.co.uk","2025-08-13",NULL
"1601","new","Mazare","mbartists","https://www.mbartists.co.uk","2025-08-13",NULL
"1602","new","not yes","mbartists","https://www.mbartists.co.uk","2025-08-13",NULL
"1603","new","Coppa","mbartists","https://www.mbartists.co.uk","2025-08-13",NULL
"1604","new","Tsuki","mbartists","https://www.mbartists.co.uk","2025-08-13",NULL
"1605","new","Ecraze","mbartists","https://www.mbartists.co.uk","2025-08-13",NULL
"1606","new","Dualistic","mbartists","https://www.mbartists.co.uk","2025-08-13",NULL
"1607","new","Bish","mbartists","https://www.mbartists.co.uk","2025-08-13",NULL
"1608","new","Ekko & Sidetrack","mbartists","https://www.mbartists.co.uk","2025-08-13",NULL
"1609","new","Kompany","mbartists","https://www.mbartists.co.uk","2025-08-13",NULL
"1610","new","Haribo","mbartists","https://www.mbartists.co.uk","2025-08-13",NULL
"1611","new","Ruth Royall","mbartists","https://www.mbartists.co.uk","2025-08-13",NULL
"1612","new","Syzy","mbartists","https://www.mbartists.co.uk","2025-08-13",NULL
"1613","new","Sorza","mbartists","https://www.mbartists.co.uk","2025-08-13",NULL
"1614","new","4K","mbartists","https://www.mbartists.co.uk","2025-08-13",NULL
"1615","new","DJ Q","mbartists","https://www.mbartists.co.uk","2025-08-13",NULL
"1616","new","Skybreak","mbartists","https://www.mbartists.co.uk","2025-08-13",NULL
"1617","new","Jess Bays","mbartists","https://www.mbartists.co.uk","2025-08-13",NULL
"1618","new","Blooom","mbartists","https://www.mbartists.co.uk","2025-08-13",NULL
"1619","new","Protostar","mbartists","https://www.mbartists.co.uk","2025-08-13",NULL
"1620","new","Nitepunk","mbartists","https://www.mbartists.co.uk","2025-08-13",NULL
"1621","new","T & Sugah","mbartists","https://www.mbartists.co.uk","2025-08-13",NULL
"1622","new","Glockz","mbartists","https://www.mbartists.co.uk","2025-08-13",NULL
"1623","new","Used","mbartists","https://www.mbartists.co.uk","2025-08-13",NULL
"1624","new","Dubloadz","mbartists","https://www.mbartists.co.uk","2025-08-13",NULL
"1625","new","Jae Depz","mbartists","https://www.mbartists.co.uk","2025-08-13",NULL
"1626","new","MC Mota","mbartists","https://www.mbartists.co.uk","2025-08-13",NULL
"1627","new","Obey","mbartists","https://www.mbartists.co.uk","2025-08-13",NULL
"1628","new","SISTO","mbartists","https://www.mbartists.co.uk","2025-08-13",NULL
"1629","new","Kuuro","mbartists","https://www.mbartists.co.uk","2025-08-13",NULL
"1630","new","Dec Duffy","mbartists","https://www.mbartists.co.uk","2025-08-13",NULL
"1631","new","Flex","mbartists","https://www.mbartists.co.uk","2025-08-13",NULL
"1632","new","Graphyt","mbartists","https://www.mbartists.co.uk","2025-08-13",NULL
"1633","new","Ripple","mbartists","https://www.mbartists.co.uk","2025-08-13",NULL
"1634","new","Yakz","mbartists","https://www.mbartists.co.uk","2025-08-13",NULL
"1635","new","Samplifire","mbartists","https://www.mbartists.co.uk","2025-08-13",NULL
"1636","new","Teddy Killerz","mbartists","https://www.mbartists.co.uk","2025-08-13",NULL
"1637","new","Wolf Pax","mbartists","https://www.mbartists.co.uk","2025-08-13",NULL
"1638","new","Bukez Finezt","mbartists","https://www.mbartists.co.uk","2025-08-13",NULL
"1639","new","Sanzu","mbartists","https://www.mbartists.co.uk","2025-08-13",NULL
"1640","new","Vieze Asbak","mbartists","https://www.mbartists.co.uk","2025-08-13",NULL
"1641","new","Innate MC","mbartists","https://www.mbartists.co.uk","2025-08-13",NULL
"1642","new","Annix","mbartists","https://www.mbartists.co.uk","2025-08-13",NULL
"1643","new","Tommy Villiers","mbartists","https://www.mbartists.co.uk","2025-08-13",NULL
"1644","new","Maze","mbartists","https://www.mbartists.co.uk","2025-08-13",NULL
"1645","new","Diagnostix","mbartists","https://www.mbartists.co.uk","2025-08-13",NULL
"1646","new","Riot Ten","mbartists","https://www.mbartists.co.uk","2025-08-13",NULL
"1647","new","Fade Black","mbartists","https://www.mbartists.co.uk","2025-08-13",NULL
"1648","new","Vici","mbartists","https://www.mbartists.co.uk","2025-08-13",NULL
"1649","new","Gladde Paling","mbartists","https://www.mbartists.co.uk","2025-08-13",NULL
"1650","new","Jon Void","mbartists","https://www.mbartists.co.uk","2025-08-13",NULL
"1651","new","KOAN Sound","mbartists","https://www.mbartists.co.uk","2025-08-13",NULL
"1652","new","Maysev","mbartists","https://www.mbartists.co.uk","2025-08-13",NULL
"1653","new","Madcore","mbartists","https://www.mbartists.co.uk","2025-08-13",NULL
"1654","new","T.R.A.C.","mbartists","https://www.mbartists.co.uk","2025-08-13",NULL
"1655","new","Dirty Audio","mbartists","https://www.mbartists.co.uk","2025-08-13",NULL
"1656","new","Yue","mbartists","https://www.mbartists.co.uk","2025-08-13",NULL
"1657","new","ESKEI83","mbartists","https://www.mbartists.co.uk","2025-08-13",NULL
"1658","new","Akeos","mbartists","https://www.mbartists.co.uk","2025-08-13",NULL
"1659","new","Astaroth","mbartists","https://www.mbartists.co.uk","2025-08-13",NULL
"1660","new","PRESTi","mbartists","https://www.mbartists.co.uk","2025-08-13",NULL
"1661","new","Sota","mbartists","https://www.mbartists.co.uk","2025-08-13",NULL
"1662","new","Prosecute","mbartists","https://www.mbartists.co.uk","2025-08-13",NULL
"1663","new","Dreps","mbartists","https://www.mbartists.co.uk","2025-08-13",NULL
"1664","new","Slang Dogs","mbartists","https://www.mbartists.co.uk","2025-08-13",NULL
"1665","new","Ray Volpe","mbartists","https://www.mbartists.co.uk","2025-08-13",NULL
"1666","new","Spag Heddy","mbartists","https://www.mbartists.co.uk","2025-08-13",NULL
"1667","new","Jeanie","mbartists","https://www.mbartists.co.uk","2025-08-13",NULL
"1668","new","Stoned Level","mbartists","https://www.mbartists.co.uk","2025-08-13",NULL
"1669","new","FMS","mbartists","https://www.mbartists.co.uk","2025-08-13",NULL
"1670","new","Dan Be","mbartists","https://www.mbartists.co.uk","2025-08-13",NULL
"1671","new","Sir Hiss","mbartists","https://www.mbartists.co.uk","2025-08-13",NULL
"1672","new","Jamezy","mbartists","https://www.mbartists.co.uk","2025-08-13",NULL
"1673","new","Doctor P","mbartists","https://www.mbartists.co.uk","2025-08-13",NULL
"1674","new","Lee Mvtthews","mbartists","https://www.mbartists.co.uk","2025-08-13",NULL
"1675","new","Badklaat","mbartists","https://www.mbartists.co.uk","2025-08-13",NULL
"1676","new","Sempra","mbartists","https://www.mbartists.co.uk","2025-08-13",NULL
"1677","new","ELLE RICH","mbartists","https://www.mbartists.co.uk","2025-08-13",NULL
"1678","new","Layz","mbartists","https://www.mbartists.co.uk","2025-08-13",NULL
"1679","new","Oliverse","mbartists","https://www.mbartists.co.uk","2025-08-13",NULL
"1680","new","Versa","mbartists","https://www.mbartists.co.uk","2025-08-13",NULL
"1681","new","Azabim","mbartists","https://www.mbartists.co.uk","2025-08-13",NULL
"1682","new","MIYAMORO","mbartists","https://www.mbartists.co.uk","2025-08-13",NULL
"1683","new","JUNKMAIL","mbartists","https://www.mbartists.co.uk","2025-08-13",NULL
"1684","new","Jub","mbartists","https://www.mbartists.co.uk","2025-08-13",NULL
"1685","new","Blankface","mbartists","https://www.mbartists.co.uk","2025-08-13",NULL
"1686","new","NIMDA","mbartists","https://www.mbartists.co.uk","2025-08-13",NULL
"1687","new","Aktive","mbartists","https://www.mbartists.co.uk","2025-08-13",NULL
"1688","new","Badjokes","mbartists","https://www.mbartists.co.uk","2025-08-13",NULL
"1689","new","DVEIGHT","mbartists","https://www.mbartists.co.uk","2025-08-13",NULL
"1690","new","Welon","mbartists","https://www.mbartists.co.uk","2025-08-13",NULL
"1691","new","FINNINGHAM","mbartists","https://www.mbartists.co.uk","2025-08-13",NULL
"1692","new","Eluun","mbartists","https://www.mbartists.co.uk","2025-08-13",NULL
"1693","new","Leniz","mbartists","https://www.mbartists.co.uk","2025-08-13",NULL
"1694","new","ÆON:MODE","mbartists","https://www.mbartists.co.uk","2025-08-13",NULL
"1695","new","Former","mbartists","https://www.mbartists.co.uk","2025-08-13",NULL
"1696","new","Calcium","mbartists","https://www.mbartists.co.uk","2025-08-13",NULL
"1697","new","Muerte","mbartists","https://www.mbartists.co.uk","2025-08-13",NULL
"1698","new","Future Flex","mbartists","https://www.mbartists.co.uk","2025-08-13",NULL
"1699","new","Skulpt","mbartists","https://www.mbartists.co.uk","2025-08-13",NULL
"1700","new","Natty Lou","mbartists","https://www.mbartists.co.uk","2025-08-13",NULL
"1701","new","Vastive","mbartists","https://www.mbartists.co.uk","2025-08-13",NULL
"1702","new","Culture Code","mbartists","https://www.mbartists.co.uk","2025-08-13",NULL
"1703","new","BADVOID","mbartists","https://www.mbartists.co.uk","2025-08-13",NULL
"1704","new","Hydraulix","mbartists","https://www.mbartists.co.uk","2025-08-13",NULL
"1705","new","Ivory","mbartists","https://www.mbartists.co.uk","2025-08-13",NULL
"1706","new","HAMRO","mbartists","https://www.mbartists.co.uk","2025-08-13",NULL
"1707","new","roi*","mbartists","https://www.mbartists.co.uk","2025-08-13",NULL
"1708","new","AC13","mbartists","https://www.mbartists.co.uk","2025-08-13",NULL
"1709","new","Murdock","mbartists","https://www.mbartists.co.uk","2025-08-13",NULL
"1710","new","JG Dubz","mbartists","https://www.mbartists.co.uk","2025-08-13",NULL
"1711","new","Matrix & Futurebound","mbartists","https://www.mbartists.co.uk","2025-08-13",NULL
"1712","new","Bossfight","mbartists","https://www.mbartists.co.uk","2025-08-13",NULL
"1713","new","MUZZ","mbartists","https://www.mbartists.co.uk","2025-08-13",NULL
"1714","new","Eliminate","mbartists","https://www.mbartists.co.uk","2025-08-13",NULL
"1715","new","MUST DIE!","mbartists","https://www.mbartists.co.uk","2025-08-13",NULL
"1716","new","MVRDA","mbartists","https://www.mbartists.co.uk","2025-08-13",NULL
"1717","new","Ricky West","mbartists","https://www.mbartists.co.uk","2025-08-13",NULL
"1718","new","Tokyo Machine","mbartists","https://www.mbartists.co.uk","2025-08-13",NULL
"1719","new","Infekt","mbartists","https://www.mbartists.co.uk","2025-08-13",NULL
"1720","new","Point.Blank","mbartists","https://www.mbartists.co.uk","2025-08-13",NULL
"1721","new","SVDKO","mbartists","https://www.mbartists.co.uk","2025-08-13",NULL
"1722","new","Banditt","mbartists","https://www.mbartists.co.uk","2025-08-13",NULL
"1723","new","NCT","mbartists","https://www.mbartists.co.uk","2025-08-13",NULL
"1724","new","Primate","mbartists","https://www.mbartists.co.uk","2025-08-13",NULL
"1725","new","Forbidden Society","mbartists","https://www.mbartists.co.uk","2025-08-13",NULL
"1726","new","Reaper","mbartists","https://www.mbartists.co.uk","2025-08-13",NULL
"1727","new","SweetTooth","mbartists","https://www.mbartists.co.uk","2025-08-13",NULL
"1728","new","Bennie","mbartists","https://www.mbartists.co.uk","2025-08-13",NULL
"1729","new","beastboi.","mbartists","https://www.mbartists.co.uk","2025-08-13",NULL
"1730","new","Mystic State","mbartists","https://www.mbartists.co.uk","2025-08-13",NULL
"1731","new","Rhode","mbartists","https://www.mbartists.co.uk","2025-08-13",NULL
"1732","new","Lexurus","mbartists","https://www.mbartists.co.uk","2025-08-13",NULL
"1733","new","Daxta","mbartists","https://www.mbartists.co.uk","2025-08-13",NULL
"1734","new","TR Tactics","mbartists","https://www.mbartists.co.uk","2025-08-13",NULL
"1735","new","Captain Bass","mbartists","https://www.mbartists.co.uk","2025-08-13",NULL
"1736","new","Codd Dubz","mbartists","https://www.mbartists.co.uk","2025-08-13",NULL
"1737","new","Midnight Tyrannosaurus","mbartists","https://www.mbartists.co.uk","2025-08-13",NULL
"1738","new","Dassim","mbartists","https://www.mbartists.co.uk","2025-08-13",NULL
"1739","new","Automhate","mbartists","https://www.mbartists.co.uk","2025-08-13",NULL
"1740","new","Tali","mbartists","https://www.mbartists.co.uk","2025-08-13",NULL
"1741","new","STOOG3S","mbartists","https://www.mbartists.co.uk","2025-08-13",NULL
"1742","new","DRZ","mbartists","https://www.mbartists.co.uk","2025-08-13",NULL
"1743","new","Krakota","mbartists","https://www.mbartists.co.uk","2025-08-13",NULL
"1744","new","Dustkey","mbartists","https://www.mbartists.co.uk","2025-08-13",NULL
"1745","new","Pirapus","mbartists","https://www.mbartists.co.uk","2025-08-13",NULL
"1746","new","BLVNKSPVCE","mbartists","https://www.mbartists.co.uk","2025-08-13",NULL
"1747","new","[BORDERS]","mbartists","https://www.mbartists.co.uk","2025-08-13",NULL
"1748","new","Carly Wilford","mbartists","https://www.mbartists.co.uk","2025-08-13",NULL
"1749","new","Posij","mbartists","https://www.mbartists.co.uk","2025-08-13",NULL
"1750","new","Bear Grillz","mbartists","https://www.mbartists.co.uk","2025-08-13",NULL
"1751","new","Hi I’m Ghost","mbartists","https://www.mbartists.co.uk","2025-08-13",NULL
"1752","new","Wooli","mbartists","https://www.mbartists.co.uk","2025-08-13",NULL
"1753","new","TCTS","mbartists","https://www.mbartists.co.uk","2025-08-13",NULL
"1754","new","Comma Dee","mbartists","https://www.mbartists.co.uk","2025-08-13",NULL
"1755","new","Explorers of the Internet","mbartists","https://www.mbartists.co.uk","2025-08-13",NULL
"1756","new","Cartoon","mbartists","https://www.mbartists.co.uk","2025-08-13",NULL
"1757","new","Tremmor","mbartists","https://www.mbartists.co.uk","2025-08-13",NULL
"1758","new","Cheat Codes","mbartists","https://www.mbartists.co.uk","2025-08-13",NULL
"1759","new","Pixel Terror","mbartists","https://www.mbartists.co.uk","2025-08-13",NULL
"1760","new","CaitC","mbartists","https://www.mbartists.co.uk","2025-08-13",NULL
"1761","new","Atex","mbartists","https://www.mbartists.co.uk","2025-08-13",NULL
"1762","new","SHRQ","mbartists","https://www.mbartists.co.uk","2025-08-13",NULL
"1763","new","Edlan","mbartists","https://www.mbartists.co.uk","2025-08-13",NULL
"1764","new","VICENTE TAMAYO","prensadanna","https://www.prensadanna.com.mx","2025-08-13",NULL
"1765","new","GERALDINE BAZAN","prensadanna","https://www.prensadanna.com.mx","2025-08-13",NULL
"1766","new","SERGIO OCHOA","prensadanna","https://www.prensadanna.com.mx","2025-08-13",NULL
"1767","new","LITZY","prensadanna","https://www.prensadanna.com.mx","2025-08-13",NULL
"1768","new","NICOLE_VALE","prensadanna","https://www.prensadanna.com.mx","2025-08-13",NULL
"1769","new","VANESSA SUAREZ","prensadanna","https://www.prensadanna.com.mx","2025-08-13",NULL
"1770","new","ALEJANDRA_CAPETILLO","prensadanna","https://www.prensadanna.com.mx","2025-08-13",NULL
"1771","new","JESSICA LINDSEY","prensadanna","https://www.prensadanna.com.mx","2025-08-13",NULL
"1772","new","NIKOLE BARAJAS","prensadanna","https://www.prensadanna.com.mx","2025-08-13",NULL
"1773","new","MACARIA","prensadanna","https://www.prensadanna.com.mx","2025-08-13",NULL
"1774","new","MILDRET FEUCHTER","prensadanna","https://www.prensadanna.com.mx","2025-08-13",NULL
"1775","new","MARIA FERNANDA LEY","prensadanna","https://www.prensadanna.com.mx","2025-08-13",NULL
"1776","new","DANKA CASTRO","prensadanna","https://www.prensadanna.com.mx","2025-08-13",NULL
"1777","new","CAROLINA MIRANDA","prensadanna","https://www.prensadanna.com.mx","2025-08-13",NULL
"1778","new","CARLOS SPEITZER","prensadanna","https://www.prensadanna.com.mx","2025-08-13",NULL
"1779","new","LETICIA CALDERON","prensadanna","https://www.prensadanna.com.mx","2025-08-13",NULL
"1780","new","GLORIA SIERRA","prensadanna","https://www.prensadanna.com.mx","2025-08-13",NULL
"1781","new","MARTIN BARBA","prensadanna","https://www.prensadanna.com.mx","2025-08-13",NULL
"1782","new","MARGARITA VEGA","prensadanna","https://www.prensadanna.com.mx","2025-08-13",NULL
"1783","new","SILVIA MARISCAL","prensadanna","https://www.prensadanna.com.mx","2025-08-13",NULL
"1784","new","SANTIAGO BELTRAN","prensadanna","https://www.prensadanna.com.mx","2025-08-13",NULL
"1785","new","NURIA BAGES","prensadanna","https://www.prensadanna.com.mx","2025-08-13",NULL
"1786","new","SEBASTIAN MARTINEZ","prensadanna","https://www.prensadanna.com.mx","2025-08-13",NULL
"1787","new","IKER GARCIA","prensadanna","https://www.prensadanna.com.mx","2025-08-13",NULL
"1788","new","MARLENE FAVELA","prensadanna","https://www.prensadanna.com.mx","2025-08-13",NULL
"1789","new","JUAN FRENDSA","prensadanna","https://www.prensadanna.com.mx","2025-08-13",NULL
"1790","new","NINA RUBIN","prensadanna","https://www.prensadanna.com.mx","2025-08-13",NULL
"1791","new","EDUARDO SANTAMARINA","prensadanna","https://www.prensadanna.com.mx","2025-08-13",NULL
"1792","new","ALESSANDRA ROSALDO","prensadanna","https://www.prensadanna.com.mx","2025-08-13",NULL
"1793","new","SERGIO ROLDAN","prensadanna","https://www.prensadanna.com.mx","2025-08-13",NULL
"1794","new","ARLETTE PACHECO","prensadanna","https://www.prensadanna.com.mx","2025-08-13",NULL
"1795","new","DANIELA CASTRO","prensadanna","https://www.prensadanna.com.mx","2025-08-13",NULL
"1796","new","YAHIR","prensadanna","https://www.prensadanna.com.mx","2025-08-13",NULL
"1797","new","CLAUDIA TROYO","prensadanna","https://www.prensadanna.com.mx","2025-08-13",NULL
"1798","new","CARLOS YORVICK","prensadanna","https://www.prensadanna.com.mx","2025-08-13",NULL
"1799","new","SANTINI","prensadanna","https://www.prensadanna.com.mx","2025-08-13",NULL
"1800","new","KATE DEL CASTILLO","prensadanna","https://www.prensadanna.com.mx","2025-08-13",NULL
"1801","new","EDUARDO_CAPETILLO_GAYTAN","prensadanna","https://www.prensadanna.com.mx","2025-08-13",NULL
"1802","new","PATRICIA REYES SPINDOLA","prensadanna","https://www.prensadanna.com.mx","2025-08-13",NULL
"1803","new","JESUSA OCHOA","prensadanna","https://www.prensadanna.com.mx","2025-08-13",NULL
"1804","new","MIKE BIAGIO","prensadanna","https://www.prensadanna.com.mx","2025-08-13",NULL
"1805","new","ELIZABETH ALVAREZ","prensadanna","https://www.prensadanna.com.mx","2025-08-13",NULL
"1806","new","MARISOL DEL OLMO","prensadanna","https://www.prensadanna.com.mx","2025-08-13",NULL
"1807","new","ÓSCAR MADRAZO","prensadanna","https://www.prensadanna.com.mx","2025-08-13",NULL
"1808","new","CARLOS TORRES","prensadanna","https://www.prensadanna.com.mx","2025-08-13",NULL
"1809","new","LUCCIANA OCHOA","prensadanna","https://www.prensadanna.com.mx","2025-08-13",NULL
"1810","new","OTTO SIRGO","prensadanna","https://www.prensadanna.com.mx","2025-08-13",NULL
"1811","new","ROCIO BANQUELLS","prensadanna","https://www.prensadanna.com.mx","2025-08-13",NULL
"1812","new","Belinda","prensadanna","https://www.prensadanna.com.mx","2025-08-13",NULL
"1813","new","MARCO LEON","prensadanna","https://www.prensadanna.com.mx","2025-08-13",NULL
"1814","new","MARGARITA GRALIA","prensadanna","https://www.prensadanna.com.mx","2025-08-13",NULL
"1815","new","EDUARDO_CAPETILLO","prensadanna","https://www.prensadanna.com.mx","2025-08-13",NULL
"1816","new","ROMMEL PACHECO","prensadanna","https://www.prensadanna.com.mx","2025-08-13",NULL
"1817","new","VIVIANN BAEZA","prensadanna","https://www.prensadanna.com.mx","2025-08-13",NULL
"1818","new","NAIDELYN NAVARRETE","prensadanna","https://www.prensadanna.com.mx","2025-08-13",NULL
"1819","new","ALEXA-CASTRO","prensadanna","https://www.prensadanna.com.mx","2025-08-13",NULL
"1820","new","ISABELLA CASTILLO","prensadanna","https://www.prensadanna.com.mx","2025-08-13",NULL
"1821","new","MIA RUBIN","prensadanna","https://www.prensadanna.com.mx","2025-08-13",NULL
"1822","new","LUJA DUHART","prensadanna","https://www.prensadanna.com.mx","2025-08-13",NULL
"1823","new","JORGE CABALLERO","prensadanna","https://www.prensadanna.com.mx","2025-08-13",NULL
"1824","new","RAFAEL NOVOA","prensadanna","https://www.prensadanna.com.mx","2025-08-13",NULL
"1825","new","BIBI_GAYTAN","prensadanna","https://www.prensadanna.com.mx","2025-08-13",NULL
"1826","new","ANDREA LEGARRETA","prensadanna","https://www.prensadanna.com.mx","2025-08-13",NULL
"1827","new","JORGE LOSA","prensadanna","https://www.prensadanna.com.mx","2025-08-13",NULL
"1828","new","SALVADOR SANCHEZ","prensadanna","https://www.prensadanna.com.mx","2025-08-13",NULL
"1829","new","CINTHIA APARICIO","prensadanna","https://www.prensadanna.com.mx","2025-08-13",NULL
"1830","new","CHECO PEREZCUADRA","prensadanna","https://www.prensadanna.com.mx","2025-08-13",NULL
"1831","new","MINNIE WEST","prensadanna","https://www.prensadanna.com.mx","2025-08-13",NULL
"1832","new","MAX URIBE","prensadanna","https://www.prensadanna.com.mx","2025-08-13",NULL
"1833","new","FRANCISCA ARONSSON","prensadanna","https://www.prensadanna.com.mx","2025-08-13",NULL
"1834","new","EMILIO BELTRAN","prensadanna","https://www.prensadanna.com.mx","2025-08-13",NULL
"1835","new","MANUELA IMAZ","prensadanna","https://www.prensadanna.com.mx","2025-08-13",NULL
"1836","new","DAVI ULLOA","prensadanna","https://www.prensadanna.com.mx","2025-08-13",NULL
"1837","new","VICTOR ASCANIO","prensadanna","https://www.prensadanna.com.mx","2025-08-13",NULL
"1838","new","Brooklyn Beckham","fashion.caa","https://fashion.caa.com","2025-08-13",NULL
"1839","new","Jalen Green","fashion.caa","https://fashion.caa.com","2025-08-13",NULL
"1840","new","Reb Li","fashion.caa","https://fashion.caa.com","2025-08-13",NULL
"1841","new","Margot Robbie","fashion.caa","https://fashion.caa.com","2025-08-13",NULL
"1842","new","Ashe","fashion.caa","https://fashion.caa.com","2025-08-13",NULL
"1843","new","H.E.R.","fashion.caa","https://fashion.caa.com","2025-08-13",NULL
"1844","new","Leslie Grace","fashion.caa","https://fashion.caa.com","2025-08-13",NULL
"1845","new","Anya Taylor-Joy","fashion.caa","https://fashion.caa.com","2025-08-13",NULL
"1846","new","Andrew Garfield","fashion.caa","https://fashion.caa.com","2025-08-13",NULL
"1847","new","James Bay","fashion.caa","https://fashion.caa.com","2025-08-13",NULL
"1848","new","Lakeith Stanfield","fashion.caa","https://fashion.caa.com","2025-08-13",NULL
"1849","new","Chris Hemsworth","fashion.caa","https://fashion.caa.com","2025-08-13",NULL
"1850","new","A Boogie Wit Da Hoodie","fashion.caa","https://fashion.caa.com","2025-08-13",NULL
"1851","new","Skip Marley","fashion.caa","https://fashion.caa.com","2025-08-13",NULL
"1852","new","Zoë Kravitz","fashion.caa","https://fashion.caa.com","2025-08-13",NULL
"1853","new","Lexi Underwood","fashion.caa","https://fashion.caa.com","2025-08-13",NULL
"1854","new","Peso Pluma","fashion.caa","https://fashion.caa.com","2025-08-13",NULL
"1855","new","Shira Haas","fashion.caa","https://fashion.caa.com","2025-08-13",NULL
"1856","new","Kungs","fashion.caa","https://fashion.caa.com","2025-08-13",NULL
"1857","new","Eddie Redmayne","fashion.caa","https://fashion.caa.com","2025-08-13",NULL
"1858","new","Odessa Young","fashion.caa","https://fashion.caa.com","2025-08-13",NULL
"1859","new","Ava Max","fashion.caa","https://fashion.caa.com","2025-08-13",NULL
"1860","new","Doja Cat","fashion.caa","https://fashion.caa.com","2025-08-13",NULL
"1861","new","Fletcher","fashion.caa","https://fashion.caa.com","2025-08-13",NULL
"1862","new","Halima Aden","fashion.caa","https://fashion.caa.com","2025-08-13",NULL
"1863","new","Madonna","fashion.caa","https://fashion.caa.com","2025-08-13",NULL
"1864","new","A$AP Rocky","fashion.caa","https://fashion.caa.com","2025-08-13",NULL
"1865","new","Rema","fashion.caa","https://fashion.caa.com","2025-08-13",NULL
"1866","new","Kyle Kuzma","fashion.caa","https://fashion.caa.com","2025-08-13",NULL
"1867","new","Beabadoobee","fashion.caa","https://fashion.caa.com","2025-08-13",NULL
"1868","new","Paul Mescal","fashion.caa","https://fashion.caa.com","2025-08-13",NULL
"1869","new","Jorja Smith","fashion.caa","https://fashion.caa.com","2025-08-13",NULL
"1870","new","Ashley Park","fashion.caa","https://fashion.caa.com","2025-08-13",NULL
"1871","new","James Hype","spinartistagency","https://www.spinartistagency.com","2025-08-13",NULL
"1872","new","Chuckie","spinartistagency","https://www.spinartistagency.com","2025-08-13",NULL
"1873","new","GUDFELLA","spinartistagency","https://www.spinartistagency.com","2025-08-13",NULL
"1874","new","BIJOU","spinartistagency","https://www.spinartistagency.com","2025-08-13",NULL
"1875","new","ARTY","spinartistagency","https://www.spinartistagency.com","2025-08-13",NULL
"1876","new","Autograf","spinartistagency","https://www.spinartistagency.com","2025-08-13",NULL
"1877","new","Dark heart","spinartistagency","https://www.spinartistagency.com","2025-08-13",NULL
"1878","new","Ninajirachi","spinartistagency","https://www.spinartistagency.com","2025-08-13",NULL
"1879","new","Rayray","spinartistagency","https://www.spinartistagency.com","2025-08-13",NULL
"1880","new","Meduza","spinartistagency","https://www.spinartistagency.com","2025-08-13",NULL
"1881","new","13lackbeard","spinartistagency","https://www.spinartistagency.com","2025-08-13",NULL
"1882","new","Klingande","spinartistagency","https://www.spinartistagency.com","2025-08-13",NULL
"1883","new","Surf Mesa","spinartistagency","https://www.spinartistagency.com","2025-08-13",NULL
"1884","new","Worakls","spinartistagency","https://www.spinartistagency.com","2025-08-13",NULL
"1885","new","Camden Cox","spinartistagency","https://www.spinartistagency.com","2025-08-13",NULL
"1886","new","KoroLOva","spinartistagency","https://www.spinartistagency.com","2025-08-13",NULL
"1887","new","Trym","spinartistagency","https://www.spinartistagency.com","2025-08-13",NULL
"1888","new","D.o.D","spinartistagency","https://www.spinartistagency.com","2025-08-13",NULL
"1889","new","Bob Sinclar","spinartistagency","https://www.spinartistagency.com","2025-08-13",NULL
"1890","new","Nostalgix","spinartistagency","https://www.spinartistagency.com","2025-08-13",NULL
"1891","new","Sistek","spinartistagency","https://www.spinartistagency.com","2025-08-13",NULL
"1892","new","Ian asher","spinartistagency","https://www.spinartistagency.com","2025-08-13",NULL
"1893","new","Twinsick","spinartistagency","https://www.spinartistagency.com","2025-08-13",NULL
"1894","new","Wenzday","spinartistagency","https://www.spinartistagency.com","2025-08-13",NULL
"1895","new","MR TOUT LE MONDE","spinartistagency","https://www.spinartistagency.com","2025-08-13",NULL
"1896","new","Ferreck Dawn","spinartistagency","https://www.spinartistagency.com","2025-08-13",NULL
"1897","new","TITA LAU","spinartistagency","https://www.spinartistagency.com","2025-08-13",NULL
"1898","new","AR/CO","spinartistagency","https://www.spinartistagency.com","2025-08-13",NULL
"1899","new","Grum","spinartistagency","https://www.spinartistagency.com","2025-08-13",NULL
"1900","new","Liva k","spinartistagency","https://www.spinartistagency.com","2025-08-13",NULL
"1901","new","Hannah Laing","spinartistagency","https://www.spinartistagency.com","2025-08-13",NULL
"1902","new","KLOUD","spinartistagency","https://www.spinartistagency.com","2025-08-13",NULL
"1903","new","Elysian","spinartistagency","https://www.spinartistagency.com","2025-08-13",NULL
"1904","new","LAVERN","spinartistagency","https://www.spinartistagency.com","2025-08-13",NULL
"1905","new","Volaris","spinartistagency","https://www.spinartistagency.com","2025-08-13",NULL
"1906","new","Benny Benassi","spinartistagency","https://www.spinartistagency.com","2025-08-13",NULL
"1907","new","Benson","spinartistagency","https://www.spinartistagency.com","2025-08-13",NULL
"1908","new","Tini gessler","spinartistagency","https://www.spinartistagency.com","2025-08-13",NULL
"1909","new","Aly & Fila","spinartistagency","https://www.spinartistagency.com","2025-08-13",NULL
"1910","new","Marten Hørger","spinartistagency","https://www.spinartistagency.com","2025-08-13",NULL
"1911","new","RuPaul","spinartistagency","https://www.spinartistagency.com","2025-08-13",NULL
"1912","new","third Culture","spinartistagency","https://www.spinartistagency.com","2025-08-13",NULL
"1913","new","BRESH","spinartistagency","https://www.spinartistagency.com","2025-08-13",NULL
"1914","new","No thanks","spinartistagency","https://www.spinartistagency.com","2025-08-13",NULL
"1915","new","Sian","spinartistagency","https://www.spinartistagency.com","2025-08-13",NULL
"1916","new","Emma Hewitt","spinartistagency","https://www.spinartistagency.com","2025-08-13",NULL
"1917","new","ALPHA 9","spinartistagency","https://www.spinartistagency.com","2025-08-13",NULL
"1918","new","Gabriel & Dresden","spinartistagency","https://www.spinartistagency.com","2025-08-13",NULL
"1919","new","Laurence GUY","spinartistagency","https://www.spinartistagency.com","2025-08-13",NULL
"1920","new","Qrion","spinartistagency","https://www.spinartistagency.com","2025-08-13",NULL
"1921","new","Spencer Brown","spinartistagency","https://www.spinartistagency.com","2025-08-13",NULL
"1922","new","HALIENE","spinartistagency","https://www.spinartistagency.com","2025-08-13",NULL
"1923","new","Ilan Bluestone","spinartistagency","https://www.spinartistagency.com","2025-08-13",NULL
"1924","new","Solardo","spinartistagency","https://www.spinartistagency.com","2025-08-13",NULL
"1925","new","Genesi","spinartistagency","https://www.spinartistagency.com","2025-08-13",NULL
"1926","new","Adi Oasis","tbaagency","https://tbaagency.com","2025-08-13",NULL
"1927","new","Kakkmaddafakka","tbaagency","https://tbaagency.com","2025-08-13",NULL
"1928","new","ratbag","tbaagency","https://tbaagency.com","2025-08-13",NULL
"1929","new","USERx","tbaagency","https://tbaagency.com","2025-08-13",NULL
"1930","new","Juliana Madrid","tbaagency","https://tbaagency.com","2025-08-13",NULL
"1931","new","Teethe","tbaagency","https://tbaagency.com","2025-08-13",NULL
"1932","new","Coach Party","tbaagency","https://tbaagency.com","2025-08-13",NULL
"1933","new","STRFKR","tbaagency","https://tbaagency.com","2025-08-13",NULL
"1934","new","Little Jesus","tbaagency","https://tbaagency.com","2025-08-13",NULL
"1935","new","Gretel Hänlyn","tbaagency","https://tbaagency.com","2025-08-13",NULL
"1936","new","Beirut","tbaagency","https://tbaagency.com","2025-08-13",NULL
"1937","new","Veronica Swift","tbaagency","https://tbaagency.com","2025-08-13",NULL
"1938","new","Protection","tbaagency","https://tbaagency.com","2025-08-13",NULL
"1939","new","ASTROPICAL","tbaagency","https://tbaagency.com","2025-08-13",NULL
"1940","new","Blondshell","tbaagency","https://tbaagency.com","2025-08-13",NULL
"1941","new","Dámaris Bójor","tbaagency","https://tbaagency.com","2025-08-13",NULL
"1942","new","Rita Payés","tbaagency","https://tbaagency.com","2025-08-13",NULL
"1943","new","JUNGLE","tbaagency","https://tbaagency.com","2025-08-13",NULL
"1944","new","Disq","tbaagency","https://tbaagency.com","2025-08-13",NULL
"1945","new","K.Flay","tbaagency","https://tbaagency.com","2025-08-13",NULL
"1946","new","Rawayana","tbaagency","https://tbaagency.com","2025-08-13",NULL
"1947","new","Lo Moon","tbaagency","https://tbaagency.com","2025-08-13",NULL
"1948","new","Porridge Radio","tbaagency","https://tbaagency.com","2025-08-13",NULL
"1949","new","Samora Pinderhughes","tbaagency","https://tbaagency.com","2025-08-13",NULL
"1950","new","Skinny Pelembe","tbaagency","https://tbaagency.com","2025-08-13",NULL
"1951","new","Edna Vazquez","tbaagency","https://tbaagency.com","2025-08-13",NULL
"1952","new","Tamino","tbaagency","https://tbaagency.com","2025-08-13",NULL
"1953","new","The Lazy Eyes","tbaagency","https://tbaagency.com","2025-08-13",NULL
"1954","new","Truman Sinclair","tbaagency","https://tbaagency.com","2025-08-13",NULL
"1955","new","The Presets","tbaagency","https://tbaagency.com","2025-08-13",NULL
"1956","new","Mansionair","tbaagency","https://tbaagency.com","2025-08-13",NULL
"1957","new","Abby Sage","tbaagency","https://tbaagency.com","2025-08-13",NULL
"1958","new","TDJ","tbaagency","https://tbaagency.com","2025-08-13",NULL
"1959","new","Buscabulla","tbaagency","https://tbaagency.com","2025-08-13",NULL
"1960","new","Ela Minus","tbaagency","https://tbaagency.com","2025-08-13",NULL
"1961","new","Resistance Revival Chorus","tbaagency","https://tbaagency.com","2025-08-13",NULL
"1962","new","Becky and the Birds","tbaagency","https://tbaagency.com","2025-08-13",NULL
"1963","new","Hayden Pedigo","tbaagency","https://tbaagency.com","2025-08-13",NULL
"1964","new","Sudan Archives","tbaagency","https://tbaagency.com","2025-08-13",NULL
"1965","new","SEES00000","tbaagency","https://tbaagency.com","2025-08-13",NULL
"1966","new","Daphni","tbaagency","https://tbaagency.com","2025-08-13",NULL
"1967","new","Tycho","tbaagency","https://tbaagency.com","2025-08-13",NULL
"1968","new","HighSchool","tbaagency","https://tbaagency.com","2025-08-13",NULL
"1969","new","Justin Quiles","tbaagency","https://tbaagency.com","2025-08-13",NULL
"1970","new","9Million","tbaagency","https://tbaagency.com","2025-08-13",NULL
"1971","new","Your Smith","tbaagency","https://tbaagency.com","2025-08-13",NULL
"1972","new","Wu-Lu","tbaagency","https://tbaagency.com","2025-08-13",NULL
"1973","new","Kevin Atwater","tbaagency","https://tbaagency.com","2025-08-13",NULL
"1974","new","Sword II","tbaagency","https://tbaagency.com","2025-08-13",NULL
"1975","new","Hether","tbaagency","https://tbaagency.com","2025-08-13",NULL
"1976","new","Simon Grossmann","tbaagency","https://tbaagency.com","2025-08-13",NULL
"1977","new","Hot Chip","tbaagency","https://tbaagency.com","2025-08-13",NULL
"1978","new","Unknown Mortal Orchestra","tbaagency","https://tbaagency.com","2025-08-13",NULL
"1979","new","Jockstrap","tbaagency","https://tbaagency.com","2025-08-13",NULL
"1980","new","Methyl Ethel","tbaagency","https://tbaagency.com","2025-08-13",NULL
"1981","new","Gordi","tbaagency","https://tbaagency.com","2025-08-13",NULL
"1982","new","Nicola Cruz","tbaagency","https://tbaagency.com","2025-08-13",NULL
"1983","new","DARUMAS","tbaagency","https://tbaagency.com","2025-08-13",NULL
"1984","new","Julia Jacklin","tbaagency","https://tbaagency.com","2025-08-13",NULL
"1985","new","Keni Titus","tbaagency","https://tbaagency.com","2025-08-13",NULL
"1986","new","Purity Ring","tbaagency","https://tbaagency.com","2025-08-13",NULL
"1987","new","Belief","tbaagency","https://tbaagency.com","2025-08-13",NULL
"1988","new","Todd Terje","tbaagency","https://tbaagency.com","2025-08-13",NULL
"1989","new","Ambar Lucid","tbaagency","https://tbaagency.com","2025-08-13",NULL
"1990","new","Cuco","tbaagency","https://tbaagency.com","2025-08-13",NULL
"1991","new","Tirzah","tbaagency","https://tbaagency.com","2025-08-13",NULL
"1992","new","CHVRCHES","tbaagency","https://tbaagency.com","2025-08-13",NULL
"1993","new","Evan Blix","tbaagency","https://tbaagency.com","2025-08-13",NULL
"1994","new","Yuno","tbaagency","https://tbaagency.com","2025-08-13",NULL
"1995","new","Bassvictim","tbaagency","https://tbaagency.com","2025-08-13",NULL
"1996","new","Guided By Voices","tbaagency","https://tbaagency.com","2025-08-13",NULL
"1997","new","Pink Martini","tbaagency","https://tbaagency.com","2025-08-13",NULL
"1998","new","Bandalos Chinos","tbaagency","https://tbaagency.com","2025-08-13",NULL
"1999","new","Bombay Bicycle Club","tbaagency","https://tbaagency.com","2025-08-13",NULL
"2000","new","Aeon Station","tbaagency","https://tbaagency.com","2025-08-13",NULL
"2001","new","DāM-FunK","tbaagency","https://tbaagency.com","2025-08-13",NULL
"2002","new","pablopablo","tbaagency","https://tbaagency.com","2025-08-13",NULL
"2003","new","Gia Margaret","tbaagency","https://tbaagency.com","2025-08-13",NULL
"2004","new","Quinn Christopherson","tbaagency","https://tbaagency.com","2025-08-13",NULL
"2005","new","Y La Bamba","tbaagency","https://tbaagency.com","2025-08-13",NULL
"2006","new","J Noa","tbaagency","https://tbaagency.com","2025-08-13",NULL
"2007","new","Miami Horror","tbaagency","https://tbaagency.com","2025-08-13",NULL
"2008","new","Celebrity Book Club with Steven and Lily","tbaagency","https://tbaagency.com","2025-08-13",NULL
"2009","new","Delivery","tbaagency","https://tbaagency.com","2025-08-13",NULL
"2010","new","Kerala Dust","tbaagency","https://tbaagency.com","2025-08-13",NULL
"2011","new","Digitalism","tbaagency","https://tbaagency.com","2025-08-13",NULL
"2012","new","Avalon Emerson","tbaagency","https://tbaagency.com","2025-08-13",NULL
"2013","new","Mexican Institute of Sound","tbaagency","https://tbaagency.com","2025-08-13",NULL
"2014","new","Mora","tbaagency","https://tbaagency.com","2025-08-13",NULL
"2015","new","Son Rompe Pera","tbaagency","https://tbaagency.com","2025-08-13",NULL
"2016","new","Superorganism","tbaagency","https://tbaagency.com","2025-08-13",NULL
"2017","new","Remi Wolf","tbaagency","https://tbaagency.com","2025-08-13",NULL
"2018","new","julie","tbaagency","https://tbaagency.com","2025-08-13",NULL
"2019","new","Mild Minds","tbaagency","https://tbaagency.com","2025-08-13",NULL
"2020","new","rusowsky","tbaagency","https://tbaagency.com","2025-08-13",NULL
"2021","new","Andrew W.K.","tbaagency","https://tbaagency.com","2025-08-13",NULL
"2022","new","James Krivchenia","tbaagency","https://tbaagency.com","2025-08-13",NULL
"2023","new","Jay Som","tbaagency","https://tbaagency.com","2025-08-13",NULL
"2024","new","FUR","tbaagency","https://tbaagency.com","2025-08-13",NULL
"2025","new","Luísa Sonza","tbaagency","https://tbaagency.com","2025-08-13",NULL
"2026","new","Pabllo Vittar","tbaagency","https://tbaagency.com","2025-08-13",NULL
"2027","new","Súbelo Neo","tbaagency","https://tbaagency.com","2025-08-13",NULL
"2028","new","Sen Senra","tbaagency","https://tbaagency.com","2025-08-13",NULL
"2029","new","Alice Ivy","tbaagency","https://tbaagency.com","2025-08-13",NULL
"2030","new","The Midnight","tbaagency","https://tbaagency.com","2025-08-13",NULL
"2031","new","TR/ST","tbaagency","https://tbaagency.com","2025-08-13",NULL
"2032","new","gglum","tbaagency","https://tbaagency.com","2025-08-13",NULL
"2033","new","SORRY","tbaagency","https://tbaagency.com","2025-08-13",NULL
"2034","new","Orion Sun","tbaagency","https://tbaagency.com","2025-08-13",NULL
"2035","new","The Beths","tbaagency","https://tbaagency.com","2025-08-13",NULL
"2036","new","INVT","tbaagency","https://tbaagency.com","2025-08-13",NULL
"2037","new","Bachelor","tbaagency","https://tbaagency.com","2025-08-13",NULL
"2038","new","feeble little horse","tbaagency","https://tbaagency.com","2025-08-13",NULL
"2039","new","Sleaford Mods","tbaagency","https://tbaagency.com","2025-08-13",NULL
"2040","new","Maye","tbaagency","https://tbaagency.com","2025-08-13",NULL
"2041","new","Jet Vesper","tbaagency","https://tbaagency.com","2025-08-13",NULL
"2042","new","Xenia Rubinos","tbaagency","https://tbaagency.com","2025-08-13",NULL
"2043","new","Kiltro","tbaagency","https://tbaagency.com","2025-08-13",NULL
"2044","new","La Doña","tbaagency","https://tbaagency.com","2025-08-13",NULL
"2045","new","Matilda Lyn","tbaagency","https://tbaagency.com","2025-08-13",NULL
"2046","new","Sparklmami","tbaagency","https://tbaagency.com","2025-08-13",NULL
"2047","new","Nick León","tbaagency","https://tbaagency.com","2025-08-13",NULL
"2048","new","Mei Ehara","tbaagency","https://tbaagency.com","2025-08-13",NULL
"2049","new","yeemz","tbaagency","https://tbaagency.com","2025-08-13",NULL
"2050","new","ggwendolyn","tbaagency","https://tbaagency.com","2025-08-13",NULL
"2051","new","King Tuff","tbaagency","https://tbaagency.com","2025-08-13",NULL
"2052","new","Marinero","tbaagency","https://tbaagency.com","2025-08-13",NULL
"2053","new","Preoccupations","tbaagency","https://tbaagency.com","2025-08-13",NULL
"2054","new","NEIL FRANCES","tbaagency","https://tbaagency.com","2025-08-13",NULL
"2055","new","bdrmm","tbaagency","https://tbaagency.com","2025-08-13",NULL
"2056","new","Paloma Mami","tbaagency","https://tbaagency.com","2025-08-13",NULL
"2057","new","Arima Ederra","tbaagency","https://tbaagency.com","2025-08-13",NULL
"2058","new","Courtney Barnett","tbaagency","https://tbaagency.com","2025-08-13",NULL
"2059","new","Cut Copy","tbaagency","https://tbaagency.com","2025-08-13",NULL
"2060","new","LIES","tbaagency","https://tbaagency.com","2025-08-13",NULL
"2061","new","Gustaf","tbaagency","https://tbaagency.com","2025-08-13",NULL
"2062","new","Planta Industrial","tbaagency","https://tbaagency.com","2025-08-13",NULL
"2063","new","Sweet Pill","tbaagency","https://tbaagency.com","2025-08-13",NULL
"2064","new","Girl Scout","tbaagency","https://tbaagency.com","2025-08-13",NULL
"2065","new","Ezra Williams","tbaagency","https://tbaagency.com","2025-08-13",NULL
"2066","new","Jadu Heart","tbaagency","https://tbaagency.com","2025-08-13",NULL
"2067","new","The Wrens","tbaagency","https://tbaagency.com","2025-08-13",NULL
"2068","new","Momma","tbaagency","https://tbaagency.com","2025-08-13",NULL
"2069","new","Stella Bridie","tbaagency","https://tbaagency.com","2025-08-13",NULL
"2070","new","Matt Maeson","tbaagency","https://tbaagency.com","2025-08-13",NULL
"2071","new","HVOB","tbaagency","https://tbaagency.com","2025-08-13",NULL
"2072","new","Arushi Jain","tbaagency","https://tbaagency.com","2025-08-13",NULL
"2073","new","Madame Gandhi","tbaagency","https://tbaagency.com","2025-08-13",NULL
"2074","new","Estevie","tbaagency","https://tbaagency.com","2025-08-13",NULL
"2075","new","underscores","tbaagency","https://tbaagency.com","2025-08-13",NULL
"2076","new","Boy Pablo","tbaagency","https://tbaagency.com","2025-08-13",NULL
"2077","new","Urias","tbaagency","https://tbaagency.com","2025-08-13",NULL
"2078","new","Poolside","tbaagency","https://tbaagency.com","2025-08-13",NULL
"2079","new","Nai Palm (of Hiatus Kaiyote)","tbaagency","https://tbaagency.com","2025-08-13",NULL
"2080","new","Marem Ladson","tbaagency","https://tbaagency.com","2025-08-13",NULL
"2081","new","Inner Wave","tbaagency","https://tbaagency.com","2025-08-13",NULL
"2082","new","Sarah Julia","tbaagency","https://tbaagency.com","2025-08-13",NULL
"2083","new","Tune-Yards","tbaagency","https://tbaagency.com","2025-08-13",NULL
"2084","new","Kero Kero Bonito","tbaagency","https://tbaagency.com","2025-08-13",NULL
"2085","new","Faye Webster","tbaagency","https://tbaagency.com","2025-08-13",NULL
"2086","new","Trueno","tbaagency","https://tbaagency.com","2025-08-13",NULL
"2087","new","Devendra Banhart","tbaagency","https://tbaagency.com","2025-08-13",NULL
"2088","new","Jacob Alon","tbaagency","https://tbaagency.com","2025-08-13",NULL
"2089","new","Liniker","tbaagency","https://tbaagency.com","2025-08-13",NULL
"2090","new","Lauren Mayberry","tbaagency","https://tbaagency.com","2025-08-13",NULL
"2091","new","Aunt Katrina","tbaagency","https://tbaagency.com","2025-08-13",NULL
"2092","new","Mura Masa","tbaagency","https://tbaagency.com","2025-08-13",NULL
"2093","new","Middle Kids","tbaagency","https://tbaagency.com","2025-08-13",NULL
"2094","new","The Kilans","tbaagency","https://tbaagency.com","2025-08-13",NULL
"2095","new","2D0GS","tbaagency","https://tbaagency.com","2025-08-13",NULL
"2096","new","Quantic","tbaagency","https://tbaagency.com","2025-08-13",NULL
"2097","new","Darius","tbaagency","https://tbaagency.com","2025-08-13",NULL
"2098","new","China Forbes (of Pink Martini)","tbaagency","https://tbaagency.com","2025-08-13",NULL
"2099","new","sweet93","tbaagency","https://tbaagency.com","2025-08-13",NULL
"2100","new","Caribou","tbaagency","https://tbaagency.com","2025-08-13",NULL
"2101","new","EKKSTACY","tbaagency","https://tbaagency.com","2025-08-13",NULL
"2102","new","Priya Ragu","tbaagency","https://tbaagency.com","2025-08-13",NULL
"2103","new","runo plum","tbaagency","https://tbaagency.com","2025-08-13",NULL
"2104","new","Keenan O’Meara","tbaagency","https://tbaagency.com","2025-08-13",NULL
"2105","new","Voxtrot","tbaagency","https://tbaagency.com","2025-08-13",NULL
"2106","new","Wishy","tbaagency","https://tbaagency.com","2025-08-13",NULL
"2107","new","Sofía Valdés","tbaagency","https://tbaagency.com","2025-08-13",NULL
"2108","new","Elkka","tbaagency","https://tbaagency.com","2025-08-13",NULL
"2109","new","Nina Las Vegas","tbaagency","https://tbaagency.com","2025-08-13",NULL
"2110","new","Small Black","tbaagency","https://tbaagency.com","2025-08-13",NULL
"2111","new","Yaeji","tbaagency","https://tbaagency.com","2025-08-13",NULL
"2112","new","Hiatus Kaiyote","tbaagency","https://tbaagency.com","2025-08-13",NULL
"2113","new","MS NINA","tbaagency","https://tbaagency.com","2025-08-13",NULL
"2114","new","Ed Maverick","tbaagency","https://tbaagency.com","2025-08-13",NULL
"2115","new","Julia Holter","tbaagency","https://tbaagency.com","2025-08-13",NULL
"2116","new","Rio Kosta","tbaagency","https://tbaagency.com","2025-08-13",NULL
"2117","new","Starcleaner Reunion","tbaagency","https://tbaagency.com","2025-08-13",NULL
"2118","new","Leith Ross","tbaagency","https://tbaagency.com","2025-08-13",NULL
"2119","new","La Dispute","tbaagency","https://tbaagency.com","2025-08-13",NULL
"2120","new","José González","tbaagency","https://tbaagency.com","2025-08-13",NULL
"2121","new","Kilder","tbaagency","https://tbaagency.com","2025-08-13",NULL
"2122","new","Searows","tbaagency","https://tbaagency.com","2025-08-13",NULL
"2123","new","Hojean","tbaagency","https://tbaagency.com","2025-08-13",NULL
"2124","new","Ana Tijoux","tbaagency","https://tbaagency.com","2025-08-13",NULL
"2125","new","Vale","tbaagency","https://tbaagency.com","2025-08-13",NULL
"2126","new","Bea and her Business","tbaagency","https://tbaagency.com","2025-08-13",NULL
"2127","new","Olivia Barton","tbaagency","https://tbaagency.com","2025-08-13",NULL
"2128","new","American Football","tbaagency","https://tbaagency.com","2025-08-13",NULL
"2129","new","Jakob","tbaagency","https://tbaagency.com","2025-08-13",NULL
"2130","new","Camila Fernández","tbaagency","https://tbaagency.com","2025-08-13",NULL
"2131","new","Nina Cobham","tbaagency","https://tbaagency.com","2025-08-13",NULL
"2132","new","bôa","tbaagency","https://tbaagency.com","2025-08-13",NULL
"2133","new","Folk Bitch Trio","tbaagency","https://tbaagency.com","2025-08-13",NULL
"2134","new","YACHT","tbaagency","https://tbaagency.com","2025-08-13",NULL
"2135","new","Lava La Rue","tbaagency","https://tbaagency.com","2025-08-13",NULL
"2136","new","Grupo Frontera","tbaagency","https://tbaagency.com","2025-08-13",NULL
"2137","new","Hello Mary","tbaagency","https://tbaagency.com","2025-08-13",NULL
"2138","new","Doss","tbaagency","https://tbaagency.com","2025-08-13",NULL
"2139","new","Chrissy Chlapecka","tbaagency","https://tbaagency.com","2025-08-13",NULL
"2140","new","Brennan Wedl","tbaagency","https://tbaagency.com","2025-08-13",NULL
"2141","new","Ethel Cain","tbaagency","https://tbaagency.com","2025-08-13",NULL
"2142","new","Electric Guest","tbaagency","https://tbaagency.com","2025-08-13",NULL
"2143","new","SNACKTIME","tbaagency","https://tbaagency.com","2025-08-13",NULL
"2144","new","Holy Fuck","tbaagency","https://tbaagency.com","2025-08-13",NULL
"2145","new","Buck Meek","tbaagency","https://tbaagency.com","2025-08-13",NULL
"2146","new","Jessy Lanza","tbaagency","https://tbaagency.com","2025-08-13",NULL
"2147","new","Tiago PZK","tbaagency","https://tbaagency.com","2025-08-13",NULL
"2148","new","Bratty","tbaagency","https://tbaagency.com","2025-08-13",NULL
"2149","new","Gus","tbaagency","https://tbaagency.com","2025-08-13",NULL
"2150","new","Tanukichan","tbaagency","https://tbaagency.com","2025-08-13",NULL
"2151","new","Vallis Alps","tbaagency","https://tbaagency.com","2025-08-13",NULL
"2152","new","Sabino","tbaagency","https://tbaagency.com","2025-08-13",NULL
"2153","new","Sea Lemon","tbaagency","https://tbaagency.com","2025-08-13",NULL
"2154","new","Rocket","tbaagency","https://tbaagency.com","2025-08-13",NULL
"2155","new","Hatchie","tbaagency","https://tbaagency.com","2025-08-13",NULL
"2156","new","Alvvays","tbaagency","https://tbaagency.com","2025-08-13",NULL
"2157","new","Bob Moses","tbaagency","https://tbaagency.com","2025-08-13",NULL
"2158","new","Hannah Frances","tbaagency","https://tbaagency.com","2025-08-13",NULL
"2159","new","Hohnen Ford","tbaagency","https://tbaagency.com","2025-08-13",NULL
"2160","new","Javypablo","tbaagency","https://tbaagency.com","2025-08-13",NULL
"2161","new","Owen","tbaagency","https://tbaagency.com","2025-08-13",NULL
"2162","new","salute","tbaagency","https://tbaagency.com","2025-08-13",NULL
"2163","new","Hana Vu","tbaagency","https://tbaagency.com","2025-08-13",NULL
"2164","new","Adrianne Lenker","tbaagency","https://tbaagency.com","2025-08-13",NULL
"2165","new","Snakehips","tbaagency","https://tbaagency.com","2025-08-13",NULL
"2166","new","Benét","tbaagency","https://tbaagency.com","2025-08-13",NULL
"2167","new","Jordan Patterson","tbaagency","https://tbaagency.com","2025-08-13",NULL
"2168","new","Big Thief","tbaagency","https://tbaagency.com","2025-08-13",NULL
"2169","new","Dream, Ivory","tbaagency","https://tbaagency.com","2025-08-13",NULL
"2170","new","Jens Lekman","tbaagency","https://tbaagency.com","2025-08-13",NULL
"2171","new","Molly Tuttle","wmeagency","https://music.wmeagency.com","2025-08-13",NULL
"2172","new","Ahmed Spins","wmeagency","https://music.wmeagency.com","2025-08-13",NULL
"2173","new","Brad Paisley","wmeagency","https://music.wmeagency.com","2025-08-13",NULL
"2174","new","Randy Rainbow","wmeagency","https://music.wmeagency.com","2025-08-13",NULL
"2175","new","Eminem","wmeagency","https://music.wmeagency.com","2025-08-13",NULL
"2176","new","Layla Benitez","wmeagency","https://music.wmeagency.com","2025-08-13",NULL
"2177","new","The Airborne Toxic Event","wmeagency","https://music.wmeagency.com","2025-08-13",NULL
"2178","new","Rag'n'Bone Man","wmeagency","https://music.wmeagency.com","2025-08-13",NULL
"2179","new","Pet Shop Boys","wmeagency","https://music.wmeagency.com","2025-08-13",NULL
"2180","new","Natti Natasha","wmeagency","https://music.wmeagency.com","2025-08-13",NULL
"2181","new","Myles Morgan","wmeagency","https://music.wmeagency.com","2025-08-13",NULL
"2182","new","Gable Price and Friends","wmeagency","https://music.wmeagency.com","2025-08-13",NULL
"2183","new","Around the NFL Podcast","wmeagency","https://music.wmeagency.com","2025-08-13",NULL
"2184","new","The Oak Ridge Boys","wmeagency","https://music.wmeagency.com","2025-08-13",NULL
"2185","new","Joe Goddard","wmeagency","https://music.wmeagency.com","2025-08-13",NULL
"2186","new","Holy Ghost!","wmeagency","https://music.wmeagency.com","2025-08-13",NULL
"2187","new","Skindred","wmeagency","https://music.wmeagency.com","2025-08-13",NULL
"2188","new","Dana Gould","wmeagency","https://music.wmeagency.com","2025-08-13",NULL
"2189","new","Alan Jackson","wmeagency","https://music.wmeagency.com","2025-08-13",NULL
"2190","new","Ricky Velez","wmeagency","https://music.wmeagency.com","2025-08-13",NULL
"2191","new","Teyana Taylor","wmeagency","https://music.wmeagency.com","2025-08-13",NULL
"2192","new","The Panhandlers","wmeagency","https://music.wmeagency.com","2025-08-13",NULL
"2193","new","AntsLive","wmeagency","https://music.wmeagency.com","2025-08-13",NULL
"2194","new","Deyah","wmeagency","https://music.wmeagency.com","2025-08-13",NULL
"2195","new","Sekou","wmeagency","https://music.wmeagency.com","2025-08-13",NULL
"2196","new","CeCe","wmeagency","https://music.wmeagency.com","2025-08-13",NULL
"2197","new","Vanessa Bayer","wmeagency","https://music.wmeagency.com","2025-08-13",NULL
"2198","new","Joe Santagato","wmeagency","https://music.wmeagency.com","2025-08-13",NULL
"2199","new","METTE","wmeagency","https://music.wmeagency.com","2025-08-13",NULL
"2200","new","Lightning Seeds","wmeagency","https://music.wmeagency.com","2025-08-13",NULL
"2201","new","Loyal Lobos","wmeagency","https://music.wmeagency.com","2025-08-13",NULL
"2202","new","Rend Collective","wmeagency","https://music.wmeagency.com","2025-08-13",NULL
"2203","new","The Bachelor Live","wmeagency","https://music.wmeagency.com","2025-08-13",NULL
"2204","new","Circa Waves","wmeagency","https://music.wmeagency.com","2025-08-13",NULL
"2205","new","Kenny G.","wmeagency","https://music.wmeagency.com","2025-08-13",NULL
"2206","new","Henrik","wmeagency","https://music.wmeagency.com","2025-08-13",NULL
"2207","new","Maria Isabel","wmeagency","https://music.wmeagency.com","2025-08-13",NULL
"2208","new","ian","wmeagency","https://music.wmeagency.com","2025-08-13",NULL
"2209","new","Lydia Night","wmeagency","https://music.wmeagency.com","2025-08-13",NULL
"2210","new","Yedoye Travis","wmeagency","https://music.wmeagency.com","2025-08-13",NULL
"2211","new","Kaleo","wmeagency","https://music.wmeagency.com","2025-08-13",NULL
"2212","new","Keo","wmeagency","https://music.wmeagency.com","2025-08-13",NULL
"2213","new","Now You See Me Live","wmeagency","https://music.wmeagency.com","2025-08-13",NULL
"2214","new","Matt Stell","wmeagency","https://music.wmeagency.com","2025-08-13",NULL
"2215","new","dearALICE","wmeagency","https://music.wmeagency.com","2025-08-13",NULL
"2216","new","Chris Distefano","wmeagency","https://music.wmeagency.com","2025-08-13",NULL
"2217","new","Glom","wmeagency","https://music.wmeagency.com","2025-08-13",NULL
"2218","new","Triumph the Insult Comic Dog","wmeagency","https://music.wmeagency.com","2025-08-13",NULL
"2219","new","Brantley Gilbert","wmeagency","https://music.wmeagency.com","2025-08-13",NULL
"2220","new","Pete Tong","wmeagency","https://music.wmeagency.com","2025-08-13",NULL
"2221","new","Jacqueline Novak","wmeagency","https://music.wmeagency.com","2025-08-13",NULL
"2222","new","Isabel","wmeagency","https://music.wmeagency.com","2025-08-13",NULL
"2223","new","Benny the Butcher","wmeagency","https://music.wmeagency.com","2025-08-13",NULL
"2224","new","Luke Bryan","wmeagency","https://music.wmeagency.com","2025-08-13",NULL
"2225","new","Greeicy","wmeagency","https://music.wmeagency.com","2025-08-13",NULL
"2226","new","Zino Vinci","wmeagency","https://music.wmeagency.com","2025-08-13",NULL
"2227","new","Death Grips","wmeagency","https://music.wmeagency.com","2025-08-13",NULL
"2228","new","Ivan Cornejo","wmeagency","https://music.wmeagency.com","2025-08-13",NULL
"2229","new","Blessing Offor","wmeagency","https://music.wmeagency.com","2025-08-13",NULL
"2230","new","Neal Brennan","wmeagency","https://music.wmeagency.com","2025-08-13",NULL
"2231","new","June Diane Raphael","wmeagency","https://music.wmeagency.com","2025-08-13",NULL
"2232","new","Joyhauser","wmeagency","https://music.wmeagency.com","2025-08-13",NULL
"2233","new","Juanes","wmeagency","https://music.wmeagency.com","2025-08-13",NULL
"2234","new","JARV IS?","wmeagency","https://music.wmeagency.com","2025-08-13",NULL
"2235","new","daydreamers","wmeagency","https://music.wmeagency.com","2025-08-13",NULL
"2236","new","Ali Kolbert","wmeagency","https://music.wmeagency.com","2025-08-13",NULL
"2237","new","Jessie Ware","wmeagency","https://music.wmeagency.com","2025-08-13",NULL
"2238","new","My Plus One Podcast","wmeagency","https://music.wmeagency.com","2025-08-13",NULL
"2239","new","Agnes Obel","wmeagency","https://music.wmeagency.com","2025-08-13",NULL
"2240","new","KAM-BU","wmeagency","https://music.wmeagency.com","2025-08-13",NULL
"2241","new","Skylar Simone","wmeagency","https://music.wmeagency.com","2025-08-13",NULL
"2242","new","Brett Young","wmeagency","https://music.wmeagency.com","2025-08-13",NULL
"2243","new","Michael McDonald","wmeagency","https://music.wmeagency.com","2025-08-13",NULL
"2244","new","Andy Grammer","wmeagency","https://music.wmeagency.com","2025-08-13",NULL
"2245","new","Sydney Ross Mitchell","wmeagency","https://music.wmeagency.com","2025-08-13",NULL
"2246","new","Freestyle Love Supreme","wmeagency","https://music.wmeagency.com","2025-08-13",NULL
"2247","new","Bell Biv DeVoe","wmeagency","https://music.wmeagency.com","2025-08-13",NULL
"2248","new","Tobe Nwigwe","wmeagency","https://music.wmeagency.com","2025-08-13",NULL
"2249","new","Christina Perri","wmeagency","https://music.wmeagency.com","2025-08-13",NULL
"2250","new","The Kid Mero","wmeagency","https://music.wmeagency.com","2025-08-13",NULL
"2251","new","Penn & Teller","wmeagency","https://music.wmeagency.com","2025-08-13",NULL
"2252","new","Lady London","wmeagency","https://music.wmeagency.com","2025-08-13",NULL
"2253","new","DOGG POUND","wmeagency","https://music.wmeagency.com","2025-08-13",NULL
"2254","new","Samara Cyn","wmeagency","https://music.wmeagency.com","2025-08-13",NULL
"2255","new","Sofia Carson","wmeagency","https://music.wmeagency.com","2025-08-13",NULL
"2256","new","Leah Blevins","wmeagency","https://music.wmeagency.com","2025-08-13",NULL
"2257","new","Brian Setzer Orchestra","wmeagency","https://music.wmeagency.com","2025-08-13",NULL
"2258","new","The Avalanches","wmeagency","https://music.wmeagency.com","2025-08-13",NULL
"2259","new","Live","wmeagency","https://music.wmeagency.com","2025-08-13",NULL
"2260","new","Gretchen Wilson","wmeagency","https://music.wmeagency.com","2025-08-13",NULL
"2261","new","Luch","wmeagency","https://music.wmeagency.com","2025-08-13",NULL
"2262","new","Alanis Morissette","wmeagency","https://music.wmeagency.com","2025-08-13",NULL
"2263","new","Mannheim Steamroller Christmas, By Chip Davis","wmeagency","https://music.wmeagency.com","2025-08-13",NULL
"2264","new","Pitbull","wmeagency","https://music.wmeagency.com","2025-08-13",NULL
"2265","new","Moses Sumney","wmeagency","https://music.wmeagency.com","2025-08-13",NULL
"2266","new","DELILAH","wmeagency","https://music.wmeagency.com","2025-08-13",NULL
"2267","new","Sheryl Crow","wmeagency","https://music.wmeagency.com","2025-08-13",NULL
"2268","new","Eric Paslay","wmeagency","https://music.wmeagency.com","2025-08-13",NULL
"2269","new","Janelle Monae","wmeagency","https://music.wmeagency.com","2025-08-13",NULL
"2270","new","Judd Apatow","wmeagency","https://music.wmeagency.com","2025-08-13",NULL
"2271","new","Peter Gabriel","wmeagency","https://music.wmeagency.com","2025-08-13",NULL
"2272","new","The Struts","wmeagency","https://music.wmeagency.com","2025-08-13",NULL
"2273","new","Pat Green","wmeagency","https://music.wmeagency.com","2025-08-13",NULL
"2274","new","Faouzia","wmeagency","https://music.wmeagency.com","2025-08-13",NULL
"2275","new","Liam Finn","wmeagency","https://music.wmeagency.com","2025-08-13",NULL
"2276","new","Payton Howie","wmeagency","https://music.wmeagency.com","2025-08-13",NULL
"2277","new","SAULT","wmeagency","https://music.wmeagency.com","2025-08-13",NULL
"2278","new","David Lee Roth","wmeagency","https://music.wmeagency.com","2025-08-13",NULL
"2279","new","Fiona-Lee","wmeagency","https://music.wmeagency.com","2025-08-13",NULL
"2280","new","Hiss Golden Messenger","wmeagency","https://music.wmeagency.com","2025-08-13",NULL
"2281","new","Jaboukie Young-White","wmeagency","https://music.wmeagency.com","2025-08-13",NULL
"2282","new","I Don't Know How But They Found Me","wmeagency","https://music.wmeagency.com","2025-08-13",NULL
"2283","new","kwn","wmeagency","https://music.wmeagency.com","2025-08-13",NULL
"2284","new","Moulin Rouge! the Musical","wmeagency","https://music.wmeagency.com","2025-08-13",NULL
"2285","new","Meg Mac","wmeagency","https://music.wmeagency.com","2025-08-13",NULL
"2286","new","Trippie Redd","wmeagency","https://music.wmeagency.com","2025-08-13",NULL
"2287","new","Paul Cauthen","wmeagency","https://music.wmeagency.com","2025-08-13",NULL
"2288","new","Thirsty Merc","wmeagency","https://music.wmeagency.com","2025-08-13",NULL
"2289","new","Conway The Machine","wmeagency","https://music.wmeagency.com","2025-08-13",NULL
"2290","new","DON BROCO","wmeagency","https://music.wmeagency.com","2025-08-13",NULL
"2291","new","Lea Michele","wmeagency","https://music.wmeagency.com","2025-08-13",NULL
"2292","new","David Rawlings","wmeagency","https://music.wmeagency.com","2025-08-13",NULL
"2293","new","Nicole Byer","wmeagency","https://music.wmeagency.com","2025-08-13",NULL
"2294","new","Grace Bowers","wmeagency","https://music.wmeagency.com","2025-08-13",NULL
"2295","new","Hugh Jackman","wmeagency","https://music.wmeagency.com","2025-08-13",NULL
"2296","new","The Band Loula","wmeagency","https://music.wmeagency.com","2025-08-13",NULL
"2297","new","Craig Morgan","wmeagency","https://music.wmeagency.com","2025-08-13",NULL
"2298","new","OGUZ","wmeagency","https://music.wmeagency.com","2025-08-13",NULL
"2299","new","Young Fathers","wmeagency","https://music.wmeagency.com","2025-08-13",NULL
"2300","new","Jack White","wmeagency","https://music.wmeagency.com","2025-08-13",NULL
"2301","new","Cochise","wmeagency","https://music.wmeagency.com","2025-08-13",NULL
"2302","new","Mochakk","wmeagency","https://music.wmeagency.com","2025-08-13",NULL
"2303","new","Jordan Jensen","wmeagency","https://music.wmeagency.com","2025-08-13",NULL
"2304","new","Teddy Swims","wmeagency","https://music.wmeagency.com","2025-08-13",NULL
"2305","new","MUST DIE!","wmeagency","https://music.wmeagency.com","2025-08-13",NULL
"2306","new","The B-52s","wmeagency","https://music.wmeagency.com","2025-08-13",NULL
"2307","new","LL Cool J","wmeagency","https://music.wmeagency.com","2025-08-13",NULL
"2308","new","Alicia Keys","wmeagency","https://music.wmeagency.com","2025-08-13",NULL
"2309","new","Rain - A Tribute to The Beatles","wmeagency","https://music.wmeagency.com","2025-08-13",NULL
"2310","new","DanDlion","wmeagency","https://music.wmeagency.com","2025-08-13",NULL
"2311","new","Andrew Ripp","wmeagency","https://music.wmeagency.com","2025-08-13",NULL
"2312","new","Che Durena","wmeagency","https://music.wmeagency.com","2025-08-13",NULL
"2313","new","LP","wmeagency","https://music.wmeagency.com","2025-08-13",NULL
"2314","new","Lilah","wmeagency","https://music.wmeagency.com","2025-08-13",NULL
"2315","new","Phil Hanley","wmeagency","https://music.wmeagency.com","2025-08-13",NULL
"2316","new","Weezer","wmeagency","https://music.wmeagency.com","2025-08-13",NULL
"2317","new","Dierks Bentley","wmeagency","https://music.wmeagency.com","2025-08-13",NULL
"2318","new","Joesef","wmeagency","https://music.wmeagency.com","2025-08-13",NULL
"2319","new","Lucky Daye","wmeagency","https://music.wmeagency.com","2025-08-13",NULL
"2320","new","Reyna Tropical","wmeagency","https://music.wmeagency.com","2025-08-13",NULL
"2321","new","Jake Bugg","wmeagency","https://music.wmeagency.com","2025-08-13",NULL
"2322","new","Deap Vally","wmeagency","https://music.wmeagency.com","2025-08-13",NULL
"2323","new","Chase McDaniel","wmeagency","https://music.wmeagency.com","2025-08-13",NULL
"2324","new","The Vines","wmeagency","https://music.wmeagency.com","2025-08-13",NULL
"2325","new","Montell Fish","wmeagency","https://music.wmeagency.com","2025-08-13",NULL
"2326","new","The Strokes","wmeagency","https://music.wmeagency.com","2025-08-13",NULL
"2327","new","Holly Humberstone","wmeagency","https://music.wmeagency.com","2025-08-13",NULL
"2328","new","Sad Night Dynamite","wmeagency","https://music.wmeagency.com","2025-08-13",NULL
"2329","new","Riverdance - 30th Anniversary Tour","wmeagency","https://music.wmeagency.com","2025-08-13",NULL
"2330","new","VEEZE","wmeagency","https://music.wmeagency.com","2025-08-13",NULL
"2331","new","Devon Walker","wmeagency","https://music.wmeagency.com","2025-08-13",NULL
"2332","new","Painted Shield","wmeagency","https://music.wmeagency.com","2025-08-13",NULL
"2333","new","Kelsey Lu","wmeagency","https://music.wmeagency.com","2025-08-13",NULL
"2334","new","Airrica","wmeagency","https://music.wmeagency.com","2025-08-13",NULL
"2335","new","Elbow","wmeagency","https://music.wmeagency.com","2025-08-13",NULL
"2336","new","Taya","wmeagency","https://music.wmeagency.com","2025-08-13",NULL
"2337","new","Albert Hammond, Jr.","wmeagency","https://music.wmeagency.com","2025-08-13",NULL
"2338","new","Esperanza Spalding","wmeagency","https://music.wmeagency.com","2025-08-13",NULL
"2339","new","Frank Walker","wmeagency","https://music.wmeagency.com","2025-08-13",NULL
"2340","new","Touche Amore","wmeagency","https://music.wmeagency.com","2025-08-13",NULL
"2341","new","Clavish","wmeagency","https://music.wmeagency.com","2025-08-13",NULL
"2342","new","Simple Things","wmeagency","https://music.wmeagency.com","2025-08-13",NULL
"2343","new","Quixotic","wmeagency","https://music.wmeagency.com","2025-08-13",NULL
"2344","new","FJAAK","wmeagency","https://music.wmeagency.com","2025-08-13",NULL
"2345","new","Be Your Own Pet","wmeagency","https://music.wmeagency.com","2025-08-13",NULL
"2346","new","Gillian Welch","wmeagency","https://music.wmeagency.com","2025-08-13",NULL
"2347","new","BRONSON","wmeagency","https://music.wmeagency.com","2025-08-13",NULL
"2348","new","Peace Control","wmeagency","https://music.wmeagency.com","2025-08-13",NULL
"2349","new","Josh Wolf","wmeagency","https://music.wmeagency.com","2025-08-13",NULL
"2350","new","Nathy Peluso","wmeagency","https://music.wmeagency.com","2025-08-13",NULL
"2351","new","Foster The People","wmeagency","https://music.wmeagency.com","2025-08-13",NULL
"2352","new","Vesperteen","wmeagency","https://music.wmeagency.com","2025-08-13",NULL
"2353","new","Alex Jean","wmeagency","https://music.wmeagency.com","2025-08-13",NULL
"2354","new","Steve Lacy","wmeagency","https://music.wmeagency.com","2025-08-13",NULL
"2355","new","Patrick Mason","wmeagency","https://music.wmeagency.com","2025-08-13",NULL
"2356","new","Luke Bower","wmeagency","https://music.wmeagency.com","2025-08-13",NULL
"2357","new","Andrew Callaghan","wmeagency","https://music.wmeagency.com","2025-08-13",NULL
"2358","new","Stephen Lynch","wmeagency","https://music.wmeagency.com","2025-08-13",NULL
"2359","new","thuy","wmeagency","https://music.wmeagency.com","2025-08-13",NULL
"2360","new","Chelcie Lynn","wmeagency","https://music.wmeagency.com","2025-08-13",NULL
"2361","new","Slightly Stoopid","wmeagency","https://music.wmeagency.com","2025-08-13",NULL
"2362","new","Rachel Sennott","wmeagency","https://music.wmeagency.com","2025-08-13",NULL
"2363","new","John Higgins","wmeagency","https://music.wmeagency.com","2025-08-13",NULL
"2364","new","Hugh Laurie","wmeagency","https://music.wmeagency.com","2025-08-13",NULL
"2365","new","Nick Kroll","wmeagency","https://music.wmeagency.com","2025-08-13",NULL
"2366","new","Peter Frampton","wmeagency","https://music.wmeagency.com","2025-08-13",NULL
"2367","new","Walker Hayes","wmeagency","https://music.wmeagency.com","2025-08-13",NULL
"2368","new","Coldplay","wmeagency","https://music.wmeagency.com","2025-08-13",NULL
"2369","new","Sarah Cooper","wmeagency","https://music.wmeagency.com","2025-08-13",NULL
"2370","new","Nitty Gritty Dirt Band","wmeagency","https://music.wmeagency.com","2025-08-13",NULL
"2371","new","Body Count ft Ice T","wmeagency","https://music.wmeagency.com","2025-08-13",NULL
"2372","new","Bruns","wmeagency","https://music.wmeagency.com","2025-08-13",NULL
"2373","new","Mina Galan","wmeagency","https://music.wmeagency.com","2025-08-13",NULL
"2374","new","Jethro Tull","wmeagency","https://music.wmeagency.com","2025-08-13",NULL
"2375","new","Jimmy Eat World","wmeagency","https://music.wmeagency.com","2025-08-13",NULL
"2376","new","Rejjie Snow","wmeagency","https://music.wmeagency.com","2025-08-13",NULL
"2377","new","Future Utopia","wmeagency","https://music.wmeagency.com","2025-08-13",NULL
"2378","new","Dove Cameron","wmeagency","https://music.wmeagency.com","2025-08-13",NULL
"2379","new","Young T & Bugsey","wmeagency","https://music.wmeagency.com","2025-08-13",NULL
"2380","new","Hank Williams Jr.","wmeagency","https://music.wmeagency.com","2025-08-13",NULL
"2381","new","Jaden Smith","wmeagency","https://music.wmeagency.com","2025-08-13",NULL
"2382","new","Lauren Auder","wmeagency","https://music.wmeagency.com","2025-08-13",NULL
"2383","new","Martin Short","wmeagency","https://music.wmeagency.com","2025-08-13",NULL
"2384","new","Leon Vynehall","wmeagency","https://music.wmeagency.com","2025-08-13",NULL
"2385","new","Bjork","wmeagency","https://music.wmeagency.com","2025-08-13",NULL
"2386","new","The Naked and Famous","wmeagency","https://music.wmeagency.com","2025-08-13",NULL
"2387","new","Andrew W.K.","wmeagency","https://music.wmeagency.com","2025-08-13",NULL
"2388","new","Caitlyn Smith","wmeagency","https://music.wmeagency.com","2025-08-13",NULL
"2389","new","Wyatt McCubbin","wmeagency","https://music.wmeagency.com","2025-08-13",NULL
"2390","new","Rage Against The Machine","wmeagency","https://music.wmeagency.com","2025-08-13",NULL
"2391","new","Caitlin Peluffo","wmeagency","https://music.wmeagency.com","2025-08-13",NULL
"2392","new","Vince Gill","wmeagency","https://music.wmeagency.com","2025-08-13",NULL
"2393","new","And That's Why We Drink","wmeagency","https://music.wmeagency.com","2025-08-13",NULL
"2394","new","Shuler King","wmeagency","https://music.wmeagency.com","2025-08-13",NULL
"2395","new","Flatland Cavalry","wmeagency","https://music.wmeagency.com","2025-08-13",NULL
"2396","new","nobigdyl.","wmeagency","https://music.wmeagency.com","2025-08-13",NULL
"2397","new","Fatboy Slim","wmeagency","https://music.wmeagency.com","2025-08-13",NULL
"2398","new","Tourist","wmeagency","https://music.wmeagency.com","2025-08-13",NULL
"2399","new","Kix Brooks","wmeagency","https://music.wmeagency.com","2025-08-13",NULL
"2400","new","Lainey Wilson","wmeagency","https://music.wmeagency.com","2025-08-13",NULL
"2401","new","Matty Matheson","wmeagency","https://music.wmeagency.com","2025-08-13",NULL
"2402","new","Claudia Oshry","wmeagency","https://music.wmeagency.com","2025-08-13",NULL
"2403","new","Jade","wmeagency","https://music.wmeagency.com","2025-08-13",NULL
"2404","new","SAMRECKS","wmeagency","https://music.wmeagency.com","2025-08-13",NULL
"2405","new","Willow","wmeagency","https://music.wmeagency.com","2025-08-13",NULL
"2406","new","Beth Hart","wmeagency","https://music.wmeagency.com","2025-08-13",NULL
"2407","new","Ja Rule","wmeagency","https://music.wmeagency.com","2025-08-13",NULL
"2408","new","Flo Morrissey","wmeagency","https://music.wmeagency.com","2025-08-13",NULL
"2409","new","Kate Peytavin","wmeagency","https://music.wmeagency.com","2025-08-13",NULL
"2410","new","Breland","wmeagency","https://music.wmeagency.com","2025-08-13",NULL
"2411","new","Chandler Moore","wmeagency","https://music.wmeagency.com","2025-08-13",NULL
"2412","new","Freak Slug","wmeagency","https://music.wmeagency.com","2025-08-13",NULL
"2413","new","Ashley Gavin","wmeagency","https://music.wmeagency.com","2025-08-13",NULL
"2414","new","Garth Brooks","wmeagency","https://music.wmeagency.com","2025-08-13",NULL
"2415","new","Harry Potter In Concert","wmeagency","https://music.wmeagency.com","2025-08-13",NULL
"2416","new","Crowded House","wmeagency","https://music.wmeagency.com","2025-08-13",NULL
"2417","new","Sports Team","wmeagency","https://music.wmeagency.com","2025-08-13",NULL
"2418","new","David Wain","wmeagency","https://music.wmeagency.com","2025-08-13",NULL
"2419","new","Eddie Murphy","wmeagency","https://music.wmeagency.com","2025-08-13",NULL
"2420","new","Frank Ray","wmeagency","https://music.wmeagency.com","2025-08-13",NULL
"2421","new","Austin Mahone","wmeagency","https://music.wmeagency.com","2025-08-13",NULL
"2422","new","Your Mom's House Podcast Live","wmeagency","https://music.wmeagency.com","2025-08-13",NULL
"2423","new","Himalayas","wmeagency","https://music.wmeagency.com","2025-08-13",NULL
"2424","new","Nicki Nicole","wmeagency","https://music.wmeagency.com","2025-08-13",NULL
"2425","new","Alec Flynn","wmeagency","https://music.wmeagency.com","2025-08-13",NULL
"2426","new","The Cadillac Three","wmeagency","https://music.wmeagency.com","2025-08-13",NULL
"2427","new","CID","wmeagency","https://music.wmeagency.com","2025-08-13",NULL
"2428","new","Nolan Taylor","wmeagency","https://music.wmeagency.com","2025-08-13",NULL
"2429","new","Feeder","wmeagency","https://music.wmeagency.com","2025-08-13",NULL
"2430","new","Sam Jay","wmeagency","https://music.wmeagency.com","2025-08-13",NULL
"2431","new","Yonaka","wmeagency","https://music.wmeagency.com","2025-08-13",NULL
"2432","new","Normani","wmeagency","https://music.wmeagency.com","2025-08-13",NULL
"2433","new","Hunter Metts","wmeagency","https://music.wmeagency.com","2025-08-13",NULL
"2434","new","Cristela Alonzo","wmeagency","https://music.wmeagency.com","2025-08-13",NULL
"2435","new","Astrid S","wmeagency","https://music.wmeagency.com","2025-08-13",NULL
"2436","new","Rai Thistlethwayte","wmeagency","https://music.wmeagency.com","2025-08-13",NULL
"2437","new","Caifanes","wmeagency","https://music.wmeagency.com","2025-08-13",NULL
"2438","new","Peter Burton","wmeagency","https://music.wmeagency.com","2025-08-13",NULL
"2439","new","Birdtalker","wmeagency","https://music.wmeagency.com","2025-08-13",NULL
"2440","new","Maddy Smith","wmeagency","https://music.wmeagency.com","2025-08-13",NULL
"2441","new","Passion Pit","wmeagency","https://music.wmeagency.com","2025-08-13",NULL
"2442","new","Somebody's Child","wmeagency","https://music.wmeagency.com","2025-08-13",NULL
"2443","new","Joey Bada$$","wmeagency","https://music.wmeagency.com","2025-08-13",NULL
"2444","new","CRX","wmeagency","https://music.wmeagency.com","2025-08-13",NULL
"2445","new","The Fedz","wmeagency","https://music.wmeagency.com","2025-08-13",NULL
"2446","new","Spencer Crandall","wmeagency","https://music.wmeagency.com","2025-08-13",NULL
"2447","new","CamelPhat","wmeagency","https://music.wmeagency.com","2025-08-13",NULL
"2448","new","Plastic Cup Boyz","wmeagency","https://music.wmeagency.com","2025-08-13",NULL
"2449","new","The Wilder Blue","wmeagency","https://music.wmeagency.com","2025-08-13",NULL
"2450","new","Dillon Carmichael","wmeagency","https://music.wmeagency.com","2025-08-13",NULL
"2451","new","Kings of Leon","wmeagency","https://music.wmeagency.com","2025-08-13",NULL
"2452","new","Neil Finn","wmeagency","https://music.wmeagency.com","2025-08-13",NULL
"2453","new","Ray Romano","wmeagency","https://music.wmeagency.com","2025-08-13",NULL
"2454","new","Aziz Ansari","wmeagency","https://music.wmeagency.com","2025-08-13",NULL
"2455","new","Sassy 009","wmeagency","https://music.wmeagency.com","2025-08-13",NULL
"2456","new","Shane Profitt","wmeagency","https://music.wmeagency.com","2025-08-13",NULL
"2457","new","Hairitage","wmeagency","https://music.wmeagency.com","2025-08-13",NULL
"2458","new","Chase & Status","wmeagency","https://music.wmeagency.com","2025-08-13",NULL
"2459","new","Mark Ambor","wmeagency","https://music.wmeagency.com","2025-08-13",NULL
"2460","new","NewDad","wmeagency","https://music.wmeagency.com","2025-08-13",NULL
"2461","new","Carlita","wmeagency","https://music.wmeagency.com","2025-08-13",NULL
"2462","new","Chet Faker","wmeagency","https://music.wmeagency.com","2025-08-13",NULL
"2463","new","BT Kingsley","wmeagency","https://music.wmeagency.com","2025-08-13",NULL
"2464","new","JoJo","wmeagency","https://music.wmeagency.com","2025-08-13",NULL
"2465","new","Kingfishr","wmeagency","https://music.wmeagency.com","2025-08-13",NULL
"2466","new","Natasha Bedingfield","wmeagency","https://music.wmeagency.com","2025-08-13",NULL
"2467","new","The Mars Volta","wmeagency","https://music.wmeagency.com","2025-08-13",NULL
"2468","new","Ashnikko","wmeagency","https://music.wmeagency.com","2025-08-13",NULL
"2469","new","Devendra Banhart","wmeagency","https://music.wmeagency.com","2025-08-13",NULL
"2470","new","Josh Rabinowitz","wmeagency","https://music.wmeagency.com","2025-08-13",NULL
"2471","new","Deltron 3030","wmeagency","https://music.wmeagency.com","2025-08-13",NULL
"2472","new","Ramy Youssef","wmeagency","https://music.wmeagency.com","2025-08-13",NULL
"2473","new","Asgeir","wmeagency","https://music.wmeagency.com","2025-08-13",NULL
"2474","new","Rhett Akins","wmeagency","https://music.wmeagency.com","2025-08-13",NULL
"2475","new","Greta Van Fleet","wmeagency","https://music.wmeagency.com","2025-08-13",NULL
"2476","new","Marilyn McCoo & Billy Davis Jr.","wmeagency","https://music.wmeagency.com","2025-08-13",NULL
"2477","new","Chelsea Peretti","wmeagency","https://music.wmeagency.com","2025-08-13",NULL
"2478","new","Humbe","wmeagency","https://music.wmeagency.com","2025-08-13",NULL
"2479","new","Billy Howerdel","wmeagency","https://music.wmeagency.com","2025-08-13",NULL
"2480","new","Dexter and The Moonrocks","wmeagency","https://music.wmeagency.com","2025-08-13",NULL
"2481","new","The Band of Heathens","wmeagency","https://music.wmeagency.com","2025-08-13",NULL
"2482","new","Jaguares","wmeagency","https://music.wmeagency.com","2025-08-13",NULL
"2483","new","UMI","wmeagency","https://music.wmeagency.com","2025-08-13",NULL
"2484","new","Big Talk","wmeagency","https://music.wmeagency.com","2025-08-13",NULL
"2485","new","Rochelle Jordan","wmeagency","https://music.wmeagency.com","2025-08-13",NULL
"2486","new","The HU","wmeagency","https://music.wmeagency.com","2025-08-13",NULL
"2487","new","Langston Kerman","wmeagency","https://music.wmeagency.com","2025-08-13",NULL
"2488","new","Alex Borstein","wmeagency","https://music.wmeagency.com","2025-08-13",NULL
"2489","new","Chris Fleming","wmeagency","https://music.wmeagency.com","2025-08-13",NULL
"2490","new","Alkaline Trio","wmeagency","https://music.wmeagency.com","2025-08-13",NULL
"2491","new","Maximo Park","wmeagency","https://music.wmeagency.com","2025-08-13",NULL
"2492","new","Eagles of Death Metal","wmeagency","https://music.wmeagency.com","2025-08-13",NULL
"2493","new","L7","wmeagency","https://music.wmeagency.com","2025-08-13",NULL
"2494","new","Passion Music","wmeagency","https://music.wmeagency.com","2025-08-13",NULL
"2495","new","LEN","wmeagency","https://music.wmeagency.com","2025-08-13",NULL
"2496","new","AUDREY NUNA","wmeagency","https://music.wmeagency.com","2025-08-13",NULL
"2497","new","Badshah","wmeagency","https://music.wmeagency.com","2025-08-13",NULL
"2498","new","Bill Burr","wmeagency","https://music.wmeagency.com","2025-08-13",NULL
"2499","new","Byron Bowers","wmeagency","https://music.wmeagency.com","2025-08-13",NULL
"2500","new","Nasaan","wmeagency","https://music.wmeagency.com","2025-08-13",NULL
"2501","new","Rex Orange County","wmeagency","https://music.wmeagency.com","2025-08-13",NULL
"2502","new","Joe List","wmeagency","https://music.wmeagency.com","2025-08-13",NULL
"2503","new","Jeff Arcuri","wmeagency","https://music.wmeagency.com","2025-08-13",NULL
"2504","new","Na'im Lynn","wmeagency","https://music.wmeagency.com","2025-08-13",NULL
"2505","new","Keb' Mo'","wmeagency","https://music.wmeagency.com","2025-08-13",NULL
"2506","new","Pete Davidson","wmeagency","https://music.wmeagency.com","2025-08-13",NULL
"2507","new","Yumi Zouma","wmeagency","https://music.wmeagency.com","2025-08-13",NULL
"2508","new","Blaqk Audio","wmeagency","https://music.wmeagency.com","2025-08-13",NULL
"2509","new","Steve Carell","wmeagency","https://music.wmeagency.com","2025-08-13",NULL
"2510","new","AHI","wmeagency","https://music.wmeagency.com","2025-08-13",NULL
"2511","new","The Bangles","wmeagency","https://music.wmeagency.com","2025-08-13",NULL
"2512","new","Paul Scheer","wmeagency","https://music.wmeagency.com","2025-08-13",NULL
"2513","new","me n u","wmeagency","https://music.wmeagency.com","2025-08-13",NULL
"2514","new","Silvertwin","wmeagency","https://music.wmeagency.com","2025-08-13",NULL
"2515","new","Becky G","wmeagency","https://music.wmeagency.com","2025-08-13",NULL
"2516","new","Cobrah","wmeagency","https://music.wmeagency.com","2025-08-13",NULL
"2517","new","Digga D","wmeagency","https://music.wmeagency.com","2025-08-13",NULL
"2518","new","George Civeris","wmeagency","https://music.wmeagency.com","2025-08-13",NULL
"2519","new","Stoney LaRue","wmeagency","https://music.wmeagency.com","2025-08-13",NULL
"2520","new","John Legend","wmeagency","https://music.wmeagency.com","2025-08-13",NULL
"2521","new","Amigo the Devil","wmeagency","https://music.wmeagency.com","2025-08-13",NULL
"2522","new","Kasabian","wmeagency","https://music.wmeagency.com","2025-08-13",NULL
"2523","new","Irontom","wmeagency","https://music.wmeagency.com","2025-08-13",NULL
"2524","new","Jacques Greene","wmeagency","https://music.wmeagency.com","2025-08-13",NULL
"2525","new","Jamie Lee","wmeagency","https://music.wmeagency.com","2025-08-13",NULL
"2526","new","Sarah Story","wmeagency","https://music.wmeagency.com","2025-08-13",NULL
"2527","new","Birdy","wmeagency","https://music.wmeagency.com","2025-08-13",NULL
"2528","new","Benito Skinner","wmeagency","https://music.wmeagency.com","2025-08-13",NULL
"2529","new","Saint Levant","wmeagency","https://music.wmeagency.com","2025-08-13",NULL
"2530","new","Madness","wmeagency","https://music.wmeagency.com","2025-08-13",NULL
"2531","new","Rivers Cuomo","wmeagency","https://music.wmeagency.com","2025-08-13",NULL
"2532","new","Stray Cats","wmeagency","https://music.wmeagency.com","2025-08-13",NULL
"2533","new","JIMBO THE DRAG CLOWN","wmeagency","https://music.wmeagency.com","2025-08-13",NULL
"2534","new","Massano","wmeagency","https://music.wmeagency.com","2025-08-13",NULL
"2535","new","Taking Back Sunday","wmeagency","https://music.wmeagency.com","2025-08-13",NULL
"2536","new","Eric Samuel Timm","wmeagency","https://music.wmeagency.com","2025-08-13",NULL
"2537","new","Camila Cabello","wmeagency","https://music.wmeagency.com","2025-08-13",NULL
"2538","new","Dave","wmeagency","https://music.wmeagency.com","2025-08-13",NULL
"2539","new","Matteo Bocelli","wmeagency","https://music.wmeagency.com","2025-08-13",NULL
"2540","new","YAMAGUCCI","wmeagency","https://music.wmeagency.com","2025-08-13",NULL
"2541","new","Calvin Harris","wmeagency","https://music.wmeagency.com","2025-08-13",NULL
"2542","new","Ben Marshall","wmeagency","https://music.wmeagency.com","2025-08-13",NULL
"2543","new","Cody Carnes","wmeagency","https://music.wmeagency.com","2025-08-13",NULL
"2544","new","Yanni","wmeagency","https://music.wmeagency.com","2025-08-13",NULL
"2545","new","George Riley","wmeagency","https://music.wmeagency.com","2025-08-13",NULL
"2546","new","Lil Macks","wmeagency","https://music.wmeagency.com","2025-08-13",NULL
"2547","new","Mandy Moore","wmeagency","https://music.wmeagency.com","2025-08-13",NULL
"2548","new","Nikola Melnikov","wmeagency","https://music.wmeagency.com","2025-08-13",NULL
"2549","new","Elle Orlando","wmeagency","https://music.wmeagency.com","2025-08-13",NULL
"2550","new","Bree Runway","wmeagency","https://music.wmeagency.com","2025-08-13",NULL
"2551","new","SAIKO","wmeagency","https://music.wmeagency.com","2025-08-13",NULL
"2552","new","Justin Jesso","wmeagency","https://music.wmeagency.com","2025-08-13",NULL
"2553","new","Chris Higgins","wmeagency","https://music.wmeagency.com","2025-08-13",NULL
"2554","new","Ray Fulcher","wmeagency","https://music.wmeagency.com","2025-08-13",NULL
"2555","new","The Florentinas","wmeagency","https://music.wmeagency.com","2025-08-13",NULL
"2556","new","The Basement Yard Podcast","wmeagency","https://music.wmeagency.com","2025-08-13",NULL
"2557","new","Neal McCoy","wmeagency","https://music.wmeagency.com","2025-08-13",NULL
"2558","new","Tunde Adebimpe","wmeagency","https://music.wmeagency.com","2025-08-13",NULL
"2559","new","Gracey","wmeagency","https://music.wmeagency.com","2025-08-13",NULL
"2560","new","Leftfield","wmeagency","https://music.wmeagency.com","2025-08-13",NULL
"2561","new","Mekki Leeper","wmeagency","https://music.wmeagency.com","2025-08-13",NULL
"2562","new","Ronnie Milsap","wmeagency","https://music.wmeagency.com","2025-08-13",NULL
"2563","new","Robert Francis","wmeagency","https://music.wmeagency.com","2025-08-13",NULL
"2564","new","The Starting Line","wmeagency","https://music.wmeagency.com","2025-08-13",NULL
"2565","new","Pink Pablo","wmeagency","https://music.wmeagency.com","2025-08-13",NULL
"2566","new","Darren Kiely","wmeagency","https://music.wmeagency.com","2025-08-13",NULL
"2567","new","Capital Cities","wmeagency","https://music.wmeagency.com","2025-08-13",NULL
"2568","new","Natalie Grant","wmeagency","https://music.wmeagency.com","2025-08-13",NULL
"2569","new","Naomi Raine","wmeagency","https://music.wmeagency.com","2025-08-13",NULL
"2570","new","AWOLNATION","wmeagency","https://music.wmeagency.com","2025-08-13",NULL
"2571","new","Tanner Usrey","wmeagency","https://music.wmeagency.com","2025-08-13",NULL
"2572","new","Mount Kimbie","wmeagency","https://music.wmeagency.com","2025-08-13",NULL
"2573","new","Richie Hawtin","wmeagency","https://music.wmeagency.com","2025-08-13",NULL
"2574","new","Chelsea Handler","wmeagency","https://music.wmeagency.com","2025-08-13",NULL
"2575","new","Hot Crazy","wmeagency","https://music.wmeagency.com","2025-08-13",NULL
"2576","new","Neil Diamond","wmeagency","https://music.wmeagency.com","2025-08-13",NULL
"2577","new","Lucero","wmeagency","https://music.wmeagency.com","2025-08-13",NULL
"2578","new","Eden Rain","wmeagency","https://music.wmeagency.com","2025-08-13",NULL
"2579","new","Michael Yo","wmeagency","https://music.wmeagency.com","2025-08-13",NULL
"2580","new","Punkie Johnson","wmeagency","https://music.wmeagency.com","2025-08-13",NULL
"2581","new","Royel Otis","wmeagency","https://music.wmeagency.com","2025-08-13",NULL
"2582","new","Kid Rock","wmeagency","https://music.wmeagency.com","2025-08-13",NULL
"2583","new","Cirez D","wmeagency","https://music.wmeagency.com","2025-08-13",NULL
"2584","new","Gustavo Mioto","wmeagency","https://music.wmeagency.com","2025-08-13",NULL
"2585","new","Kevin Griffin","wmeagency","https://music.wmeagency.com","2025-08-13",NULL
"2586","new","Ryan Hurd","wmeagency","https://music.wmeagency.com","2025-08-13",NULL
"2587","new","The Barbarians of California","wmeagency","https://music.wmeagency.com","2025-08-13",NULL
"2588","new","Ronnie Dunn","wmeagency","https://music.wmeagency.com","2025-08-13",NULL
"2589","new","YAHRITZA Y SU ESENCIA","wmeagency","https://music.wmeagency.com","2025-08-13",NULL
"2590","new","Fujii Kaze","wmeagency","https://music.wmeagency.com","2025-08-13",NULL
"2591","new","Martin Amini","wmeagency","https://music.wmeagency.com","2025-08-13",NULL
"2592","new","La Gabi","wmeagency","https://music.wmeagency.com","2025-08-13",NULL
"2593","new","Avelino","wmeagency","https://music.wmeagency.com","2025-08-13",NULL
"2594","new","Edwyn Collins","wmeagency","https://music.wmeagency.com","2025-08-13",NULL
"2595","new","Wolfmother","wmeagency","https://music.wmeagency.com","2025-08-13",NULL
"2596","new","Sammy Kershaw","wmeagency","https://music.wmeagency.com","2025-08-13",NULL
"2597","new","Kyle Nix & The 38's","wmeagency","https://music.wmeagency.com","2025-08-13",NULL
"2598","new","The Illusionists - Magic of the Holidays","wmeagency","https://music.wmeagency.com","2025-08-13",NULL
"2599","new","Laurel","wmeagency","https://music.wmeagency.com","2025-08-13",NULL
"2600","new","Michael Kiwanuka","wmeagency","https://music.wmeagency.com","2025-08-13",NULL
"2601","new","Morrissey","wmeagency","https://music.wmeagency.com","2025-08-13",NULL
"2602","new","Baby Nova","wmeagency","https://music.wmeagency.com","2025-08-13",NULL
"2603","new","Pulp","wmeagency","https://music.wmeagency.com","2025-08-13",NULL
"2604","new","DENM","wmeagency","https://music.wmeagency.com","2025-08-13",NULL
"2605","new","Anna Drezen","wmeagency","https://music.wmeagency.com","2025-08-13",NULL
"2606","new","Greylan James","wmeagency","https://music.wmeagency.com","2025-08-13",NULL
"2607","new","Mondo Cane","wmeagency","https://music.wmeagency.com","2025-08-13",NULL
"2608","new","Naomi Johnson","wmeagency","https://music.wmeagency.com","2025-08-13",NULL
"2609","new","Mabel","wmeagency","https://music.wmeagency.com","2025-08-13",NULL
"2610","new","Julia Masli","wmeagency","https://music.wmeagency.com","2025-08-13",NULL
"2611","new","W. Kamau Bell","wmeagency","https://music.wmeagency.com","2025-08-13",NULL
"2612","new","Gunnar","wmeagency","https://music.wmeagency.com","2025-08-13",NULL
"2613","new","Jude York","wmeagency","https://music.wmeagency.com","2025-08-13",NULL
"2614","new","Edgehill","wmeagency","https://music.wmeagency.com","2025-08-13",NULL
"2615","new","Patrick Mayberry","wmeagency","https://music.wmeagency.com","2025-08-13",NULL
"2616","new","Jazmin Bean","wmeagency","https://music.wmeagency.com","2025-08-13",NULL
"2617","new","Tony Baker","wmeagency","https://music.wmeagency.com","2025-08-13",NULL
"2618","new","Ward Davis","wmeagency","https://music.wmeagency.com","2025-08-13",NULL
"2619","new","John Rich","wmeagency","https://music.wmeagency.com","2025-08-13",NULL
"2620","new","Rudimental","wmeagency","https://music.wmeagency.com","2025-08-13",NULL
"2621","new","Lanie Gardner","wmeagency","https://music.wmeagency.com","2025-08-13",NULL
"2622","new","Jerry Cantrell","wmeagency","https://music.wmeagency.com","2025-08-13",NULL
"2623","new","Joy Crookes","wmeagency","https://music.wmeagency.com","2025-08-13",NULL
"2624","new","Brutus","wmeagency","https://music.wmeagency.com","2025-08-13",NULL
"2625","new","Les Rythmes Digitales","wmeagency","https://music.wmeagency.com","2025-08-13",NULL
"2626","new","SHAKES","wmeagency","https://music.wmeagency.com","2025-08-13",NULL
"2627","new","Tkay Maidza","wmeagency","https://music.wmeagency.com","2025-08-13",NULL
"2628","new","Conan O'Brien","wmeagency","https://music.wmeagency.com","2025-08-13",NULL
"2629","new","Rema","wmeagency","https://music.wmeagency.com","2025-08-13",NULL
"2630","new","Wyatt Ellis","wmeagency","https://music.wmeagency.com","2025-08-13",NULL
"2631","new","Yotto","wmeagency","https://music.wmeagency.com","2025-08-13",NULL
"2632","new","Eli Gable","wmeagency","https://music.wmeagency.com","2025-08-13",NULL
"2633","new","Lewis Capaldi","wmeagency","https://music.wmeagency.com","2025-08-13",NULL
"2634","new","Damian Lazarus","wmeagency","https://music.wmeagency.com","2025-08-13",NULL
"2635","new","Tracy Lawrence","wmeagency","https://music.wmeagency.com","2025-08-13",NULL
"2636","new","Glowie","wmeagency","https://music.wmeagency.com","2025-08-13",NULL
"2637","new","Levi Turner","wmeagency","https://music.wmeagency.com","2025-08-13",NULL
"2638","new","Jonas Blue","wmeagency","https://music.wmeagency.com","2025-08-13",NULL
"2639","new","Beth Orton","wmeagency","https://music.wmeagency.com","2025-08-13",NULL
"2640","new","Rio Rainz","wmeagency","https://music.wmeagency.com","2025-08-13",NULL
"2641","new","Sean Lennon","wmeagency","https://music.wmeagency.com","2025-08-13",NULL
"2642","new","Skyler Higley","wmeagency","https://music.wmeagency.com","2025-08-13",NULL
"2643","new","The Improvised Shakespeare Company","wmeagency","https://music.wmeagency.com","2025-08-13",NULL
"2644","new","Humble The Great","wmeagency","https://music.wmeagency.com","2025-08-13",NULL
"2645","new","Chris Stapleton","wmeagency","https://music.wmeagency.com","2025-08-13",NULL
"2646","new","Gloria Groove","wmeagency","https://music.wmeagency.com","2025-08-13",NULL
"2647","new","Editors","wmeagency","https://music.wmeagency.com","2025-08-13",NULL
"2648","new","Nico Vega","wmeagency","https://music.wmeagency.com","2025-08-13",NULL
"2649","new","Gavin Adcock","wmeagency","https://music.wmeagency.com","2025-08-13",NULL
"2650","new","Jamie McDell","wmeagency","https://music.wmeagency.com","2025-08-13",NULL
"2651","new","Shygirl","wmeagency","https://music.wmeagency.com","2025-08-13",NULL
"2652","new","Jared Freid","wmeagency","https://music.wmeagency.com","2025-08-13",NULL
"2653","new","Middle Kids","wmeagency","https://music.wmeagency.com","2025-08-13",NULL
"2654","new","Danger Mouse & Black Thought","wmeagency","https://music.wmeagency.com","2025-08-13",NULL
"2655","new","Yoshiki","wmeagency","https://music.wmeagency.com","2025-08-13",NULL
"2656","new","Ice-T","wmeagency","https://music.wmeagency.com","2025-08-13",NULL
"2657","new","The Last Shadow Puppets","wmeagency","https://music.wmeagency.com","2025-08-13",NULL
"2658","new","Brandon","wmeagency","https://music.wmeagency.com","2025-08-13",NULL
"2659","new","Tycho","wmeagency","https://music.wmeagency.com","2025-08-13",NULL
"2660","new","Esther Povitsky","wmeagency","https://music.wmeagency.com","2025-08-13",NULL
"2661","new","KFC Radio","wmeagency","https://music.wmeagency.com","2025-08-13",NULL
"2662","new","Hozier","wmeagency","https://music.wmeagency.com","2025-08-13",NULL
"2663","new","Boy Golden","wmeagency","https://music.wmeagency.com","2025-08-13",NULL
"2664","new","Colby Acuff","wmeagency","https://music.wmeagency.com","2025-08-13",NULL
"2665","new","Celeste Yim","wmeagency","https://music.wmeagency.com","2025-08-13",NULL
"2666","new","Ashley Cooke","wmeagency","https://music.wmeagency.com","2025-08-13",NULL
"2667","new","Girls Gotta Eat","wmeagency","https://music.wmeagency.com","2025-08-13",NULL
"2668","new","THE KOOKS","wmeagency","https://music.wmeagency.com","2025-08-13",NULL
"2669","new","Princess","wmeagency","https://music.wmeagency.com","2025-08-13",NULL
"2670","new","TABLO","wmeagency","https://music.wmeagency.com","2025-08-13",NULL
"2671","new","Mike Myers","wmeagency","https://music.wmeagency.com","2025-08-13",NULL
"2672","new","Barry Manilow","wmeagency","https://music.wmeagency.com","2025-08-13",NULL
"2673","new","Shama Mrema","wmeagency","https://music.wmeagency.com","2025-08-13",NULL
"2674","new","Eric Nam","wmeagency","https://music.wmeagency.com","2025-08-13",NULL
"2675","new","Sydnee Washington","wmeagency","https://music.wmeagency.com","2025-08-13",NULL
"2676","new","Nimesh Patel","wmeagency","https://music.wmeagency.com","2025-08-13",NULL
"2677","new","The Flints","wmeagency","https://music.wmeagency.com","2025-08-13",NULL
"2678","new","Eric Prydz","wmeagency","https://music.wmeagency.com","2025-08-13",NULL
"2679","new","BJ Barham","wmeagency","https://music.wmeagency.com","2025-08-13",NULL
"2680","new","Saleka","wmeagency","https://music.wmeagency.com","2025-08-13",NULL
"2681","new","ZHU","wmeagency","https://music.wmeagency.com","2025-08-13",NULL
"2682","new","Ilana Glazer","wmeagency","https://music.wmeagency.com","2025-08-13",NULL
"2683","new","Innellea","wmeagency","https://music.wmeagency.com","2025-08-13",NULL
"2684","new","CL","wmeagency","https://music.wmeagency.com","2025-08-13",NULL
"2685","new","Meg McRee","wmeagency","https://music.wmeagency.com","2025-08-13",NULL
"2686","new","Pimmie","wmeagency","https://music.wmeagency.com","2025-08-13",NULL
"2687","new","Colbie Caillat","wmeagency","https://music.wmeagency.com","2025-08-13",NULL
"2688","new","Sasha Alex Sloan","wmeagency","https://music.wmeagency.com","2025-08-13",NULL
"2689","new","Farruko","wmeagency","https://music.wmeagency.com","2025-08-13",NULL
"2690","new","Mugzz","wmeagency","https://music.wmeagency.com","2025-08-13",NULL
"2691","new","Kevin Kaarl","wmeagency","https://music.wmeagency.com","2025-08-13",NULL
"2692","new","Isabel Dumaa","wmeagency","https://music.wmeagency.com","2025-08-13",NULL
"2693","new","Amy Schumer","wmeagency","https://music.wmeagency.com","2025-08-13",NULL
"2694","new","LIVINGSTON","wmeagency","https://music.wmeagency.com","2025-08-13",NULL
"2695","new","Matt Schuster","wmeagency","https://music.wmeagency.com","2025-08-13",NULL
"2696","new","Silverada","wmeagency","https://music.wmeagency.com","2025-08-13",NULL
"2697","new","Maddox Batson","wmeagency","https://music.wmeagency.com","2025-08-13",NULL
"2698","new","Nsqk","wmeagency","https://music.wmeagency.com","2025-08-13",NULL
"2699","new","Arath Herce","wmeagency","https://music.wmeagency.com","2025-08-13",NULL
"2700","new","Pete Yorn","wmeagency","https://music.wmeagency.com","2025-08-13",NULL
"2701","new","Slim","wmeagency","https://music.wmeagency.com","2025-08-13",NULL
"2702","new","Golden Features","wmeagency","https://music.wmeagency.com","2025-08-13",NULL
"2703","new","Heidi Montag","wmeagency","https://music.wmeagency.com","2025-08-13",NULL
"2704","new","Are You Garbage?","wmeagency","https://music.wmeagency.com","2025-08-13",NULL
"2705","new","Joris Voorn","wmeagency","https://music.wmeagency.com","2025-08-13",NULL
"2706","new","Keane","wmeagency","https://music.wmeagency.com","2025-08-13",NULL
"2707","new","hey, nothing","wmeagency","https://music.wmeagency.com","2025-08-13",NULL
"2708","new","Nigel Ng","wmeagency","https://music.wmeagency.com","2025-08-13",NULL
"2709","new","Eugene Lee Yang","wmeagency","https://music.wmeagency.com","2025-08-13",NULL
"2710","new","Ben Schwartz","wmeagency","https://music.wmeagency.com","2025-08-13",NULL
"2711","new","Lenny Pearce","wmeagency","https://music.wmeagency.com","2025-08-13",NULL
"2712","new","Generation Radio","wmeagency","https://music.wmeagency.com","2025-08-13",NULL
"2713","new","Na-Kel Smith","wmeagency","https://music.wmeagency.com","2025-08-13",NULL
"2714","new","Dan Donohue","wmeagency","https://music.wmeagency.com","2025-08-13",NULL
"2715","new","Sosmula","wmeagency","https://music.wmeagency.com","2025-08-13",NULL
"2716","new","Jana Kramer","wmeagency","https://music.wmeagency.com","2025-08-13",NULL
"2717","new","Gilla Band","wmeagency","https://music.wmeagency.com","2025-08-13",NULL
"2718","new","Godsmack","wmeagency","https://music.wmeagency.com","2025-08-13",NULL
"2719","new","DC","wmeagency","https://music.wmeagency.com","2025-08-13",NULL
"2720","new","TOBi","wmeagency","https://music.wmeagency.com","2025-08-13",NULL
"2721","new","Weyes Blood","wmeagency","https://music.wmeagency.com","2025-08-13",NULL
"2722","new","Braison Cyrus","wmeagency","https://music.wmeagency.com","2025-08-13",NULL
"2723","new","The Red Clay Strays","wmeagency","https://music.wmeagency.com","2025-08-13",NULL
"2724","new","LUCI","wmeagency","https://music.wmeagency.com","2025-08-13",NULL
"2725","new","Pete Holmes","wmeagency","https://music.wmeagency.com","2025-08-13",NULL
"2726","new","Hari Kondabolu","wmeagency","https://music.wmeagency.com","2025-08-13",NULL
"2727","new","Shakira","wmeagency","https://music.wmeagency.com","2025-08-13",NULL
"2728","new","Lil Skies","wmeagency","https://music.wmeagency.com","2025-08-13",NULL
"2729","new","Lauren Daigle","wmeagency","https://music.wmeagency.com","2025-08-13",NULL
"2730","new","Dinosaur Jr.","wmeagency","https://music.wmeagency.com","2025-08-13",NULL
"2731","new","Jerry Harrison","wmeagency","https://music.wmeagency.com","2025-08-13",NULL
"2732","new","The Flaming Lips","wmeagency","https://music.wmeagency.com","2025-08-13",NULL
"2733","new","Jason Cheny","wmeagency","https://music.wmeagency.com","2025-08-13",NULL
"2734","new","Crown Lands","wmeagency","https://music.wmeagency.com","2025-08-13",NULL
"2735","new","Myron Elkins","wmeagency","https://music.wmeagency.com","2025-08-13",NULL
"2736","new","Amble","wmeagency","https://music.wmeagency.com","2025-08-13",NULL
"2737","new","Odunsi","wmeagency","https://music.wmeagency.com","2025-08-13",NULL
"2738","new","Ian Harrison","wmeagency","https://music.wmeagency.com","2025-08-13",NULL
"2739","new","Priscilla Ahn","wmeagency","https://music.wmeagency.com","2025-08-13",NULL
"2740","new","BLUAI","wmeagency","https://music.wmeagency.com","2025-08-13",NULL
"2741","new","Gabriel Kelley","wmeagency","https://music.wmeagency.com","2025-08-13",NULL
"2742","new","KC Shornima","wmeagency","https://music.wmeagency.com","2025-08-13",NULL
"2743","new","SURF GANG","wmeagency","https://music.wmeagency.com","2025-08-13",NULL
"2744","new","Karen Elson","wmeagency","https://music.wmeagency.com","2025-08-13",NULL
"2745","new","Air","wmeagency","https://music.wmeagency.com","2025-08-13",NULL
"2746","new","Tenacious D","wmeagency","https://music.wmeagency.com","2025-08-13",NULL
"2747","new","Third Eye Blind","wmeagency","https://music.wmeagency.com","2025-08-13",NULL
"2748","new","Amelie Lens","wmeagency","https://music.wmeagency.com","2025-08-13",NULL
"2749","new","Maya Jane Coles","wmeagency","https://music.wmeagency.com","2025-08-13",NULL
"2750","new","Indio Downey","wmeagency","https://music.wmeagency.com","2025-08-13",NULL
"2751","new","Kevin Hart","wmeagency","https://music.wmeagency.com","2025-08-13",NULL
"2752","new","Linka Moja","wmeagency","https://music.wmeagency.com","2025-08-13",NULL
"2753","new","Amy Poehler","wmeagency","https://music.wmeagency.com","2025-08-13",NULL
"2754","new","Agudelo888","wmeagency","https://music.wmeagency.com","2025-08-13",NULL
"2755","new","Freya Ridings","wmeagency","https://music.wmeagency.com","2025-08-13",NULL
"2756","new","Caylee Hammack","wmeagency","https://music.wmeagency.com","2025-08-13",NULL
"2757","new","Wilson Phillips","wmeagency","https://music.wmeagency.com","2025-08-13",NULL
"2758","new","Tina Friml","wmeagency","https://music.wmeagency.com","2025-08-13",NULL
"2759","new","Miike Snow","wmeagency","https://music.wmeagency.com","2025-08-13",NULL
"2760","new","Nali","wmeagency","https://music.wmeagency.com","2025-08-13",NULL
"2761","new","Monica","wmeagency","https://music.wmeagency.com","2025-08-13",NULL
"2762","new","Eric Church","wmeagency","https://music.wmeagency.com","2025-08-13",NULL
"2763","new","PawPaw Rod","wmeagency","https://music.wmeagency.com","2025-08-13",NULL
"2764","new","Anna Calvi","wmeagency","https://music.wmeagency.com","2025-08-13",NULL
"2765","new","LOST FREQUENCIES","wmeagency","https://music.wmeagency.com","2025-08-13",NULL
"2766","new","The Baseball Project","wmeagency","https://music.wmeagency.com","2025-08-13",NULL
"2767","new","Coheed and Cambria","wmeagency","https://music.wmeagency.com","2025-08-13",NULL
"2768","new","Eddie Vedder","wmeagency","https://music.wmeagency.com","2025-08-13",NULL
"2769","new","Janine","wmeagency","https://music.wmeagency.com","2025-08-13",NULL
"2770","new","John Cena","wmeagency","https://music.wmeagency.com","2025-08-13",NULL
"2771","new","Billy Idol","wmeagency","https://music.wmeagency.com","2025-08-13",NULL
"2772","new","Gregory Brothers","wmeagency","https://music.wmeagency.com","2025-08-13",NULL
"2773","new","Charlotte Adigery & Bolis Pupul","wmeagency","https://music.wmeagency.com","2025-08-13",NULL
"2774","new","Parker McCollum","wmeagency","https://music.wmeagency.com","2025-08-13",NULL
"2775","new","Melissa Villaseñor","wmeagency","https://music.wmeagency.com","2025-08-13",NULL
"2776","new","Reba McEntire","wmeagency","https://music.wmeagency.com","2025-08-13",NULL
"2777","new","Fred Armisen","wmeagency","https://music.wmeagency.com","2025-08-13",NULL
"2778","new","Lucas & Steve","wmeagency","https://music.wmeagency.com","2025-08-13",NULL
"2779","new","Sam Fender","wmeagency","https://music.wmeagency.com","2025-08-13",NULL
"2780","new","Cafe Tacvba","wmeagency","https://music.wmeagency.com","2025-08-13",NULL
"2781","new","YHWH Nailgun","wmeagency","https://music.wmeagency.com","2025-08-13",NULL
"2782","new","MAY","wmeagency","https://music.wmeagency.com","2025-08-13",NULL
"2783","new","Christopher Cross","wmeagency","https://music.wmeagency.com","2025-08-13",NULL
"2784","new","Roger Hodgson","wmeagency","https://music.wmeagency.com","2025-08-13",NULL
"2785","new","The War On Drugs","wmeagency","https://music.wmeagency.com","2025-08-13",NULL
"2786","new","Cory Morrow","wmeagency","https://music.wmeagency.com","2025-08-13",NULL
"2787","new","Zach Galifianakis","wmeagency","https://music.wmeagency.com","2025-08-13",NULL
"2788","new","Gabriella Rose","wmeagency","https://music.wmeagency.com","2025-08-13",NULL
"2789","new","Nas","wmeagency","https://music.wmeagency.com","2025-08-13",NULL
"2790","new","Parmalee","wmeagency","https://music.wmeagency.com","2025-08-13",NULL
"2791","new","Tigirlily Gold","wmeagency","https://music.wmeagency.com","2025-08-13",NULL
"2792","new","Christian Hayes","wmeagency","https://music.wmeagency.com","2025-08-13",NULL
"2793","new","Toto","wmeagency","https://music.wmeagency.com","2025-08-13",NULL
"2794","new","Big K.R.I.T.","wmeagency","https://music.wmeagency.com","2025-08-13",NULL
"2795","new","Sara Kays","wmeagency","https://music.wmeagency.com","2025-08-13",NULL
"2796","new","My Bloody Valentine","wmeagency","https://music.wmeagency.com","2025-08-13",NULL
"2797","new","Dermot Kennedy","wmeagency","https://music.wmeagency.com","2025-08-13",NULL
"2798","new","Fitz & the Tantrums","wmeagency","https://music.wmeagency.com","2025-08-13",NULL
"2799","new","Zarna Garg","wmeagency","https://music.wmeagency.com","2025-08-13",NULL
"2800","new","The Cult","wmeagency","https://music.wmeagency.com","2025-08-13",NULL
"2801","new","Judeline","wmeagency","https://music.wmeagency.com","2025-08-13",NULL
"2802","new","Oh Wonder","wmeagency","https://music.wmeagency.com","2025-08-13",NULL
"2803","new","Dennis DeYoung: The Music of Styx","wmeagency","https://music.wmeagency.com","2025-08-13",NULL
"2804","new","John Conlee","wmeagency","https://music.wmeagency.com","2025-08-13",NULL
"2805","new","The Shins","wmeagency","https://music.wmeagency.com","2025-08-13",NULL
"2806","new","Roddy Frame","wmeagency","https://music.wmeagency.com","2025-08-13",NULL
"2807","new","J Hus","wmeagency","https://music.wmeagency.com","2025-08-13",NULL
"2808","new","Patty Loveless","wmeagency","https://music.wmeagency.com","2025-08-13",NULL
"2809","new","Nino SLG","wmeagency","https://music.wmeagency.com","2025-08-13",NULL
"2810","new","Riz Ahmed","wmeagency","https://music.wmeagency.com","2025-08-13",NULL
"2811","new","Armani White","wmeagency","https://music.wmeagency.com","2025-08-13",NULL
"2812","new","Ben Lee","wmeagency","https://music.wmeagency.com","2025-08-13",NULL
"2813","new","Jon Pardi","wmeagency","https://music.wmeagency.com","2025-08-13",NULL
"2814","new","Jack Kays","wmeagency","https://music.wmeagency.com","2025-08-13",NULL
"2815","new","Jake Shears","wmeagency","https://music.wmeagency.com","2025-08-13",NULL
"2816","new","Old 97's","wmeagency","https://music.wmeagency.com","2025-08-13",NULL
"2817","new","Florence Road","wmeagency","https://music.wmeagency.com","2025-08-13",NULL
"2818","new","Jean Dawson","wmeagency","https://music.wmeagency.com","2025-08-13",NULL
"2819","new","Katelyn Tarver","wmeagency","https://music.wmeagency.com","2025-08-13",NULL
"2820","new","Chris Rock","wmeagency","https://music.wmeagency.com","2025-08-13",NULL
"2821","new","Julian Jordan","wmeagency","https://music.wmeagency.com","2025-08-13",NULL
"2822","new","Tucker Wetmore","wmeagency","https://music.wmeagency.com","2025-08-13",NULL
"2823","new","LedByHer","wmeagency","https://music.wmeagency.com","2025-08-13",NULL
"2824","new","Olivia Jean","wmeagency","https://music.wmeagency.com","2025-08-13",NULL
"2825","new","Rhett Miller","wmeagency","https://music.wmeagency.com","2025-08-13",NULL
"2826","new","Snoop Dogg","wmeagency","https://music.wmeagency.com","2025-08-13",NULL
"2827","new","It's Always Sunny In Philadelphia (Live)","wmeagency","https://music.wmeagency.com","2025-08-13",NULL
"2828","new","Katherine Jenkins","wmeagency","https://music.wmeagency.com","2025-08-13",NULL
"2829","new","Youngblood Brass Band","wmeagency","https://music.wmeagency.com","2025-08-13",NULL
"2830","new","Damian ""Jr. Gong"" Marley","wmeagency","https://music.wmeagency.com","2025-08-13",NULL
"2831","new","Ainslie Wills","wmeagency","https://music.wmeagency.com","2025-08-13",NULL
"2832","new","Rilo Kiley","wmeagency","https://music.wmeagency.com","2025-08-13",NULL
"2833","new","Max Manticof","wmeagency","https://music.wmeagency.com","2025-08-13",NULL
"2834","new","Jacques Lu Cont","wmeagency","https://music.wmeagency.com","2025-08-13",NULL
"2835","new","CeeChynaa","wmeagency","https://music.wmeagency.com","2025-08-13",NULL
"2836","new","DJ TARGET","wmeagency","https://music.wmeagency.com","2025-08-13",NULL
"2837","new","Jon Lovett","wmeagency","https://music.wmeagency.com","2025-08-13",NULL
"2838","new","Kate McKinnon","wmeagency","https://music.wmeagency.com","2025-08-13",NULL
"2839","new","Warpaint","wmeagency","https://music.wmeagency.com","2025-08-13",NULL
"2840","new","Lou Barlow","wmeagency","https://music.wmeagency.com","2025-08-13",NULL
"2841","new","Mia Kirkland","wmeagency","https://music.wmeagency.com","2025-08-13",NULL
"2842","new","Rick Glassman","wmeagency","https://music.wmeagency.com","2025-08-13",NULL
"2843","new","Xandra","wmeagency","https://music.wmeagency.com","2025-08-13",NULL
"2844","new","Jordyn Shellhart","wmeagency","https://music.wmeagency.com","2025-08-13",NULL
"2845","new","TAINY","wmeagency","https://music.wmeagency.com","2025-08-13",NULL
"2846","new","Kevin James","wmeagency","https://music.wmeagency.com","2025-08-13",NULL
"2847","new","All Star Jam","wmeagency","https://music.wmeagency.com","2025-08-13",NULL
"2848","new","Paul Walter Hauser","wmeagency","https://music.wmeagency.com","2025-08-13",NULL
"2849","new","Geoffrey Asmus","wmeagency","https://music.wmeagency.com","2025-08-13",NULL
"2850","new","Steve Aoki","wmeagency","https://music.wmeagency.com","2025-08-13",NULL
"2851","new","Shane & Shane","wmeagency","https://music.wmeagency.com","2025-08-13",NULL
"2852","new","Kari Jobe Carnes","wmeagency","https://music.wmeagency.com","2025-08-13",NULL
"2853","new","Saxon","wmeagency","https://music.wmeagency.com","2025-08-13",NULL
"2854","new","The Fratellis","wmeagency","https://music.wmeagency.com","2025-08-13",NULL
"2855","new","Lil Tjay","wmeagency","https://music.wmeagency.com","2025-08-13",NULL
"2856","new","Michael Bibi","wmeagency","https://music.wmeagency.com","2025-08-13",NULL
"2857","new","Quicksand","wmeagency","https://music.wmeagency.com","2025-08-13",NULL
"2858","new","Nick Cannon","wmeagency","https://music.wmeagency.com","2025-08-13",NULL
"2859","new","Bella White","wmeagency","https://music.wmeagency.com","2025-08-13",NULL
"2860","new","The Faint","wmeagency","https://music.wmeagency.com","2025-08-13",NULL
"2861","new","Ben Harper & The Innocent Criminals","wmeagency","https://music.wmeagency.com","2025-08-13",NULL
"2862","new","Kaz James","wmeagency","https://music.wmeagency.com","2025-08-13",NULL
"2863","new","Usama Siddiquee","wmeagency","https://music.wmeagency.com","2025-08-13",NULL
"2864","new","Lily Rose","wmeagency","https://music.wmeagency.com","2025-08-13",NULL
"2865","new","LeoStayTrill","wmeagency","https://music.wmeagency.com","2025-08-13",NULL
"2866","new","Depeche Mode","wmeagency","https://music.wmeagency.com","2025-08-13",NULL
"2867","new","DJ Cassidy","wmeagency","https://music.wmeagency.com","2025-08-13",NULL
"2868","new","David Shaw","wmeagency","https://music.wmeagency.com","2025-08-13",NULL
"2869","new","Dean Lewis","wmeagency","https://music.wmeagency.com","2025-08-13",NULL
"2870","new","Shelby Lynne","wmeagency","https://music.wmeagency.com","2025-08-13",NULL
"2871","new","TELYKAST","wmeagency","https://music.wmeagency.com","2025-08-13",NULL
"2872","new","Peter Cat Recording Co.","wmeagency","https://music.wmeagency.com","2025-08-13",NULL
"2873","new","Anne-Marie","wmeagency","https://music.wmeagency.com","2025-08-13",NULL
"2874","new","Muscadine Bloodline","wmeagency","https://music.wmeagency.com","2025-08-13",NULL
"2875","new","Keke Palmer","wmeagency","https://music.wmeagency.com","2025-08-13",NULL
"2876","new","The Mountain Goats","wmeagency","https://music.wmeagency.com","2025-08-13",NULL
"2877","new","Bohan Phoenix","wmeagency","https://music.wmeagency.com","2025-08-13",NULL
"2878","new","Andrew McMahon in the Wilderness","wmeagency","https://music.wmeagency.com","2025-08-13",NULL
"2879","new","Rene Vaca","wmeagency","https://music.wmeagency.com","2025-08-13",NULL
"2880","new","Hana Lili","wmeagency","https://music.wmeagency.com","2025-08-13",NULL
"2881","new","Trevor Wallace","wmeagency","https://music.wmeagency.com","2025-08-13",NULL
"2882","new","Ben Harper","wmeagency","https://music.wmeagency.com","2025-08-13",NULL
"2883","new","Cecilia Castleman","wmeagency","https://music.wmeagency.com","2025-08-13",NULL
"2884","new","BLACKGOLD","wmeagency","https://music.wmeagency.com","2025-08-13",NULL
"2885","new","Angel22","wmeagency","https://music.wmeagency.com","2025-08-13",NULL
"2886","new","We Hate Movies","wmeagency","https://music.wmeagency.com","2025-08-13",NULL
"2887","new","Martin Herlihy","wmeagency","https://music.wmeagency.com","2025-08-13",NULL
"2888","new","Victoria Monet","wmeagency","https://music.wmeagency.com","2025-08-13",NULL
"2889","new","Echo & the Bunnymen","wmeagency","https://music.wmeagency.com","2025-08-13",NULL
"2890","new","Laci Kaye Booth","wmeagency","https://music.wmeagency.com","2025-08-13",NULL
"2891","new","Party Shirt","wmeagency","https://music.wmeagency.com","2025-08-13",NULL
"2892","new","Vintage Culture","wmeagency","https://music.wmeagency.com","2025-08-13",NULL
"2893","new","Boris Brejcha","wmeagency","https://music.wmeagency.com","2025-08-13",NULL
"2894","new","Cody Jinks","wmeagency","https://music.wmeagency.com","2025-08-13",NULL
"2895","new","Broken Bells","wmeagency","https://music.wmeagency.com","2025-08-13",NULL
"2896","new","Ron Funches","wmeagency","https://music.wmeagency.com","2025-08-13",NULL
"2897","new","BunnaB","wmeagency","https://music.wmeagency.com","2025-08-13",NULL
"2898","new","RemK","wmeagency","https://music.wmeagency.com","2025-08-13",NULL
"2899","new","Justin Timberlake","wmeagency","https://music.wmeagency.com","2025-08-13",NULL
"2900","new","Dina Hashem","wmeagency","https://music.wmeagency.com","2025-08-13",NULL
"2901","new","Royal Blood","wmeagency","https://music.wmeagency.com","2025-08-13",NULL
"2902","new","Pepper","wmeagency","https://music.wmeagency.com","2025-08-13",NULL
"2903","new","Rich Amiri","wmeagency","https://music.wmeagency.com","2025-08-13",NULL
"2904","new","Django Django","wmeagency","https://music.wmeagency.com","2025-08-13",NULL
"2905","new","Headsend","wmeagency","https://music.wmeagency.com","2025-08-13",NULL
"2906","new","Less Than Jake","wmeagency","https://music.wmeagency.com","2025-08-13",NULL
"2907","new","ALOK","wmeagency","https://music.wmeagency.com","2025-08-13",NULL
"2908","new","Dua Lipa","wmeagency","https://music.wmeagency.com","2025-08-13",NULL
"2909","new","Winnetka Bowling League","wmeagency","https://music.wmeagency.com","2025-08-13",NULL
"2910","new","Tom Saint","wmeagency","https://music.wmeagency.com","2025-08-13",NULL
"2911","new","Liv.e","wmeagency","https://music.wmeagency.com","2025-08-13",NULL
"2912","new","HotWax","wmeagency","https://music.wmeagency.com","2025-08-13",NULL
"2913","new","Arctic Monkeys","wmeagency","https://music.wmeagency.com","2025-08-13",NULL
"2914","new","Cooper Alan","wmeagency","https://music.wmeagency.com","2025-08-13",NULL
"2915","new","MorMor","wmeagency","https://music.wmeagency.com","2025-08-13",NULL
"2916","new","X Japan","wmeagency","https://music.wmeagency.com","2025-08-13",NULL
"2917","new","How Did This Get Made?","wmeagency","https://music.wmeagency.com","2025-08-13",NULL
"2918","new","Allison Moorer","wmeagency","https://music.wmeagency.com","2025-08-13",NULL
"2919","new","MILLI","wmeagency","https://music.wmeagency.com","2025-08-13",NULL
"2920","new","Craig Wedren","wmeagency","https://music.wmeagency.com","2025-08-13",NULL
"2921","new","Motion City Soundtrack","wmeagency","https://music.wmeagency.com","2025-08-13",NULL
"2922","new","Michael Longfellow","wmeagency","https://music.wmeagency.com","2025-08-13",NULL
"2923","new","Ryan Ellis","wmeagency","https://music.wmeagency.com","2025-08-13",NULL
"2924","new","Crowder","wmeagency","https://music.wmeagency.com","2025-08-13",NULL
"2925","new","Lance Roark","wmeagency","https://music.wmeagency.com","2025-08-13",NULL
"2926","new","Genevieve Stokes","wmeagency","https://music.wmeagency.com","2025-08-13",NULL
"2927","new","Jeff Ross","wmeagency","https://music.wmeagency.com","2025-08-13",NULL
"2928","new","James Bay","wmeagency","https://music.wmeagency.com","2025-08-13",NULL
"2929","new","Mitchell Tenpenny","wmeagency","https://music.wmeagency.com","2025-08-13",NULL
"2930","new","Selena Gomez","wmeagency","https://music.wmeagency.com","2025-08-13",NULL
"2931","new","Florrie","wmeagency","https://music.wmeagency.com","2025-08-13",NULL
"2932","new","Backstreet Boys","wmeagency","https://music.wmeagency.com","2025-08-13",NULL
"2933","new","Soja","wmeagency","https://music.wmeagency.com","2025-08-13",NULL
"2934","new","Winona Fighter","wmeagency","https://music.wmeagency.com","2025-08-13",NULL
"2935","new","Please Don't Destroy","wmeagency","https://music.wmeagency.com","2025-08-13",NULL
"2936","new","How to Destroy Angels","wmeagency","https://music.wmeagency.com","2025-08-13",NULL
"2937","new","EARTHQUAKE","wmeagency","https://music.wmeagency.com","2025-08-13",NULL
"2938","new","Barns Courtney","wmeagency","https://music.wmeagency.com","2025-08-13",NULL
"2939","new","Morgan Jay","wmeagency","https://music.wmeagency.com","2025-08-13",NULL
"2940","new","Maggie Antone","wmeagency","https://music.wmeagency.com","2025-08-13",NULL
"2941","new","Miya Folick","wmeagency","https://music.wmeagency.com","2025-08-13",NULL
"2942","new","SCARLXRD","wmeagency","https://music.wmeagency.com","2025-08-13",NULL
"2943","new","Joyce Wrice","wmeagency","https://music.wmeagency.com","2025-08-13",NULL
"2944","new","Steve Furey","wmeagency","https://music.wmeagency.com","2025-08-13",NULL
"2945","new","Ian Munsick","wmeagency","https://music.wmeagency.com","2025-08-13",NULL
"2946","new","Jensen McRae","wmeagency","https://music.wmeagency.com","2025-08-13",NULL
"2947","new","ASTROPICAL","wmeagency","https://music.wmeagency.com","2025-08-13",NULL
"2948","new","Gary Gunn","wmeagency","https://music.wmeagency.com","2025-08-13",NULL
"2949","new","Streeter Seidell","wmeagency","https://music.wmeagency.com","2025-08-13",NULL
"2950","new","Roxy Music","wmeagency","https://music.wmeagency.com","2025-08-13",NULL
"2951","new","Zach Bryan","wmeagency","https://music.wmeagency.com","2025-08-13",NULL
"2952","new","Clinton Kane","wmeagency","https://music.wmeagency.com","2025-08-13",NULL
"2953","new","Shlømo","wmeagency","https://music.wmeagency.com","2025-08-13",NULL
"2954","new","Meghan Patrick","wmeagency","https://music.wmeagency.com","2025-08-13",NULL
"2955","new","Babyface","wmeagency","https://music.wmeagency.com","2025-08-13",NULL
"2956","new","Felix Ames","wmeagency","https://music.wmeagency.com","2025-08-13",NULL
"2957","new","Gianmarco Soresi","wmeagency","https://music.wmeagency.com","2025-08-13",NULL
"2958","new","Lola Young","wmeagency","https://music.wmeagency.com","2025-08-13",NULL
"2959","new","Stereolab","wmeagency","https://music.wmeagency.com","2025-08-13",NULL
"2960","new","Marty Stuart","wmeagency","https://music.wmeagency.com","2025-08-13",NULL
"2961","new","Dan Mintz","wmeagency","https://music.wmeagency.com","2025-08-13",NULL
"2962","new","LP Giobbi","wmeagency","https://music.wmeagency.com","2025-08-13",NULL
"2963","new","Pi'erre Bourne","wmeagency","https://music.wmeagency.com","2025-08-13",NULL
"2964","new","Don Louis","wmeagency","https://music.wmeagency.com","2025-08-13",NULL
"2965","new","Bryan Martin","wmeagency","https://music.wmeagency.com","2025-08-13",NULL
"2966","new","Tenille Arts","wmeagency","https://music.wmeagency.com","2025-08-13",NULL
"2967","new","Michael Che","wmeagency","https://music.wmeagency.com","2025-08-13",NULL
"2968","new","Connor Kauffman","wmeagency","https://music.wmeagency.com","2025-08-13",NULL
"2969","new","Last Podcast On The Left","wmeagency","https://music.wmeagency.com","2025-08-13",NULL
"2970","new","Ingrid Andress","wmeagency","https://music.wmeagency.com","2025-08-13",NULL
"2971","new","G Flip","wmeagency","https://music.wmeagency.com","2025-08-13",NULL
"2972","new","Nine Inch Nails","wmeagency","https://music.wmeagency.com","2025-08-13",NULL
"2973","new","garbagebarbie","wmeagency","https://music.wmeagency.com","2025-08-13",NULL
"2974","new","Everyone You Know","wmeagency","https://music.wmeagency.com","2025-08-13",NULL
"2975","new","Lil Tracy","wmeagency","https://music.wmeagency.com","2025-08-13",NULL
"2976","new","Rudy Mancuso","wmeagency","https://music.wmeagency.com","2025-08-13",NULL
"2977","new","Giulio Gallarotti","wmeagency","https://music.wmeagency.com","2025-08-13",NULL
"2978","new","Boy Named Banjo","wmeagency","https://music.wmeagency.com","2025-08-13",NULL
"2979","new","Kendell Marvel","wmeagency","https://music.wmeagency.com","2025-08-13",NULL
"2980","new","Jake Hurwitz & Amir Blumenfeld","wmeagency","https://music.wmeagency.com","2025-08-13",NULL
"2981","new","Ciara","wmeagency","https://music.wmeagency.com","2025-08-13",NULL
"2982","new","Nothing But Thieves","wmeagency","https://music.wmeagency.com","2025-08-13",NULL
"2983","new","Dead Can Dance","wmeagency","https://music.wmeagency.com","2025-08-13",NULL
"2984","new","Cristina Mariani","wmeagency","https://music.wmeagency.com","2025-08-13",NULL
"2985","new","Wanda Sykes","wmeagency","https://music.wmeagency.com","2025-08-13",NULL
"2986","new","Oscar Isaac","wmeagency","https://music.wmeagency.com","2025-08-13",NULL
"2987","new","Inhaler","wmeagency","https://music.wmeagency.com","2025-08-13",NULL
"2988","new","Murder City Devils","wmeagency","https://music.wmeagency.com","2025-08-13",NULL
"2989","new","The Kills","wmeagency","https://music.wmeagency.com","2025-08-13",NULL
"2990","new","J. Roddy Walston","wmeagency","https://music.wmeagency.com","2025-08-13",NULL
"2991","new","Jenny Lewis","wmeagency","https://music.wmeagency.com","2025-08-13",NULL
"2992","new","Macklemore","wmeagency","https://music.wmeagency.com","2025-08-13",NULL
"2993","new","Sully Erna","wmeagency","https://music.wmeagency.com","2025-08-13",NULL
"2994","new","Kumail Nanjiani","wmeagency","https://music.wmeagency.com","2025-08-13",NULL
"2995","new","Dee White","wmeagency","https://music.wmeagency.com","2025-08-13",NULL
"2996","new","King Tuff","wmeagency","https://music.wmeagency.com","2025-08-13",NULL
"2997","new","J Boog","wmeagency","https://music.wmeagency.com","2025-08-13",NULL
"2998","new","Boy George","wmeagency","https://music.wmeagency.com","2025-08-13",NULL
"2999","new","Wayward Sons","wmeagency","https://music.wmeagency.com","2025-08-13",NULL
"3000","new","Alex Edelman","wmeagency","https://music.wmeagency.com","2025-08-13",NULL
"3001","new","Chris Young","wmeagency","https://music.wmeagency.com","2025-08-13",NULL
"3002","new","Primus","wmeagency","https://music.wmeagency.com","2025-08-13",NULL
"3003","new","Denis Leary","wmeagency","https://music.wmeagency.com","2025-08-13",NULL
"3004","new","Vandoliers","wmeagency","https://music.wmeagency.com","2025-08-13",NULL
"3005","new","Johannes Brecht","wmeagency","https://music.wmeagency.com","2025-08-13",NULL
"3006","new","Chris Botti","wmeagency","https://music.wmeagency.com","2025-08-13",NULL
"3007","new","Rachel Bloom","wmeagency","https://music.wmeagency.com","2025-08-13",NULL
"3008","new","Jehnny Beth","wmeagency","https://music.wmeagency.com","2025-08-13",NULL
"3009","new","Laura Marling","wmeagency","https://music.wmeagency.com","2025-08-13",NULL
"3010","new","UPDATING","wmeagency","https://music.wmeagency.com","2025-08-13",NULL
"3011","new","Reneé Rapp","wmeagency","https://music.wmeagency.com","2025-08-13",NULL
"3012","new","The Hellp","wmeagency","https://music.wmeagency.com","2025-08-13",NULL
"3013","new","Bob Odenkirk","wmeagency","https://music.wmeagency.com","2025-08-13",NULL
"3014","new","Jack Gray","wmeagency","https://music.wmeagency.com","2025-08-13",NULL
"3015","new","Lucy Darling","wmeagency","https://music.wmeagency.com","2025-08-13",NULL
"3016","new","Joseph Gordon-Levitt","wmeagency","https://music.wmeagency.com","2025-08-13",NULL
"3017","new","Milo Spykers","wmeagency","https://music.wmeagency.com","2025-08-13",NULL
"3018","new","Jeremy Camp","wmeagency","https://music.wmeagency.com","2025-08-13",NULL
"3019","new","LECADE","wmeagency","https://music.wmeagency.com","2025-08-13",NULL
"3020","new","Kameron Marlowe","wmeagency","https://music.wmeagency.com","2025-08-13",NULL
"3021","new","Bedouin","wmeagency","https://music.wmeagency.com","2025-08-13",NULL
"3022","new","Gurriers","wmeagency","https://music.wmeagency.com","2025-08-13",NULL
"3023","new","Randy Rogers","wmeagency","https://music.wmeagency.com","2025-08-13",NULL
"3024","new","Good Neighbours","wmeagency","https://music.wmeagency.com","2025-08-13",NULL
"3025","new","Yeek","wmeagency","https://music.wmeagency.com","2025-08-13",NULL
"3026","new","The Revivalists","wmeagency","https://music.wmeagency.com","2025-08-13",NULL
"3027","new","Don West","wmeagency","https://music.wmeagency.com","2025-08-13",NULL
"3028","new","Danny L Harle","wmeagency","https://music.wmeagency.com","2025-08-13",NULL
"3029","new","Travis Denning","wmeagency","https://music.wmeagency.com","2025-08-13",NULL
"3030","new","Bow Anderson","wmeagency","https://music.wmeagency.com","2025-08-13",NULL
"3031","new","SYREETA","wmeagency","https://music.wmeagency.com","2025-08-13",NULL
"3032","new","So Good","wmeagency","https://music.wmeagency.com","2025-08-13",NULL
"3033","new","Paul Virzi","wmeagency","https://music.wmeagency.com","2025-08-13",NULL
"3034","new","DEKO with Yameii & Friends","wmeagency","https://music.wmeagency.com","2025-08-13",NULL
"3035","new","Nick Ward","wmeagency","https://music.wmeagency.com","2025-08-13",NULL
"3036","new","Melvins","wmeagency","https://music.wmeagency.com","2025-08-13",NULL
"3037","new","Mr. Bungle","wmeagency","https://music.wmeagency.com","2025-08-13",NULL
"3038","new","Pedro Sampaio","wmeagency","https://music.wmeagency.com","2025-08-13",NULL
"3039","new","Carla Prata","wmeagency","https://music.wmeagency.com","2025-08-13",NULL
"3040","new","Alaina Castillo","wmeagency","https://music.wmeagency.com","2025-08-13",NULL
"3041","new","D.D. Dumbo","wmeagency","https://music.wmeagency.com","2025-08-13",NULL
"3042","new","Joel Kim Booster","wmeagency","https://music.wmeagency.com","2025-08-13",NULL
"3043","new","Mae Estes","wmeagency","https://music.wmeagency.com","2025-08-13",NULL
"3044","new","Aodhan King","wmeagency","https://music.wmeagency.com","2025-08-13",NULL
"3045","new","Andrea Jin","wmeagency","https://music.wmeagency.com","2025-08-13",NULL
"3046","new","Louta","wmeagency","https://music.wmeagency.com","2025-08-13",NULL
"3047","new","Liz Phair","wmeagency","https://music.wmeagency.com","2025-08-13",NULL
"3048","new","The Dead Weather","wmeagency","https://music.wmeagency.com","2025-08-13",NULL
"3049","new","Michelle Wolf","wmeagency","https://music.wmeagency.com","2025-08-13",NULL
"3050","new","Loyle Carner","wmeagency","https://music.wmeagency.com","2025-08-13",NULL
"3051","new","Mind Against","wmeagency","https://music.wmeagency.com","2025-08-13",NULL
"3052","new","Sabrina Jalees","wmeagency","https://music.wmeagency.com","2025-08-13",NULL
"3053","new","Crystal Tides","wmeagency","https://music.wmeagency.com","2025-08-13",NULL
"3054","new","J Balvin","wmeagency","https://music.wmeagency.com","2025-08-13",NULL
"3055","new","Aloe Blacc","wmeagency","https://music.wmeagency.com","2025-08-13",NULL
"3056","new","Danger Mouse","wmeagency","https://music.wmeagency.com","2025-08-13",NULL
"3057","new","Gale","wmeagency","https://music.wmeagency.com","2025-08-13",NULL
"3058","new","Shinedown","wmeagency","https://music.wmeagency.com","2025-08-13",NULL
"3059","new","Payton Smith","wmeagency","https://music.wmeagency.com","2025-08-13",NULL
"3060","new","Jimmy Carr","wmeagency","https://music.wmeagency.com","2025-08-13",NULL
"3061","new","St. Lucia","wmeagency","https://music.wmeagency.com","2025-08-13",NULL
"3062","new","Maneskin","wmeagency","https://music.wmeagency.com","2025-08-13",NULL
"3063","new","Scissor Sisters","wmeagency","https://music.wmeagency.com","2025-08-13",NULL
"3064","new","Hasan Minhaj","wmeagency","https://music.wmeagency.com","2025-08-13",NULL
"3065","new","Colin Quinn","wmeagency","https://music.wmeagency.com","2025-08-13",NULL
"3066","new","Dogstar","wmeagency","https://music.wmeagency.com","2025-08-13",NULL
"3067","new","Greentea Peng","wmeagency","https://music.wmeagency.com","2025-08-13",NULL
"3068","new","Shannon Fiedler","wmeagency","https://music.wmeagency.com","2025-08-13",NULL
"3069","new","Ian Anderson","wmeagency","https://music.wmeagency.com","2025-08-13",NULL
"3070","new","Trey Kennedy","wmeagency","https://music.wmeagency.com","2025-08-13",NULL
"3071","new","Greer","wmeagency","https://music.wmeagency.com","2025-08-13",NULL
"3072","new","Sam Smith","wmeagency","https://music.wmeagency.com","2025-08-13",NULL
"3073","new","James Murphy","wmeagency","https://music.wmeagency.com","2025-08-13",NULL
"3074","new","Danny Ocean","wmeagency","https://music.wmeagency.com","2025-08-13",NULL
"3075","new","Betty Taylor","wmeagency","https://music.wmeagency.com","2025-08-13",NULL
"3076","new","Martina McBride","wmeagency","https://music.wmeagency.com","2025-08-13",NULL
"3077","new","Tyler Farr","wmeagency","https://music.wmeagency.com","2025-08-13",NULL
"3078","new","Hulvey","wmeagency","https://music.wmeagency.com","2025-08-13",NULL
"3079","new","Wolves of Glendale","wmeagency","https://music.wmeagency.com","2025-08-13",NULL
"3080","new","Victor Ray","wmeagency","https://music.wmeagency.com","2025-08-13",NULL
"3081","new","Galantis","wmeagency","https://music.wmeagency.com","2025-08-13",NULL
"3082","new","Maya Rudolph","wmeagency","https://music.wmeagency.com","2025-08-13",NULL
"3083","new","ALEX PONCE","wmeagency","https://music.wmeagency.com","2025-08-13",NULL
"3084","new","Chris Redd","wmeagency","https://music.wmeagency.com","2025-08-13",NULL
"3085","new","Johnny Flynn","wmeagency","https://music.wmeagency.com","2025-08-13",NULL
"3086","new","Leo Gonzalez","wmeagency","https://music.wmeagency.com","2025-08-13",NULL
"3087","new","The Killers","wmeagency","https://music.wmeagency.com","2025-08-13",NULL
"3088","new","Randy Rogers Band","wmeagency","https://music.wmeagency.com","2025-08-13",NULL
"3089","new","ANFISA LETYAGO","wmeagency","https://music.wmeagency.com","2025-08-13",NULL
"3090","new","Jack Penate","wmeagency","https://music.wmeagency.com","2025-08-13",NULL
"3091","new","Bart Crow","wmeagency","https://music.wmeagency.com","2025-08-13",NULL
"3092","new","Benson Boone","wmeagency","https://music.wmeagency.com","2025-08-13",NULL
"3093","new","Cardinals","wmeagency","https://music.wmeagency.com","2025-08-13",NULL
"3094","new","Snow Patrol","wmeagency","https://music.wmeagency.com","2025-08-13",NULL
"3095","new","Junior Brown","wmeagency","https://music.wmeagency.com","2025-08-13",NULL
"3096","new","Lucas Zelnick","wmeagency","https://music.wmeagency.com","2025-08-13",NULL
"3097","new","Wild 'n Out","wmeagency","https://music.wmeagency.com","2025-08-13",NULL
"3098","new","Foo Fighters","wmeagency","https://music.wmeagency.com","2025-08-13",NULL
"3099","new","Ellie Goulding","wmeagency","https://music.wmeagency.com","2025-08-13",NULL
"3100","new","Mako","wmeagency","https://music.wmeagency.com","2025-08-13",NULL
"3101","new","Saucy Santana","wmeagency","https://music.wmeagency.com","2025-08-13",NULL
"3102","new","Fumi Abe","wmeagency","https://music.wmeagency.com","2025-08-13",NULL
"3103","new","Pat Regan","wmeagency","https://music.wmeagency.com","2025-08-13",NULL
"3104","new","Mike D","wmeagency","https://music.wmeagency.com","2025-08-13",NULL
"3105","new","Casey Donahew","wmeagency","https://music.wmeagency.com","2025-08-13",NULL
"3106","new","Dawes","wmeagency","https://music.wmeagency.com","2025-08-13",NULL
"3107","new","Brian Simpson","wmeagency","https://music.wmeagency.com","2025-08-13",NULL
"3108","new","Alex Frankel","wmeagency","https://music.wmeagency.com","2025-08-13",NULL
"3109","new","Two Hot Takes","wmeagency","https://music.wmeagency.com","2025-08-13",NULL
"3110","new","Mumford & Sons","wmeagency","https://music.wmeagency.com","2025-08-13",NULL
"3111","new","George Thorogood and The Destroyers","wmeagency","https://music.wmeagency.com","2025-08-13",NULL
"3112","new","Beastie Boys","wmeagency","https://music.wmeagency.com","2025-08-13",NULL
"3113","new","Catie Offerman","wmeagency","https://music.wmeagency.com","2025-08-13",NULL
"3114","new","Paul Kelly","wmeagency","https://music.wmeagency.com","2025-08-13",NULL
"3115","new","hitRECord","wmeagency","https://music.wmeagency.com","2025-08-13",NULL
"3116","new","Teischa","wmeagency","https://music.wmeagency.com","2025-08-13",NULL
"3117","new","Déyyess","wmeagency","https://music.wmeagency.com","2025-08-13",NULL
"3118","new","Rascal Flatts","wmeagency","https://music.wmeagency.com","2025-08-13",NULL
"3119","new","Ricky Skaggs","wmeagency","https://music.wmeagency.com","2025-08-13",NULL
"3120","new","Arrdee","wmeagency","https://music.wmeagency.com","2025-08-13",NULL
"3121","new","Billie Eilish","wmeagency","https://music.wmeagency.com","2025-08-13",NULL
"3122","new","Yusuf / Cat Stevens","wmeagency","https://music.wmeagency.com","2025-08-13",NULL
"3123","new","The Martinez Brothers","wmeagency","https://music.wmeagency.com","2025-08-13",NULL
"3124","new","Vincent Lima","wmeagency","https://music.wmeagency.com","2025-08-13",NULL
"3125","new","Kalan.FrFr","wmeagency","https://music.wmeagency.com","2025-08-13",NULL
"3126","new","Tom Tom Club","wmeagency","https://music.wmeagency.com","2025-08-13",NULL
"3127","new","Sea Power","wmeagency","https://music.wmeagency.com","2025-08-13",NULL
"3128","new","Jessica Kirson","wmeagency","https://music.wmeagency.com","2025-08-13",NULL
"3129","new","Self Esteem","wmeagency","https://music.wmeagency.com","2025-08-13",NULL
"3130","new","George Birge","wmeagency","https://music.wmeagency.com","2025-08-13",NULL
"3131","new","Tasha Cobbs Leonard","wmeagency","https://music.wmeagency.com","2025-08-13",NULL
"3132","new","Blaine Bailey","wmeagency","https://music.wmeagency.com","2025-08-13",NULL
"3133","new","Ruel","wmeagency","https://music.wmeagency.com","2025-08-13",NULL
"3134","new","Thursday","wmeagency","https://music.wmeagency.com","2025-08-13",NULL
"3135","new","Thievery Corporation","wmeagency","https://music.wmeagency.com","2025-08-13",NULL
"3136","new","Diamond Rio","wmeagency","https://music.wmeagency.com","2025-08-13",NULL
"3137","new","Van Halen","wmeagency","https://music.wmeagency.com","2025-08-13",NULL
"3138","new","Mark Stoermer","wmeagency","https://music.wmeagency.com","2025-08-13",NULL
"3139","new","BabyTron","wmeagency","https://music.wmeagency.com","2025-08-13",NULL
"3140","new","Jason Aldean","wmeagency","https://music.wmeagency.com","2025-08-13",NULL
"3141","new","Kaivon","wmeagency","https://music.wmeagency.com","2025-08-13",NULL
"3142","new","Mat Kearney","wmeagency","https://music.wmeagency.com","2025-08-13",NULL
"3143","new","Stephen Colbert","wmeagency","https://music.wmeagency.com","2025-08-13",NULL
"3144","new","Turnpike Troubadours","wmeagency","https://music.wmeagency.com","2025-08-13",NULL
"3145","new","Navy Blue","wmeagency","https://music.wmeagency.com","2025-08-13",NULL
"3146","new","Savages","wmeagency","https://music.wmeagency.com","2025-08-13",NULL
"3147","new","Sahbabii","wmeagency","https://music.wmeagency.com","2025-08-13",NULL
"3148","new","jasmine.4.t","wmeagency","https://music.wmeagency.com","2025-08-13",NULL
"3149","new","City Morgue","wmeagency","https://music.wmeagency.com","2025-08-13",NULL
"3150","new","A.R. Rahman","wmeagency","https://music.wmeagency.com","2025-08-13",NULL
"3151","new","Virtual Self","wmeagency","https://music.wmeagency.com","2025-08-13",NULL
"3152","new","Dam Funk","wmeagency","https://music.wmeagency.com","2025-08-13",NULL
"3153","new","Dankie Sounds","wmeagency","https://music.wmeagency.com","2025-08-13",NULL
"3154","new","Mike Campbell & The Dirty Knobs","wmeagency","https://music.wmeagency.com","2025-08-13",NULL
"3155","new","Lynyrd Skynyrd","wmeagency","https://music.wmeagency.com","2025-08-13",NULL
"3156","new","Elle King","wmeagency","https://music.wmeagency.com","2025-08-13",NULL
"3157","new","Housewife","wmeagency","https://music.wmeagency.com","2025-08-13",NULL
"3158","new","Angus & Julia Stone","wmeagency","https://music.wmeagency.com","2025-08-13",NULL
"3159","new","Joshua Ray Walker","wmeagency","https://music.wmeagency.com","2025-08-13",NULL
"3160","new","Monique Lhuillier","wmeagency","https://music.wmeagency.com","2025-08-13",NULL
"3161","new","Empire Of the Sun","wmeagency","https://music.wmeagency.com","2025-08-13",NULL
"3162","new","Dylan Schneider","wmeagency","https://music.wmeagency.com","2025-08-13",NULL
"3163","new","Michael Blaustein","wmeagency","https://music.wmeagency.com","2025-08-13",NULL
"3164","new","Shenseea","wmeagency","https://music.wmeagency.com","2025-08-13",NULL
"3165","new","Tom Grennan","wmeagency","https://music.wmeagency.com","2025-08-13",NULL
"3166","new","Mikey Day","wmeagency","https://music.wmeagency.com","2025-08-13",NULL
"3167","new","Joe Rogan","wmeagency","https://music.wmeagency.com","2025-08-13",NULL
"3168","new","LCD Soundsystem","wmeagency","https://music.wmeagency.com","2025-08-13",NULL
"3169","new","Circus 1903","wmeagency","https://music.wmeagency.com","2025-08-13",NULL
"3170","new","Alexis Taylor","wmeagency","https://music.wmeagency.com","2025-08-13",NULL
"3171","new","Duffy","wmeagency","https://music.wmeagency.com","2025-08-13",NULL
"3172","new","Faith No More","wmeagency","https://music.wmeagency.com","2025-08-13",NULL
"3173","new","COLUM TYRRELL","wmeagency","https://music.wmeagency.com","2025-08-13",NULL
"3174","new","Stryv","wmeagency","https://music.wmeagency.com","2025-08-13",NULL
"3175","new","Ashley Anne","wmeagency","https://music.wmeagency.com","2025-08-13",NULL
"3176","new","Sheppard","wmeagency","https://music.wmeagency.com","2025-08-13",NULL
"3177","new","Aleesha","wmeagency","https://music.wmeagency.com","2025-08-13",NULL
"3178","new","MPH","wmeagency","https://music.wmeagency.com","2025-08-13",NULL
"3179","new","Jade Jackson","wmeagency","https://music.wmeagency.com","2025-08-13",NULL
"3180","new","Strings and Heart","wmeagency","https://music.wmeagency.com","2025-08-13",NULL
"3181","new","Sara Evans","wmeagency","https://music.wmeagency.com","2025-08-13",NULL
"3182","new","Tim Allen","wmeagency","https://music.wmeagency.com","2025-08-13",NULL
"3183","new","John Mulaney","wmeagency","https://music.wmeagency.com","2025-08-13",NULL
"3184","new","George Ezra","wmeagency","https://music.wmeagency.com","2025-08-13",NULL
"3185","new","Justin-Lee","wmeagency","https://music.wmeagency.com","2025-08-13",NULL
"3186","new","Morray","wmeagency","https://music.wmeagency.com","2025-08-13",NULL
"3187","new","Sebadoh","wmeagency","https://music.wmeagency.com","2025-08-13",NULL
"3188","new","Bizarrap","wmeagency","https://music.wmeagency.com","2025-08-13",NULL
"3189","new","Josh Abbott Band","wmeagency","https://music.wmeagency.com","2025-08-13",NULL
"3190","new","Kasey Chambers","wmeagency","https://music.wmeagency.com","2025-08-13",NULL
"3191","new","Still Woozy","wmeagency","https://music.wmeagency.com","2025-08-13",NULL
"3192","new","Madeline Merlo","wmeagency","https://music.wmeagency.com","2025-08-13",NULL
"3193","new","Ellen Allien","wmeagency","https://music.wmeagency.com","2025-08-13",NULL
"3194","new","Pod Save America","wmeagency","https://music.wmeagency.com","2025-08-13",NULL
"3195","new","Groove Armada","wmeagency","https://music.wmeagency.com","2025-08-13",NULL
"3196","new","Culture Club","wmeagency","https://music.wmeagency.com","2025-08-13",NULL
"3197","new","Anthony Jeselnik","wmeagency","https://music.wmeagency.com","2025-08-13",NULL
"3198","new","Porter Robinson","wmeagency","https://music.wmeagency.com","2025-08-13",NULL
"3199","new","Jack Blocker","wmeagency","https://music.wmeagency.com","2025-08-13",NULL
"3200","new","Natanael Cano","wmeagency","https://music.wmeagency.com","2025-08-13",NULL
"3201","new","Rachel Feinstein","wmeagency","https://music.wmeagency.com","2025-08-13",NULL
"3202","new","William Beckmann","wmeagency","https://music.wmeagency.com","2025-08-13",NULL
"3203","new","Walk Off The Earth","wmeagency","https://music.wmeagency.com","2025-08-13",NULL
"3204","new","Marcus King","wmeagency","https://music.wmeagency.com","2025-08-13",NULL
"3205","new","Angus Stone","wmeagency","https://music.wmeagency.com","2025-08-13",NULL
"3206","new","Scotty McCreery","wmeagency","https://music.wmeagency.com","2025-08-13",NULL
"3207","new","Martin Garrix","wmeagency","https://music.wmeagency.com","2025-08-13",NULL
"3208","new","Benjamin William Hastings","wmeagency","https://music.wmeagency.com","2025-08-13",NULL
"3209","new","Margaret Cho","wmeagency","https://music.wmeagency.com","2025-08-13",NULL
"3210","new","Evan Felker","wmeagency","https://music.wmeagency.com","2025-08-13",NULL
"3211","new","King Princess","wmeagency","https://music.wmeagency.com","2025-08-13",NULL
"3212","new","Mark Wills","wmeagency","https://music.wmeagency.com","2025-08-13",NULL
"3213","new","Cleto Cordero","wmeagency","https://music.wmeagency.com","2025-08-13",NULL
"3214","new","Zach Top","wmeagency","https://music.wmeagency.com","2025-08-13",NULL
"3215","new","Akala","wmeagency","https://music.wmeagency.com","2025-08-13",NULL
"3216","new","Kygo","wmeagency","https://music.wmeagency.com","2025-08-13",NULL
"3217","new","Patti Labelle","wmeagency","https://music.wmeagency.com","2025-08-13",NULL
"3218","new","Puscifer","wmeagency","https://music.wmeagency.com","2025-08-13",NULL
"3219","new","Andrea Bocelli","wmeagency","https://music.wmeagency.com","2025-08-13",NULL
"3220","new","Bill Maher","wmeagency","https://music.wmeagency.com","2025-08-13",NULL
"3221","new","Ego Kill Talent","wmeagency","https://music.wmeagency.com","2025-08-13",NULL
"3222","new","Bella Mackenzie","wmeagency","https://music.wmeagency.com","2025-08-13",NULL
"3223","new","Red Leather","wmeagency","https://music.wmeagency.com","2025-08-13",NULL
"3224","new","Brandon Flowers","wmeagency","https://music.wmeagency.com","2025-08-13",NULL
"3225","new","J.R. Carroll","wmeagency","https://music.wmeagency.com","2025-08-13",NULL
"3226","new","David Kushner","wmeagency","https://music.wmeagency.com","2025-08-13",NULL
"3227","new","Scribz Riley","wmeagency","https://music.wmeagency.com","2025-08-13",NULL
"3228","new","Kam Patterson","wmeagency","https://music.wmeagency.com","2025-08-13",NULL
"3229","new","Logan Crosby","wmeagency","https://music.wmeagency.com","2025-08-13",NULL
"3230","new","Vannessa Jackson","wmeagency","https://music.wmeagency.com","2025-08-13",NULL
"3231","new","Ashley Hesseltine","wmeagency","https://music.wmeagency.com","2025-08-13",NULL
"3232","new","Lil' Mo Mozzarella","wmeagency","https://music.wmeagency.com","2025-08-13",NULL
"3233","new","Maverick City","wmeagency","https://music.wmeagency.com","2025-08-13",NULL
"3234","new","Cole Phillips","wmeagency","https://music.wmeagency.com","2025-08-13",NULL
"3235","new","John Allan","wmeagency","https://music.wmeagency.com","2025-08-13",NULL
"3236","new","Hot 8 Brass Band","wmeagency","https://music.wmeagency.com","2025-08-13",NULL
"3237","new","Ewan McVicar","wmeagency","https://music.wmeagency.com","2025-08-13",NULL
"3238","new","Forester","wmeagency","https://music.wmeagency.com","2025-08-13",NULL
"3239","new","Zoe Wees","wmeagency","https://music.wmeagency.com","2025-08-13",NULL
"3240","new","Dumb Buoys Fishing Club","wmeagency","https://music.wmeagency.com","2025-08-13",NULL
"3241","new","J Mascis & The Fog","wmeagency","https://music.wmeagency.com","2025-08-13",NULL
"3242","new","Polo & Pan","wmeagency","https://music.wmeagency.com","2025-08-13",NULL
"3243","new","Zack Fox","wmeagency","https://music.wmeagency.com","2025-08-13",NULL
"3244","new","Zane Lowe","wmeagency","https://music.wmeagency.com","2025-08-13",NULL
"3245","new","KIRBY","wmeagency","https://music.wmeagency.com","2025-08-13",NULL
"3246","new","Neil and Liam Finn","wmeagency","https://music.wmeagency.com","2025-08-13",NULL
"3247","new","LOST SOULS OF SATURN","wmeagency","https://music.wmeagency.com","2025-08-13",NULL
"3248","new","Thomas Rhett","wmeagency","https://music.wmeagency.com","2025-08-13",NULL
"3249","new","PRETTYMUCH","wmeagency","https://music.wmeagency.com","2025-08-13",NULL
"3250","new","Ben Nichols","wmeagency","https://music.wmeagency.com","2025-08-13",NULL
"3251","new","Gary Allan","wmeagency","https://music.wmeagency.com","2025-08-13",NULL
"3252","new","Matoma","wmeagency","https://music.wmeagency.com","2025-08-13",NULL
"3253","new","Kane Brown","wmeagency","https://music.wmeagency.com","2025-08-13",NULL
"3254","new","DANCER","wmeagency","https://music.wmeagency.com","2025-08-13",NULL
"3255","new","Headie One","wmeagency","https://music.wmeagency.com","2025-08-13",NULL
"3256","new","Jordan Davis","wmeagency","https://music.wmeagency.com","2025-08-13",NULL
"3257","new","Christian McCartney","wmeagency","https://music.wmeagency.com","2025-08-13",NULL
"3258","new","Chris Janson","wmeagency","https://music.wmeagency.com","2025-08-13",NULL
"3259","new","J Mascis","wmeagency","https://music.wmeagency.com","2025-08-13",NULL
"3260","new","The Neighbourhood","wmeagency","https://music.wmeagency.com","2025-08-13",NULL
"3261","new","Black Foxxes","wmeagency","https://music.wmeagency.com","2025-08-13",NULL
"3262","new","Brent Cobb","wmeagency","https://music.wmeagency.com","2025-08-13",NULL
"3263","new","Duran Duran","wmeagency","https://music.wmeagency.com","2025-08-13",NULL
"3264","new","Coco & Breezy","wmeagency","https://music.wmeagency.com","2025-08-13",NULL
"3265","new","Epik High","wmeagency","https://music.wmeagency.com","2025-08-13",NULL
"3266","new","Fousheé","wmeagency","https://music.wmeagency.com","2025-08-13",NULL
"3267","new","Fantomas","wmeagency","https://music.wmeagency.com","2025-08-13",NULL
"3268","new","Morgan Evans","wmeagency","https://music.wmeagency.com","2025-08-13",NULL
"3269","new","The Illusionists","wmeagency","https://music.wmeagency.com","2025-08-13",NULL
"3270","new","Wallows","wmeagency","https://music.wmeagency.com","2025-08-13",NULL
"3271","new","Blood Orange","wmeagency","https://music.wmeagency.com","2025-08-13",NULL
"3272","new","Usher Raymond IV","wmeagency","https://music.wmeagency.com","2025-08-13",NULL
"3273","new","Gabby Barrett","wmeagency","https://music.wmeagency.com","2025-08-13",NULL
"3274","new","Mogwai","wmeagency","https://music.wmeagency.com","2025-08-13",NULL
"3275","new","Josh Turner","wmeagency","https://music.wmeagency.com","2025-08-13",NULL
"3276","new","Moshe Kasher","wmeagency","https://music.wmeagency.com","2025-08-13",NULL
"3277","new","Kyle Gass Band","wmeagency","https://music.wmeagency.com","2025-08-13",NULL
"3278","new","Queens of the Stone Age","wmeagency","https://music.wmeagency.com","2025-08-13",NULL
"3279","new","Pearl Jam","wmeagency","https://music.wmeagency.com","2025-08-13",NULL
"3280","new","The State","wmeagency","https://music.wmeagency.com","2025-08-13",NULL
"3281","new","Kate Kennedy","wmeagency","https://music.wmeagency.com","2025-08-13",NULL
"3282","new","Walk the Moon","wmeagency","https://music.wmeagency.com","2025-08-13",NULL
"3283","new","Gary LeVox","wmeagency","https://music.wmeagency.com","2025-08-13",NULL
"3284","new","Tool","wmeagency","https://music.wmeagency.com","2025-08-13",NULL
"3285","new","Timothy Wayne","wmeagency","https://music.wmeagency.com","2025-08-13",NULL
"3286","new","Brett Goldstein","wmeagency","https://music.wmeagency.com","2025-08-13",NULL
"3287","new","Pod Save The World","wmeagency","https://music.wmeagency.com","2025-08-13",NULL
"3288","new","Health","wmeagency","https://music.wmeagency.com","2025-08-13",NULL
"3289","new","Blue Rodeo","wmeagency","https://music.wmeagency.com","2025-08-13",NULL
"3290","new","Whoopi Goldberg","wmeagency","https://music.wmeagency.com","2025-08-13",NULL
"3291","new","Jessie James Decker","wmeagency","https://music.wmeagency.com","2025-08-13",NULL
"3292","new","Zillakami","wmeagency","https://music.wmeagency.com","2025-08-13",NULL
"3293","new","Dylan Scott","wmeagency","https://music.wmeagency.com","2025-08-13",NULL
"3294","new","Rachel Brathen","wmeagency","https://music.wmeagency.com","2025-08-13",NULL
"3295","new","BELLE MT","wmeagency","https://music.wmeagency.com","2025-08-13",NULL
"3296","new","Spank Horton","wmeagency","https://music.wmeagency.com","2025-08-13",NULL
"3297","new","Jacob Banks","wmeagency","https://music.wmeagency.com","2025-08-13",NULL
"3298","new","The Main Squeeze","wmeagency","https://music.wmeagency.com","2025-08-13",NULL
"3299","new","Tegan and Sara","wmeagency","https://music.wmeagency.com","2025-08-13",NULL
"3300","new","Madeon","wmeagency","https://music.wmeagency.com","2025-08-13",NULL
"3301","new","Rodney Atkins","wmeagency","https://music.wmeagency.com","2025-08-13",NULL
"3302","new","Jessy Wilson","wmeagency","https://music.wmeagency.com","2025-08-13",NULL
"3303","new","Santigold","wmeagency","https://music.wmeagency.com","2025-08-13",NULL
"3304","new","Amos Lee","wmeagency","https://music.wmeagency.com","2025-08-13",NULL
"3305","new","LOLA","wmeagency","https://music.wmeagency.com","2025-08-13",NULL
"3306","new","Mustafa","wmeagency","https://music.wmeagency.com","2025-08-13",NULL
"3307","new","Daniel Tosh","wmeagency","https://music.wmeagency.com","2025-08-13",NULL
"3308","new","Tomahawk","wmeagency","https://music.wmeagency.com","2025-08-13",NULL
"3309","new","Highlyy","wmeagency","https://music.wmeagency.com","2025-08-13",NULL
"3310","new","JPEGMAFIA","wmeagency","https://music.wmeagency.com","2025-08-13",NULL
"3311","new","DIØN","wmeagency","https://music.wmeagency.com","2025-08-13",NULL
"3312","new","girl in red","wmeagency","https://music.wmeagency.com","2025-08-13",NULL
"3313","new","Bryan Ferry","wmeagency","https://music.wmeagency.com","2025-08-13",NULL
"3314","new","Goo Goo Dolls","wmeagency","https://music.wmeagency.com","2025-08-13",NULL
"3315","new","Sadie Jean","wmeagency","https://music.wmeagency.com","2025-08-13",NULL
"3316","new","Watcher Entertainment","wmeagency","https://music.wmeagency.com","2025-08-13",NULL
"3317","new","Saul Hernandez","wmeagency","https://music.wmeagency.com","2025-08-13",NULL
"3318","new","Matt Corby","wmeagency","https://music.wmeagency.com","2025-08-13",NULL
"3319","new","Alicia Creti","wmeagency","https://music.wmeagency.com","2025-08-13",NULL
"3320","new","Nick Murphy","wmeagency","https://music.wmeagency.com","2025-08-13",NULL
"3321","new","Brooks & Dunn","wmeagency","https://music.wmeagency.com","2025-08-13",NULL
"3322","new","Minus the Bear","wmeagency","https://music.wmeagency.com","2025-08-13",NULL
"3323","new","Patrick Droney","wmeagency","https://music.wmeagency.com","2025-08-13",NULL
"3324","new","Heather McDonald","wmeagency","https://music.wmeagency.com","2025-08-13",NULL
"3325","new","Trombone Shorty & Orleans Avenue","wmeagency","https://music.wmeagency.com","2025-08-13",NULL
"3326","new","Mike Birbiglia","wmeagency","https://music.wmeagency.com","2025-08-13",NULL
"3327","new","Hank Korsan","wmeagency","https://music.wmeagency.com","2025-08-13",NULL
"3328","new","Jay Shetty","wmeagency","https://music.wmeagency.com","2025-08-13",NULL
"3329","new","Sureni Weerasekera","wmeagency","https://music.wmeagency.com","2025-08-13",NULL
"3330","new","flowerovlove","wmeagency","https://music.wmeagency.com","2025-08-13",NULL
"3331","new","Nate Barnes","wmeagency","https://music.wmeagency.com","2025-08-13",NULL
"3332","new","Jackson Dean","wmeagency","https://music.wmeagency.com","2025-08-13",NULL
"3333","new","Professor Green","wmeagency","https://music.wmeagency.com","2025-08-13",NULL
"3334","new","Coco Jones","wmeagency","https://music.wmeagency.com","2025-08-13",NULL
"3335","new","Lexi Jayde","wmeagency","https://music.wmeagency.com","2025-08-13",NULL
"3336","new","Mack Keane","wmeagency","https://music.wmeagency.com","2025-08-13",NULL
"3337","new","Neil Sedaka","wmeagency","https://music.wmeagency.com","2025-08-13",NULL
"3338","new","Justice","wmeagency","https://music.wmeagency.com","2025-08-13",NULL
"3339","new","Mipso","wmeagency","https://music.wmeagency.com","2025-08-13",NULL
"3340","new","Jonas Conner","wmeagency","https://music.wmeagency.com","2025-08-13",NULL
"3341","new","Emeryld","wmeagency","https://music.wmeagency.com","2025-08-13",NULL
"3342","new","Sleater-Kinney","wmeagency","https://music.wmeagency.com","2025-08-13",NULL
"3343","new","Ellie Kemper","wmeagency","https://music.wmeagency.com","2025-08-13",NULL
"3344","new","Lindsey Stirling","wmeagency","https://music.wmeagency.com","2025-08-13",NULL
"3345","new","ANDREA BEJAR","wmeagency","https://music.wmeagency.com","2025-08-13",NULL
"3346","new","JD Clayton","wmeagency","https://music.wmeagency.com","2025-08-13",NULL
"3347","new","Chris Cagle","wmeagency","https://music.wmeagency.com","2025-08-13",NULL
"3348","new","Benji Blue Bills","wmeagency","https://music.wmeagency.com","2025-08-13",NULL
"3349","new","Jay Chandrasekhar","wmeagency","https://music.wmeagency.com","2025-08-13",NULL
"3350","new","Chris Lane","wmeagency","https://music.wmeagency.com","2025-08-13",NULL
"3351","new","Frank Carter & Sex Pistols","wmeagency","https://music.wmeagency.com","2025-08-13",NULL
"3352","new","PinkPantheress","wmeagency","https://music.wmeagency.com","2025-08-13",NULL
"3353","new","Bu Cuaron","wmeagency","https://music.wmeagency.com","2025-08-13",NULL
"3354","new","Stormzy","wmeagency","https://music.wmeagency.com","2025-08-13",NULL
"3355","new","Steven Tyler","wmeagency","https://music.wmeagency.com","2025-08-13",NULL
"3356","new","Ken Pomeroy","wmeagency","https://music.wmeagency.com","2025-08-13",NULL
"3357","new","Justin Moore","wmeagency","https://music.wmeagency.com","2025-08-13",NULL
"3358","new","Stiff Socks Podcast","wmeagency","https://music.wmeagency.com","2025-08-13",NULL
"3359","new","Mark Chesnutt","wmeagency","https://music.wmeagency.com","2025-08-13",NULL
"3360","new","Paolo Nutini","wmeagency","https://music.wmeagency.com","2025-08-13",NULL
"3361","new","Hollyn","wmeagency","https://music.wmeagency.com","2025-08-13",NULL
"3362","new","Trisha Yearwood","wmeagency","https://music.wmeagency.com","2025-08-13",NULL
"3363","new","Andrew Dismukes","wmeagency","https://music.wmeagency.com","2025-08-13",NULL
"3364","new","ICYKOF","wmeagency","https://music.wmeagency.com","2025-08-13",NULL
"3365","new","Foy Vance","wmeagency","https://music.wmeagency.com","2025-08-13",NULL
"3366","new","Logic1000","wmeagency","https://music.wmeagency.com","2025-08-13",NULL
"3367","new","Shane Smith & The Saints","wmeagency","https://music.wmeagency.com","2025-08-13",NULL
"3368","new","Paulo Londra","wmeagency","https://music.wmeagency.com","2025-08-13",NULL
"3369","new","Jagwar Ma","wmeagency","https://music.wmeagency.com","2025-08-13",NULL
"3370","new","Steve Martin","wmeagency","https://music.wmeagency.com","2025-08-13",NULL
"3371","new","Outkast","wmeagency","https://music.wmeagency.com","2025-08-13",NULL
"3372","new","Parquet Courts","wmeagency","https://music.wmeagency.com","2025-08-13",NULL
"3373","new","Cole Goodwin","wmeagency","https://music.wmeagency.com","2025-08-13",NULL
"3374","new","David Nihill","wmeagency","https://music.wmeagency.com","2025-08-13",NULL
"3375","new","Jason Isbell","wmeagency","https://music.wmeagency.com","2025-08-13",NULL
"3376","new","Gary Clark Jr","wmeagency","https://music.wmeagency.com","2025-08-13",NULL
"3377","new","Granger Smith","wmeagency","https://music.wmeagency.com","2025-08-13",NULL
"3378","new","TOY FACTORY PROJECT","wmeagency","https://music.wmeagency.com","2025-08-13",NULL
"3379","new","Penn Jillette","wmeagency","https://music.wmeagency.com","2025-08-13",NULL
"3380","new","Sabrina Wu","wmeagency","https://music.wmeagency.com","2025-08-13",NULL
"3381","new","Saint Harison","wmeagency","https://music.wmeagency.com","2025-08-13",NULL
"3382","new","Morgan Nagler","wmeagency","https://music.wmeagency.com","2025-08-13",NULL
"3383","new","Dead Cross","wmeagency","https://music.wmeagency.com","2025-08-13",NULL
"3384","new","The Robert Cray Band","wmeagency","https://music.wmeagency.com","2025-08-13",NULL
"3385","new","Luke Combs","wmeagency","https://music.wmeagency.com","2025-08-13",NULL
"3386","new","Refused","wmeagency","https://music.wmeagency.com","2025-08-13",NULL
"3387","new","Jockstrap","wmeagency","https://music.wmeagency.com","2025-08-13",NULL
"3388","new","Aliyah's Interlude","wmeagency","https://music.wmeagency.com","2025-08-13",NULL
"3389","new","Them Crooked Vultures","wmeagency","https://music.wmeagency.com","2025-08-13",NULL
"3390","new","IDK","wmeagency","https://music.wmeagency.com","2025-08-13",NULL
"3391","new","The Black Queen","wmeagency","https://music.wmeagency.com","2025-08-13",NULL
"3392","new","Caleb Pressley","wmeagency","https://music.wmeagency.com","2025-08-13",NULL
"3393","new","Slash","wmeagency","https://music.wmeagency.com","2025-08-13",NULL
"3394","new","Priscilla Block","wmeagency","https://music.wmeagency.com","2025-08-13",NULL
"3395","new","Ryan Reynolds","wmeagency","https://music.wmeagency.com","2025-08-13",NULL
"3396","new","Laszewo","wmeagency","https://music.wmeagency.com","2025-08-13",NULL
"3397","new","Yola","wmeagency","https://music.wmeagency.com","2025-08-13",NULL
"3398","new","Jet","wmeagency","https://music.wmeagency.com","2025-08-13",NULL
"3399","new","Ziwe","wmeagency","https://music.wmeagency.com","2025-08-13",NULL
"3400","new","KOJAQUE","wmeagency","https://music.wmeagency.com","2025-08-13",NULL
"3401","new","André 3000","wmeagency","https://music.wmeagency.com","2025-08-13",NULL
"3402","new","Wretch32","wmeagency","https://music.wmeagency.com","2025-08-13",NULL
"3403","new","Mew","wmeagency","https://music.wmeagency.com","2025-08-13",NULL
"3404","new","Bridget Everett","wmeagency","https://music.wmeagency.com","2025-08-13",NULL
"3405","new","MYA CRAIG","wmeagency","https://music.wmeagency.com","2025-08-13",NULL
"3406","new","paopao","wmeagency","https://music.wmeagency.com","2025-08-13",NULL
"3407","new","Easton Corbin","wmeagency","https://music.wmeagency.com","2025-08-13",NULL
"3408","new","Tanner Adell","wmeagency","https://music.wmeagency.com","2025-08-13",NULL
"3409","new","Rick Astley","wmeagency","https://music.wmeagency.com","2025-08-13",NULL
"3410","new","ALLEH Y YORGHAKI","wmeagency","https://music.wmeagency.com","2025-08-13",NULL
"3411","new","Sam Feldt","wmeagency","https://music.wmeagency.com","2025-08-13",NULL
"3412","new","Sienna Hubert-Ross","wmeagency","https://music.wmeagency.com","2025-08-13",NULL
"3413","new","Tom Waits","wmeagency","https://music.wmeagency.com","2025-08-13",NULL
"3414","new","Courteeners","wmeagency","https://music.wmeagency.com","2025-08-13",NULL
"3415","new","Josh Adam Meyers","wmeagency","https://music.wmeagency.com","2025-08-13",NULL
"3416","new","Tamzene","wmeagency","https://music.wmeagency.com","2025-08-13",NULL
"3417","new","Tobias Jesso Jr.","wmeagency","https://music.wmeagency.com","2025-08-13",NULL
"3418","new","Thenewno2","wmeagency","https://music.wmeagency.com","2025-08-13",NULL
"3419","new","Rihanna","wmeagency","https://music.wmeagency.com","2025-08-13",NULL
"3420","new","That Mexican OT","wmeagency","https://music.wmeagency.com","2025-08-13",NULL
"3421","new","Emeli Sandé","wmeagency","https://music.wmeagency.com","2025-08-13",NULL
"3422","new","Jason Mantzoukas","wmeagency","https://music.wmeagency.com","2025-08-13",NULL
"3423","new","Sinisterhood","wmeagency","https://music.wmeagency.com","2025-08-13",NULL
"3424","new","Myles Smith","wmeagency","https://music.wmeagency.com","2025-08-13",NULL
"3425","new","Money Man","wmeagency","https://music.wmeagency.com","2025-08-13",NULL
"3426","new","Christian Paul","wmeagency","https://music.wmeagency.com","2025-08-13",NULL
"3427","new","Theo Von","wmeagency","https://music.wmeagency.com","2025-08-13",NULL
"3428","new","Luis Miguel","wmeagency","https://music.wmeagency.com","2025-08-13",NULL
"3429","new","Buraka Som Sistema","wmeagency","https://music.wmeagency.com","2025-08-13",NULL
"3430","new","Alex English","wmeagency","https://music.wmeagency.com","2025-08-13",NULL
"3431","new","Tenille Townes","wmeagency","https://music.wmeagency.com","2025-08-13",NULL
"3432","new","Conner Smith","wmeagency","https://music.wmeagency.com","2025-08-13",NULL
"3433","new","Goose","wmeagency","https://music.wmeagency.com","2025-08-13",NULL
"3434","new","AJR","wmeagency","https://music.wmeagency.com","2025-08-13",NULL
"3435","new","Griff","wmeagency","https://music.wmeagency.com","2025-08-13",NULL
"3436","new","Bomba Estereo","wmeagency","https://music.wmeagency.com","2025-08-13",NULL
"3437","new","Timmy McKeever","wmeagency","https://music.wmeagency.com","2025-08-13",NULL
"3438","new","Laura Ramoso","wmeagency","https://music.wmeagency.com","2025-08-13",NULL
"3439","new","Tower Of Power","wmeagency","https://music.wmeagency.com","2025-08-13",NULL
"3440","new","Ashley McBryde","wmeagency","https://music.wmeagency.com","2025-08-13",NULL
"3441","new","Kirk Franklin","wmeagency","https://music.wmeagency.com","2025-08-13",NULL
"3442","new","Shiba San","wmeagency","https://music.wmeagency.com","2025-08-13",NULL
"3443","new","The Castellows","wmeagency","https://music.wmeagency.com","2025-08-13",NULL
"3444","new","Nafe Smallz","wmeagency","https://music.wmeagency.com","2025-08-13",NULL
"3445","new","Adrien Nunez","wmeagency","https://music.wmeagency.com","2025-08-13",NULL
"3446","new","Kilmore","wmeagency","https://music.wmeagency.com","2025-08-13",NULL
"3447","new","Code Orange","wmeagency","https://music.wmeagency.com","2025-08-13",NULL
"3448","new","System Of A Down","wmeagency","https://music.wmeagency.com","2025-08-13",NULL
"3449","new","Smith & Myers","wmeagency","https://music.wmeagency.com","2025-08-13",NULL
"3450","new","Claptone","wmeagency","https://music.wmeagency.com","2025-08-13",NULL
"3451","new","Gang of Youths","wmeagency","https://music.wmeagency.com","2025-08-13",NULL
"3452","new","Kylie Morgan","wmeagency","https://music.wmeagency.com","2025-08-13",NULL
"3453","new","Doughboys","wmeagency","https://music.wmeagency.com","2025-08-13",NULL
"3454","new","Cornetto","wmeagency","https://music.wmeagency.com","2025-08-13",NULL
"3455","new","Tom Segura","wmeagency","https://music.wmeagency.com","2025-08-13",NULL
"3456","new","Jade LeMac","wmeagency","https://music.wmeagency.com","2025-08-13",NULL
"3457","new","Jack Ingram","wmeagency","https://music.wmeagency.com","2025-08-13",NULL
"3458","new","Hot Since 82","wmeagency","https://music.wmeagency.com","2025-08-13",NULL
"3459","new","Whitmer Thomas","wmeagency","https://music.wmeagency.com","2025-08-13",NULL
"3460","new","Nic Cester","wmeagency","https://music.wmeagency.com","2025-08-13",NULL
"3461","new","Joe Budden","wmeagency","https://music.wmeagency.com","2025-08-13",NULL
"3462","new","Meek Mill","wmeagency","https://music.wmeagency.com","2025-08-13",NULL
"3463","new","Gabby Bryan","wmeagency","https://music.wmeagency.com","2025-08-13",NULL
"3464","new","Hard-Fi","wmeagency","https://music.wmeagency.com","2025-08-13",NULL
"3465","new","Miss Monique","wmeagency","https://music.wmeagency.com","2025-08-13",NULL
"3466","new","Pete Tong Ibiza Classics","wmeagency","https://music.wmeagency.com","2025-08-13",NULL
"3467","new","John Glacier","wmeagency","https://music.wmeagency.com","2025-08-13",NULL
"3468","new","Gogol Bordello","wmeagency","https://music.wmeagency.com","2025-08-13",NULL
"3469","new","TOKiMONSTA","wmeagency","https://music.wmeagency.com","2025-08-13",NULL
"3470","new","Gin Blossoms","wmeagency","https://music.wmeagency.com","2025-08-13",NULL
"3471","new","N.E.R.D","wmeagency","https://music.wmeagency.com","2025-08-13",NULL
"3472","new","Raney Shockne","wmeagency","https://music.wmeagency.com","2025-08-13",NULL
"3473","new","Netta","wmeagency","https://music.wmeagency.com","2025-08-13",NULL
"3474","new","Maddy O'Neal","wmeagency","https://music.wmeagency.com","2025-08-13",NULL
"3475","new","Christine D'Clario","wmeagency","https://music.wmeagency.com","2025-08-13",NULL
"3476","new","Charlotte Day Wilson","wmeagency","https://music.wmeagency.com","2025-08-13",NULL
"3477","new","Monochrome","wmeagency","https://music.wmeagency.com","2025-08-13",NULL
"3478","new","White Denim","wmeagency","https://music.wmeagency.com","2025-08-13",NULL
"3479","new","Vincent Mason","wmeagency","https://music.wmeagency.com","2025-08-13",NULL
"3480","new","Neal Francis","wmeagency","https://music.wmeagency.com","2025-08-13",NULL
"3481","new","Peter One","wmeagency","https://music.wmeagency.com","2025-08-13",NULL
"3482","new","Donavon Frankenreiter","wmeagency","https://music.wmeagency.com","2025-08-13",NULL
"3483","new","Em Beihold","wmeagency","https://music.wmeagency.com","2025-08-13",NULL
"3484","new","Will Jones","wmeagency","https://music.wmeagency.com","2025-08-13",NULL
"3485","new","Preservation Hall Jazz Band","wmeagency","https://music.wmeagency.com","2025-08-13",NULL
"3486","new","Albert Brooks","wmeagency","https://music.wmeagency.com","2025-08-13",NULL
"3487","new","American Aquarium","wmeagency","https://music.wmeagency.com","2025-08-13",NULL
"3488","new","Hobo Johnson","wmeagency","https://music.wmeagency.com","2025-08-13",NULL
"3489","new","Sita Abellan","wmeagency","https://music.wmeagency.com","2025-08-13",NULL
"3490","new","REDD.","wmeagency","https://music.wmeagency.com","2025-08-13",NULL
"3491","new","Marlon Williams","wmeagency","https://music.wmeagency.com","2025-08-13",NULL
"3492","new","Seth Troxler","wmeagency","https://music.wmeagency.com","2025-08-13",NULL
"3493","new","Danny Brown","wmeagency","https://music.wmeagency.com","2025-08-13",NULL
"3494","new","Harper Grace","wmeagency","https://music.wmeagency.com","2025-08-13",NULL
"3495","new","Laura Peek","wmeagency","https://music.wmeagency.com","2025-08-13",NULL
"3496","new","Jimmy Kimmel","wmeagency","https://music.wmeagency.com","2025-08-13",NULL
"3497","new","Corey B","wmeagency","https://music.wmeagency.com","2025-08-13",NULL
"3498","new","Nat & Alex Wolff","wmeagency","https://music.wmeagency.com","2025-08-13",NULL
"3499","new","Nettspend","wmeagency","https://music.wmeagency.com","2025-08-13",NULL
"3500","new","Jazmine Sullivan","wmeagency","https://music.wmeagency.com","2025-08-13",NULL
"3501","new","Sean Evans","wmeagency","https://music.wmeagency.com","2025-08-13",NULL
"3502","new","Baynk","wmeagency","https://music.wmeagency.com","2025-08-13",NULL
"3503","new","THE SNUTS","wmeagency","https://music.wmeagency.com","2025-08-13",NULL
"3504","new","Johnny Marr","wmeagency","https://music.wmeagency.com","2025-08-13",NULL
"3505","new","Rival Schools","wmeagency","https://music.wmeagency.com","2025-08-13",NULL
"3506","new","Finneas","wmeagency","https://music.wmeagency.com","2025-08-13",NULL
"3507","new","John Hollier","wmeagency","https://music.wmeagency.com","2025-08-13",NULL
"3508","new","Conner O'Malley","wmeagency","https://music.wmeagency.com","2025-08-13",NULL
"3509","new","Liam St. John","wmeagency","https://music.wmeagency.com","2025-08-13",NULL
"3510","new","Deon Cole","wmeagency","https://music.wmeagency.com","2025-08-13",NULL
"3511","new","Jordan Adetunji","wmeagency","https://music.wmeagency.com","2025-08-13",NULL
"3512","new","Peggy Gou","wmeagency","https://music.wmeagency.com","2025-08-13",NULL
"3513","new","Armchair Expert Live! with Dax Shepard","wmeagency","https://music.wmeagency.com","2025-08-13",NULL
"3514","new","Dasha","wmeagency","https://music.wmeagency.com","2025-08-13",NULL
"3515","new","Balancing Act","wmeagency","https://music.wmeagency.com","2025-08-13",NULL
"3516","new","Ed Kowalczyk","wmeagency","https://music.wmeagency.com","2025-08-13",NULL
"3517","new","Vince Vaughn","wmeagency","https://music.wmeagency.com","2025-08-13",NULL
"3518","new","Tiakola","wmeagency","https://music.wmeagency.com","2025-08-13",NULL
"3519","new","AK SPORTS","wmeagency","https://music.wmeagency.com","2025-08-13",NULL
"3520","new","Olivia Rodrigo","wmeagency","https://music.wmeagency.com","2025-08-13",NULL
"3521","new","Gwen Stefani","wmeagency","https://music.wmeagency.com","2025-08-13",NULL
"3522","new","Bernadette Peters","wmeagency","https://music.wmeagency.com","2025-08-13",NULL
"3523","new","AFI","wmeagency","https://music.wmeagency.com","2025-08-13",NULL
"3524","new","Dumb Blonde Podcast","wmeagency","https://music.wmeagency.com","2025-08-13",NULL
"3525","new","Avery Anna","wmeagency","https://music.wmeagency.com","2025-08-13",NULL
"3526","new","Carly Rae Jepsen","wmeagency","https://music.wmeagency.com","2025-08-13",NULL
"3527","new","Cleo Sol","wmeagency","https://music.wmeagency.com","2025-08-13",NULL
"3528","new","Angelo Mota","wmeagency","https://music.wmeagency.com","2025-08-13",NULL
"3529","new","Kellan Christopher Cragg","wmeagency","https://music.wmeagency.com","2025-08-13",NULL
"3530","new","Reignwolf","wmeagency","https://music.wmeagency.com","2025-08-13",NULL
"3531","new","Sadie Bass","wmeagency","https://music.wmeagency.com","2025-08-13",NULL
"3532","new","Spencer Hatcher","wmeagency","https://music.wmeagency.com","2025-08-13",NULL
"3533","new","Hot Chip","wmeagency","https://music.wmeagency.com","2025-08-13",NULL
"3534","new","Alton Brown","wmeagency","https://music.wmeagency.com","2025-08-13",NULL
"3535","new","ROMANS","wmeagency","https://music.wmeagency.com","2025-08-13",NULL
"3536","new","Old Crow Medicine Show","wmeagency","https://music.wmeagency.com","2025-08-13",NULL
"3537","new","Kaiser Chiefs","wmeagency","https://music.wmeagency.com","2025-08-13",NULL
"3538","new","Avenged Sevenfold","wmeagency","https://music.wmeagency.com","2025-08-13",NULL
"3539","new","Sara Landry","wmeagency","https://music.wmeagency.com","2025-08-13",NULL
"3540","new","Michael Kosta","wmeagency","https://music.wmeagency.com","2025-08-13",NULL
"3541","new","Argy","wmeagency","https://music.wmeagency.com","2025-08-13",NULL
"3542","new","Hetta Falzon","wmeagency","https://music.wmeagency.com","2025-08-13",NULL
"3543","new","Gold Over America Tour","wmeagency","https://music.wmeagency.com","2025-08-13",NULL
"3544","new","Knucks","wmeagency","https://music.wmeagency.com","2025-08-13",NULL
"3545","new","Alvaro Diaz","wmeagency","https://music.wmeagency.com","2025-08-13",NULL
"3546","new","Sam Morril","wmeagency","https://music.wmeagency.com","2025-08-13",NULL
"3547","new","Dom Innarella","wmeagency","https://music.wmeagency.com","2025-08-13",NULL
"3548","new","Shooter Jennings","wmeagency","https://music.wmeagency.com","2025-08-13",NULL
"3549","new","Andrew Rea","wmeagency","https://music.wmeagency.com","2025-08-13",NULL
"3550","new","SKI MASK THE SLUMP GOD","wmeagency","https://music.wmeagency.com","2025-08-13",NULL
"3551","new","Giovannie & The Hired Guns","wmeagency","https://music.wmeagency.com","2025-08-13",NULL
"3552","new","Brooke Combe","wmeagency","https://music.wmeagency.com","2025-08-13",NULL
"3553","new","Charlotte Dowsson","wmeagency","https://music.wmeagency.com","2025-08-13",NULL
"3554","new","PURE YANNI","wmeagency","https://music.wmeagency.com","2025-08-13",NULL
"3555","new","Alec Benjamin","wmeagency","https://music.wmeagency.com","2025-08-13",NULL
"3556","new","Angie McMahon","wmeagency","https://music.wmeagency.com","2025-08-13",NULL
"3557","new","Watch the Duck","wmeagency","https://music.wmeagency.com","2025-08-13",NULL
"3558","new","Broods","wmeagency","https://music.wmeagency.com","2025-08-13",NULL
"3559","new","The Minus 5","wmeagency","https://music.wmeagency.com","2025-08-13",NULL
"3560","new","Brothers Osborne","wmeagency","https://music.wmeagency.com","2025-08-13",NULL
"3561","new","Stiff Little Fingers","wmeagency","https://music.wmeagency.com","2025-08-13",NULL
"3562","new","Lana Del Rey","wmeagency","https://music.wmeagency.com","2025-08-13",NULL
"3563","new","Nasser Al-Rayess","wmeagency","https://music.wmeagency.com","2025-08-13",NULL
"3564","new","Hayes Bradley","wmeagency","https://music.wmeagency.com","2025-08-13",NULL
"3565","new","Plastikman","wmeagency","https://music.wmeagency.com","2025-08-13",NULL
"3566","new","Scars on Broadway","wmeagency","https://music.wmeagency.com","2025-08-13",NULL
"3567","new","Ella Vos","wmeagency","https://music.wmeagency.com","2025-08-13",NULL
"3568","new","Eric D'Alessandro","wmeagency","https://music.wmeagency.com","2025-08-13",NULL
"3569","new","MercyMe","wmeagency","https://music.wmeagency.com","2025-08-13",NULL
"3570","new","Jiaoying Summers","wmeagency","https://music.wmeagency.com","2025-08-13",NULL
"3571","new","Washed Out","wmeagency","https://music.wmeagency.com","2025-08-13",NULL
"3572","new","Cole Swindell","wmeagency","https://music.wmeagency.com","2025-08-13",NULL
"3573","new","Richard Marx","wmeagency","https://music.wmeagency.com","2025-08-13",NULL
"3574","new","Kaitlin Butts","wmeagency","https://music.wmeagency.com","2025-08-13",NULL
"3575","new","Edward Sharpe and the Magnetic Zeros","wmeagency","https://music.wmeagency.com","2025-08-13",NULL
"3576","new","Lukas Nelson","wmeagency","https://music.wmeagency.com","2025-08-13",NULL
"3577","new","Mackenzie Carpenter","wmeagency","https://music.wmeagency.com","2025-08-13",NULL
"3578","new","Shelby Stone","wmeagency","https://music.wmeagency.com","2025-08-13",NULL
"3579","new","Bruses","wmeagency","https://music.wmeagency.com","2025-08-13",NULL
"3580","new","The Voidz","wmeagency","https://music.wmeagency.com","2025-08-13",NULL
"3581","new","Jidenna","wmeagency","https://music.wmeagency.com","2025-08-13",NULL
"3582","new","Juno Birch","wmeagency","https://music.wmeagency.com","2025-08-13",NULL
"3583","new","MIRADOR","wmeagency","https://music.wmeagency.com","2025-08-13",NULL
"3584","new","James","wmeagency","https://music.wmeagency.com","2025-08-13",NULL
"3585","new","mike.","wmeagency","https://music.wmeagency.com","2025-08-13",NULL
"3586","new","MORBID: A True Crime Podcast Live","wmeagency","https://music.wmeagency.com","2025-08-13",NULL
"3587","new","Labrinth","wmeagency","https://music.wmeagency.com","2025-08-13",NULL
"3588","new","Honeyluv","wmeagency","https://music.wmeagency.com","2025-08-13",NULL
"3589","new","AMEME","wmeagency","https://music.wmeagency.com","2025-08-13",NULL
"3590","new","Ryan Davis","wmeagency","https://music.wmeagency.com","2025-08-13",NULL
"3591","new","John Rzeznik","wmeagency","https://music.wmeagency.com","2025-08-13",NULL
"3592","new","Fredo","wmeagency","https://music.wmeagency.com","2025-08-13",NULL
"3593","new","Corey Smith","wmeagency","https://music.wmeagency.com","2025-08-13",NULL
"3594","new","Maoli","wmeagency","https://music.wmeagency.com","2025-08-13",NULL
"3595","new","Larry Fleet","wmeagency","https://music.wmeagency.com","2025-08-13",NULL
"3596","new","Rick Springfield","wmeagency","https://music.wmeagency.com","2025-08-13",NULL
"3597","new","Peach PRC","wmeagency","https://music.wmeagency.com","2025-08-13",NULL
"3598","new","Julia Stone","wmeagency","https://music.wmeagency.com","2025-08-13",NULL
"3599","new","Mike Ryan","wmeagency","https://music.wmeagency.com","2025-08-13",NULL
"3600","new","Burton Cummings","wmeagency","https://music.wmeagency.com","2025-08-13",NULL
"3601","new","Clams Casino","wmeagency","https://music.wmeagency.com","2025-08-13",NULL
"3602","new","Larry David","wmeagency","https://music.wmeagency.com","2025-08-13",NULL
"3603","new","Mike Bahia","wmeagency","https://music.wmeagency.com","2025-08-13",NULL
"3604","new","Dustin Lynch","wmeagency","https://music.wmeagency.com","2025-08-13",NULL
"3605","new","Yebba","wmeagency","https://music.wmeagency.com","2025-08-13",NULL
"3606","new","Corey Kent","wmeagency","https://music.wmeagency.com","2025-08-13",NULL
"3607","new","The New Respects","wmeagency","https://music.wmeagency.com","2025-08-13",NULL
"3608","new","Ethan Gruska","wmeagency","https://music.wmeagency.com","2025-08-13",NULL
"3609","new","Aitch","wmeagency","https://music.wmeagency.com","2025-08-13",NULL
"3610","new","Nines","wmeagency","https://music.wmeagency.com","2025-08-13",NULL
"3611","new","Tina Fey","wmeagency","https://music.wmeagency.com","2025-08-13",NULL
"3612","new","Julio Iglesias, Jr.","wmeagency","https://music.wmeagency.com","2025-08-13",NULL
"3613","new","Rev Run","wmeagency","https://music.wmeagency.com","2025-08-13",NULL
"3614","new","Cody Canada and The Departed","wmeagency","https://music.wmeagency.com","2025-08-13",NULL
"3615","new","ESTA","wmeagency","https://music.wmeagency.com","2025-08-13",NULL
"3616","new","Akaash Singh","wmeagency","https://music.wmeagency.com","2025-08-13",NULL
"3617","new","mgk","wmeagency","https://music.wmeagency.com","2025-08-13",NULL
"3618","new","The Rubens","wmeagency","https://music.wmeagency.com","2025-08-13",NULL
"3619","new","Fade Em All","wmeagency","https://music.wmeagency.com","2025-08-13",NULL
"3620","new","Thomas Jack","wmeagency","https://music.wmeagency.com","2025-08-13",NULL
"3621","new","Aida Osman","wmeagency","https://music.wmeagency.com","2025-08-13",NULL
"3622","new","AZURE RYDER","wmeagency","https://music.wmeagency.com","2025-08-13",NULL
"3623","new","Dj Premier","wmeagency","https://music.wmeagency.com","2025-08-13",NULL
"3624","new","Scott Seiss","wmeagency","https://music.wmeagency.com","2025-08-13",NULL
"3625","new","Tyler Halverson","wmeagency","https://music.wmeagency.com","2025-08-13",NULL
"3626","new","Griselda","wmeagency","https://music.wmeagency.com","2025-08-13",NULL
"3627","new","Caitlin Cook","wmeagency","https://music.wmeagency.com","2025-08-13",NULL
"3628","new","DRINKURWATER","wmeagency","https://music.wmeagency.com","2025-08-13",NULL
"3629","new","New West","wmeagency","https://music.wmeagency.com","2025-08-13",NULL
"3630","new","Nelly","wmeagency","https://music.wmeagency.com","2025-08-13",NULL
"3631","new","Better Than Ezra","wmeagency","https://music.wmeagency.com","2025-08-13",NULL
"3632","new","BOB AND DAVID","wmeagency","https://music.wmeagency.com","2025-08-13",NULL
"3633","new","Randy Houser","wmeagency","https://music.wmeagency.com","2025-08-13",NULL
"3634","new","The Clockworks","wmeagency","https://music.wmeagency.com","2025-08-13",NULL
"3635","new","Ben Haggard","wmeagency","https://music.wmeagency.com","2025-08-13",NULL
"3636","new","Bruno Mars","wmeagency","https://music.wmeagency.com","2025-08-13",NULL
"3637","new","Big & Rich","wmeagency","https://music.wmeagency.com","2025-08-13",NULL
"3638","new","Dhani Harrison","wmeagency","https://music.wmeagency.com","2025-08-13",NULL
"3639","new","M.I.A.","wmeagency","https://music.wmeagency.com","2025-08-13",NULL
"3640","new","Skeez","wmeagency","https://music.wmeagency.com","2025-08-13",NULL
"3641","new","Dope Lemon","wmeagency","https://music.wmeagency.com","2025-08-13",NULL
"3642","new","Craig Robinson","wmeagency","https://music.wmeagency.com","2025-08-13",NULL
"3643","new","Hannah Berner","wmeagency","https://music.wmeagency.com","2025-08-13",NULL
"3644","new","Jessica Audiffred","wmeagency","https://music.wmeagency.com","2025-08-13",NULL
"3645","new","James Blake","wmeagency","https://music.wmeagency.com","2025-08-13",NULL
"3646","new","Mahalia","wmeagency","https://music.wmeagency.com","2025-08-13",NULL
"3647","new","Jonny Greenwood","wmeagency","https://music.wmeagency.com","2025-08-13",NULL
"3648","new","Westside Gunn","wmeagency","https://music.wmeagency.com","2025-08-13",NULL
"3649","new","Prof","wmeagency","https://music.wmeagency.com","2025-08-13",NULL
"3650","new","ARTBAT","wmeagency","https://music.wmeagency.com","2025-08-13",NULL
"3651","new","Picture Parlour","wmeagency","https://music.wmeagency.com","2025-08-13",NULL
"3652","new","Steve Wariner","wmeagency","https://music.wmeagency.com","2025-08-13",NULL
"3653","new","Sarah Tiana","wmeagency","https://music.wmeagency.com","2025-08-13",NULL
"3654","new","Don Woezik","wmeagency","https://music.wmeagency.com","2025-08-13",NULL
"3655","new","The Cribs","wmeagency","https://music.wmeagency.com","2025-08-13",NULL
"3656","new","Emerson Day","wmeagency","https://music.wmeagency.com","2025-08-13",NULL
"3657","new","Miranda Lambert","wmeagency","https://music.wmeagency.com","2025-08-13",NULL
"3658","new","Allen Stone","wmeagency","https://music.wmeagency.com","2025-08-13",NULL
"3659","new","Lacey Sturm","wmeagency","https://music.wmeagency.com","2025-08-13",NULL
"3660","new","Goldfrapp","wmeagency","https://music.wmeagency.com","2025-08-13",NULL
"3661","new","Lost Kings","wmeagency","https://music.wmeagency.com","2025-08-13",NULL
"3662","new","Stef Dag","wmeagency","https://music.wmeagency.com","2025-08-13",NULL
"3663","new","Mt. Desolation","wmeagency","https://music.wmeagency.com","2025-08-13",NULL
"3664","new","Ben Da Donnn","wmeagency","https://music.wmeagency.com","2025-08-13",NULL
"3665","new","Essosa","wmeagency","https://music.wmeagency.com","2025-08-13",NULL
"3666","new","Not Another D&D Podcast","wmeagency","https://music.wmeagency.com","2025-08-13",NULL
"3667","new","Francesco De Carlo","wmeagency","https://music.wmeagency.com","2025-08-13",NULL
"3668","new","Gone is Gone","wmeagency","https://music.wmeagency.com","2025-08-13",NULL
"3669","new","Derek DelGaudio","wmeagency","https://music.wmeagency.com","2025-08-13",NULL
"3670","new","Against The Current","wmeagency","https://music.wmeagency.com","2025-08-13",NULL
"3671","new","Valley","wmeagency","https://music.wmeagency.com","2025-08-13",NULL
"3672","new","Sun Room","wmeagency","https://music.wmeagency.com","2025-08-13",NULL
"3673","new","Don Diablo","wmeagency","https://music.wmeagency.com","2025-08-13",NULL
"3674","new","indie tribe","wmeagency","https://music.wmeagency.com","2025-08-13",NULL
"3675","new","Milow","wmeagency","https://music.wmeagency.com","2025-08-13",NULL
"3676","new","Mary Droppinz","wmeagency","https://music.wmeagency.com","2025-08-13",NULL
"3677","new","Capella Grey","wmeagency","https://music.wmeagency.com","2025-08-13",NULL
"3678","new","Rumours of Fleetwood Mac","wmeagency","https://music.wmeagency.com","2025-08-13",NULL
"3679","new","No Justice","wmeagency","https://music.wmeagency.com","2025-08-13",NULL
"3680","new","Solomun","wmeagency","https://music.wmeagency.com","2025-08-13",NULL
"3681","new","Linkin Park","wmeagency","https://music.wmeagency.com","2025-08-13",NULL
"3682","new","Micah Tyler","wmeagency","https://music.wmeagency.com","2025-08-13",NULL
"3683","new","Twyce","wmeagency","https://music.wmeagency.com","2025-08-13",NULL
"3684","new","Garrick Bernard","wmeagency","https://music.wmeagency.com","2025-08-13",NULL
"3685","new","DEAR TASH","wmeagency","https://music.wmeagency.com","2025-08-13",NULL
"3686","new","Neneh Cherry","wmeagency","https://music.wmeagency.com","2025-08-13",NULL
"3687","new","Kano","wmeagency","https://music.wmeagency.com","2025-08-13",NULL
"3688","new","Lee Brice","wmeagency","https://music.wmeagency.com","2025-08-13",NULL
"3689","new","Nemzzz","wmeagency","https://music.wmeagency.com","2025-08-13",NULL
"3690","new","Christina P.","wmeagency","https://music.wmeagency.com","2025-08-13",NULL
"3691","new","At The Drive In","wmeagency","https://music.wmeagency.com","2025-08-13",NULL
"3692","new","Harper O'Neill","wmeagency","https://music.wmeagency.com","2025-08-13",NULL
"3693","new","Jerrod Carmichael","wmeagency","https://music.wmeagency.com","2025-08-13",NULL
"3694","new","Silk Sonic","wmeagency","https://music.wmeagency.com","2025-08-13",NULL
"3695","new","Bob's Burgers (Live)","wmeagency","https://music.wmeagency.com","2025-08-13",NULL
"3696","new","Joelton Mayfield","pitchperfectpr","https://www.pitchperfectpr.com","2025-08-13",NULL
"3697","new","Dawn Richard","pitchperfectpr","https://www.pitchperfectpr.com","2025-08-13",NULL
"3698","new","Protomartyr","pitchperfectpr","https://www.pitchperfectpr.com","2025-08-13",NULL
"3699","new","The Clientele","pitchperfectpr","https://www.pitchperfectpr.com","2025-08-13",NULL
"3700","new","David Nance","pitchperfectpr","https://www.pitchperfectpr.com","2025-08-13",NULL
"3701","new","Being Dead","pitchperfectpr","https://www.pitchperfectpr.com","2025-08-13",NULL
"3702","new","Six Organs of Admittance","pitchperfectpr","https://www.pitchperfectpr.com","2025-08-13",NULL
"3703","new","Ada Lea","pitchperfectpr","https://www.pitchperfectpr.com","2025-08-13",NULL
"3704","new","A. Savage","pitchperfectpr","https://www.pitchperfectpr.com","2025-08-13",NULL
"3705","new","Marina Allen","pitchperfectpr","https://www.pitchperfectpr.com","2025-08-13",NULL
"3706","new","Gabriel Garzon-Montano","pitchperfectpr","https://www.pitchperfectpr.com","2025-08-13",NULL
"3707","new","Jake Blount &amp; Mali Obomsawin","pitchperfectpr","https://www.pitchperfectpr.com","2025-08-13",NULL
"3708","new","Anika","pitchperfectpr","https://www.pitchperfectpr.com","2025-08-13",NULL
"3709","new","Adam Miller","pitchperfectpr","https://www.pitchperfectpr.com","2025-08-13",NULL
"3710","new","Lonnie Holley","pitchperfectpr","https://www.pitchperfectpr.com","2025-08-13",NULL
"3711","new","Bloomsday","pitchperfectpr","https://www.pitchperfectpr.com","2025-08-13",NULL
"3712","new","Ric Wilson","pitchperfectpr","https://www.pitchperfectpr.com","2025-08-13",NULL
"3713","new","Snooper","pitchperfectpr","https://www.pitchperfectpr.com","2025-08-13",NULL
"3714","new","Erin Durant","pitchperfectpr","https://www.pitchperfectpr.com","2025-08-13",NULL
"3715","new","Mikal Cronin","pitchperfectpr","https://www.pitchperfectpr.com","2025-08-13",NULL
"3716","new","Triathalon","pitchperfectpr","https://www.pitchperfectpr.com","2025-08-13",NULL
"3717","new","Naeem","pitchperfectpr","https://www.pitchperfectpr.com","2025-08-13",NULL
"3718","new","Charles Stepney","pitchperfectpr","https://www.pitchperfectpr.com","2025-08-13",NULL
"3719","new","Bnny","pitchperfectpr","https://www.pitchperfectpr.com","2025-08-13",NULL
"3720","new","Marlon Williams","pitchperfectpr","https://www.pitchperfectpr.com","2025-08-13",NULL
"3721","new","Melkbelly","pitchperfectpr","https://www.pitchperfectpr.com","2025-08-13",NULL
"3722","new","MJ Lenderman","pitchperfectpr","https://www.pitchperfectpr.com","2025-08-13",NULL
"3723","new","RJD2","pitchperfectpr","https://www.pitchperfectpr.com","2025-08-13",NULL
"3724","new","Michael Shannon &amp; Jason Narducy","pitchperfectpr","https://www.pitchperfectpr.com","2025-08-13",NULL
"3725","new","Exploded View","pitchperfectpr","https://www.pitchperfectpr.com","2025-08-13",NULL
"3726","new","Jessica Pratt","pitchperfectpr","https://www.pitchperfectpr.com","2025-08-13",NULL
"3727","new","Marshall Allen","pitchperfectpr","https://www.pitchperfectpr.com","2025-08-13",NULL
"3728","new","Fenne Lily","pitchperfectpr","https://www.pitchperfectpr.com","2025-08-13",NULL
"3729","new","Andy Shauf","pitchperfectpr","https://www.pitchperfectpr.com","2025-08-13",NULL
"3730","new","Sarah Grace White","pitchperfectpr","https://www.pitchperfectpr.com","2025-08-13",NULL
"3731","new","Durand Jones &amp; The Indications","pitchperfectpr","https://www.pitchperfectpr.com","2025-08-13",NULL
"3732","new","Daryl Johns","pitchperfectpr","https://www.pitchperfectpr.com","2025-08-13",NULL
"3733","new","Kaleah Lee","pitchperfectpr","https://www.pitchperfectpr.com","2025-08-13",NULL
"3734","new","zzzahara","pitchperfectpr","https://www.pitchperfectpr.com","2025-08-13",NULL
"3735","new","Zoh Amba","pitchperfectpr","https://www.pitchperfectpr.com","2025-08-13",NULL
"3736","new","Smut","pitchperfectpr","https://www.pitchperfectpr.com","2025-08-13",NULL
"3737","new","Kahil El’Zabar &amp; the Ethnic Heritage Ensemble","pitchperfectpr","https://www.pitchperfectpr.com","2025-08-13",NULL
"3738","new","Biosphere","pitchperfectpr","https://www.pitchperfectpr.com","2025-08-13",NULL
"3739","new","The Beths","pitchperfectpr","https://www.pitchperfectpr.com","2025-08-13",NULL
"3740","new","Fever Ray","pitchperfectpr","https://www.pitchperfectpr.com","2025-08-13",NULL
"3741","new","Prize Horse","pitchperfectpr","https://www.pitchperfectpr.com","2025-08-13",NULL
"3742","new","Just Mustard","pitchperfectpr","https://www.pitchperfectpr.com","2025-08-13",NULL
"3743","new","Caroline Rose","pitchperfectpr","https://www.pitchperfectpr.com","2025-08-13",NULL
"3744","new","Will August Park","pitchperfectpr","https://www.pitchperfectpr.com","2025-08-13",NULL
"3745","new","Chapo Trap House","pitchperfectpr","https://www.pitchperfectpr.com","2025-08-13",NULL
"3746","new","JAWNY","pitchperfectpr","https://www.pitchperfectpr.com","2025-08-13",NULL
"3747","new","Robber Robber","pitchperfectpr","https://www.pitchperfectpr.com","2025-08-13",NULL
"3748","new","Raw Poetic","pitchperfectpr","https://www.pitchperfectpr.com","2025-08-13",NULL
"3749","new","Eaves Wilder","pitchperfectpr","https://www.pitchperfectpr.com","2025-08-13",NULL
"3750","new","Sofia Bolt","pitchperfectpr","https://www.pitchperfectpr.com","2025-08-13",NULL
"3751","new","Jaywood","pitchperfectpr","https://www.pitchperfectpr.com","2025-08-13",NULL
"3752","new","Boy Harsher","pitchperfectpr","https://www.pitchperfectpr.com","2025-08-13",NULL
"3753","new","Ela Minus","pitchperfectpr","https://www.pitchperfectpr.com","2025-08-13",NULL
"3754","new","Shame","pitchperfectpr","https://www.pitchperfectpr.com","2025-08-13",NULL
"3755","new","Mandy Indiana","pitchperfectpr","https://www.pitchperfectpr.com","2025-08-13",NULL
"3756","new","Youth Lagoon","pitchperfectpr","https://www.pitchperfectpr.com","2025-08-13",NULL
"3757","new","Hana Vu","pitchperfectpr","https://www.pitchperfectpr.com","2025-08-13",NULL
"3758","new","Valerie June","pitchperfectpr","https://www.pitchperfectpr.com","2025-08-13",NULL
"3759","new","Aaron Frazer","pitchperfectpr","https://www.pitchperfectpr.com","2025-08-13",NULL
"3760","new","Lord Huron","pitchperfectpr","https://www.pitchperfectpr.com","2025-08-13",NULL
"3761","new","Claude Fontaine","pitchperfectpr","https://www.pitchperfectpr.com","2025-08-13",NULL
"3762","new","Westside Cowboy","pitchperfectpr","https://www.pitchperfectpr.com","2025-08-13",NULL
"3763","new","Abso Lutely Productions","pitchperfectpr","https://www.pitchperfectpr.com","2025-08-13",NULL
"3764","new","Dari Bay","pitchperfectpr","https://www.pitchperfectpr.com","2025-08-13",NULL
"3765","new","The Serfs","pitchperfectpr","https://www.pitchperfectpr.com","2025-08-13",NULL
"3766","new","The War on Drugs","pitchperfectpr","https://www.pitchperfectpr.com","2025-08-13",NULL
"3767","new","Eiko Ishibashi","pitchperfectpr","https://www.pitchperfectpr.com","2025-08-13",NULL
"3768","new","Folk Bitch Trio","pitchperfectpr","https://www.pitchperfectpr.com","2025-08-13",NULL
"3769","new","Daneshevskaya","pitchperfectpr","https://www.pitchperfectpr.com","2025-08-13",NULL
"3770","new","John Cale","pitchperfectpr","https://www.pitchperfectpr.com","2025-08-13",NULL
"3771","new","Shabaka","pitchperfectpr","https://www.pitchperfectpr.com","2025-08-13",NULL
"3772","new","Cadence Weapon","pitchperfectpr","https://www.pitchperfectpr.com","2025-08-13",NULL
"3773","new","Madi Diaz","pitchperfectpr","https://www.pitchperfectpr.com","2025-08-13",NULL
"3774","new","Margo Guryan","pitchperfectpr","https://www.pitchperfectpr.com","2025-08-13",NULL
"3775","new","Hotline TNT","pitchperfectpr","https://www.pitchperfectpr.com","2025-08-13",NULL
"3776","new","Ratboys","pitchperfectpr","https://www.pitchperfectpr.com","2025-08-13",NULL
"3777","new","Blushing","pitchperfectpr","https://www.pitchperfectpr.com","2025-08-13",NULL
"3778","new","Rodrigo Amarante","pitchperfectpr","https://www.pitchperfectpr.com","2025-08-13",NULL
"3779","new","They Are Gutting A Body of Water","pitchperfectpr","https://www.pitchperfectpr.com","2025-08-13",NULL
"3780","new","BLACK FONDU","pitchperfectpr","https://www.pitchperfectpr.com","2025-08-13",NULL
"3781","new","Lost Girls","pitchperfectpr","https://www.pitchperfectpr.com","2025-08-13",NULL
"3782","new","The Weather Station","pitchperfectpr","https://www.pitchperfectpr.com","2025-08-13",NULL
"3783","new","DJ Rashad","pitchperfectpr","https://www.pitchperfectpr.com","2025-08-13",NULL
"3784","new","Lou Reed Archive","pitchperfectpr","https://www.pitchperfectpr.com","2025-08-13",NULL
"3785","new","Dry Cleaning","pitchperfectpr","https://www.pitchperfectpr.com","2025-08-13",NULL
"3786","new","William Tyler","pitchperfectpr","https://www.pitchperfectpr.com","2025-08-13",NULL
"3787","new","J Spaceman","pitchperfectpr","https://www.pitchperfectpr.com","2025-08-13",NULL
"3788","new","Coco","pitchperfectpr","https://www.pitchperfectpr.com","2025-08-13",NULL
"3789","new","mary in the junkyard","pitchperfectpr","https://www.pitchperfectpr.com","2025-08-13",NULL
"3790","new","Alhaji Waziri Oshomah","pitchperfectpr","https://www.pitchperfectpr.com","2025-08-13",NULL
"3791","new","Naive Melodies","pitchperfectpr","https://www.pitchperfectpr.com","2025-08-13",NULL
"3792","new","Rosali","pitchperfectpr","https://www.pitchperfectpr.com","2025-08-13",NULL
"3793","new","Tchotchke","pitchperfectpr","https://www.pitchperfectpr.com","2025-08-13",NULL
"3794","new","Homeshake","pitchperfectpr","https://www.pitchperfectpr.com","2025-08-13",NULL
"3795","new","Joviale","pitchperfectpr","https://www.pitchperfectpr.com","2025-08-13",NULL
"3796","new","Emily Yacina","pitchperfectpr","https://www.pitchperfectpr.com","2025-08-13",NULL
"3797","new","Kara-Lis Coverdale","pitchperfectpr","https://www.pitchperfectpr.com","2025-08-13",NULL
"3798","new","Black Belt Eagle Scout","pitchperfectpr","https://www.pitchperfectpr.com","2025-08-13",NULL
"3799","new","Cakes da Killa","pitchperfectpr","https://www.pitchperfectpr.com","2025-08-13",NULL
"3800","new","Todd Terje &amp; The Olsens","pitchperfectpr","https://www.pitchperfectpr.com","2025-08-13",NULL
"3801","new","Personal Trainer","pitchperfectpr","https://www.pitchperfectpr.com","2025-08-13",NULL
"3802","new","Angel Olsen","pitchperfectpr","https://www.pitchperfectpr.com","2025-08-13",NULL
"3803","new","Joanna Sternberg","pitchperfectpr","https://www.pitchperfectpr.com","2025-08-13",NULL
"3804","new","Colin Miller","pitchperfectpr","https://www.pitchperfectpr.com","2025-08-13",NULL
"3805","new","Slow Pulp","pitchperfectpr","https://www.pitchperfectpr.com","2025-08-13",NULL
"3806","new","JFDR","pitchperfectpr","https://www.pitchperfectpr.com","2025-08-13",NULL
"3807","new","Bathe","pitchperfectpr","https://www.pitchperfectpr.com","2025-08-13",NULL
"3808","new","Silver Gore","pitchperfectpr","https://www.pitchperfectpr.com","2025-08-13",NULL
"3809","new","Dinosaur Jr. ","pitchperfectpr","https://www.pitchperfectpr.com","2025-08-13",NULL
"3810","new","Gordon Koang","pitchperfectpr","https://www.pitchperfectpr.com","2025-08-13",NULL
"3811","new","Lockstep","pitchperfectpr","https://www.pitchperfectpr.com","2025-08-13",NULL
"3812","new","Golden Apples","pitchperfectpr","https://www.pitchperfectpr.com","2025-08-13",NULL
"3813","new","King Gizzard &amp; The Lizard Wizard","pitchperfectpr","https://www.pitchperfectpr.com","2025-08-13",NULL
"3814","new","Jake Xerxes Fussell","pitchperfectpr","https://www.pitchperfectpr.com","2025-08-13",NULL
"3815","new","Maia Friedman","pitchperfectpr","https://www.pitchperfectpr.com","2025-08-13",NULL
"3816","new","Barker","pitchperfectpr","https://www.pitchperfectpr.com","2025-08-13",NULL
"3817","new","Tinariwen","pitchperfectpr","https://www.pitchperfectpr.com","2025-08-13",NULL
"3818","new","The Mary Onettes","pitchperfectpr","https://www.pitchperfectpr.com","2025-08-13",NULL
"3819","new","I AM","pitchperfectpr","https://www.pitchperfectpr.com","2025-08-13",NULL
"3820","new","Case Oats","pitchperfectpr","https://www.pitchperfectpr.com","2025-08-13",NULL
"3821","new","Dave Depper","pitchperfectpr","https://www.pitchperfectpr.com","2025-08-13",NULL
"3822","new","Babe Rainbow","pitchperfectpr","https://www.pitchperfectpr.com","2025-08-13",NULL
"3823","new","Mitski","pitchperfectpr","https://www.pitchperfectpr.com","2025-08-13",NULL
"3824","new","Reyna Tropical","pitchperfectpr","https://www.pitchperfectpr.com","2025-08-13",NULL
"3825","new","Anno","pitchperfectpr","https://www.pitchperfectpr.com","2025-08-13",NULL
"3826","new","Amaro Freitas","pitchperfectpr","https://www.pitchperfectpr.com","2025-08-13",NULL
"3827","new","Marci","pitchperfectpr","https://www.pitchperfectpr.com","2025-08-13",NULL
"3828","new","Lindstrøm","pitchperfectpr","https://www.pitchperfectpr.com","2025-08-13",NULL
"3829","new","Mac DeMarco","pitchperfectpr","https://www.pitchperfectpr.com","2025-08-13",NULL
"3830","new","Blood","pitchperfectpr","https://www.pitchperfectpr.com","2025-08-13",NULL
"3831","new","Silver Jews","pitchperfectpr","https://www.pitchperfectpr.com","2025-08-13",NULL
"3832","new","Horsegirl","pitchperfectpr","https://www.pitchperfectpr.com","2025-08-13",NULL
"3833","new","Billie Marten","pitchperfectpr","https://www.pitchperfectpr.com","2025-08-13",NULL
"3834","new","Tsunami","pitchperfectpr","https://www.pitchperfectpr.com","2025-08-13",NULL
"3835","new","Anohni","pitchperfectpr","https://www.pitchperfectpr.com","2025-08-13",NULL
"3836","new","Adrianne Lenker","pitchperfectpr","https://www.pitchperfectpr.com","2025-08-13",NULL
"3837","new","Cate Le Bon","pitchperfectpr","https://www.pitchperfectpr.com","2025-08-13",NULL
"3838","new","Jenny Hval","pitchperfectpr","https://www.pitchperfectpr.com","2025-08-13",NULL
"3839","new","Alex Cameron","pitchperfectpr","https://www.pitchperfectpr.com","2025-08-13",NULL
"3840","new","90 Day Men","pitchperfectpr","https://www.pitchperfectpr.com","2025-08-13",NULL
"3841","new","Split Single","pitchperfectpr","https://www.pitchperfectpr.com","2025-08-13",NULL
"3842","new","Laurel Halo","pitchperfectpr","https://www.pitchperfectpr.com","2025-08-13",NULL
"3843","new","Fat Dog","pitchperfectpr","https://www.pitchperfectpr.com","2025-08-13",NULL
"3844","new","Alex Lahey","pitchperfectpr","https://www.pitchperfectpr.com","2025-08-13",NULL
"3845","new","Great Grandpa","pitchperfectpr","https://www.pitchperfectpr.com","2025-08-13",NULL
"3846","new","Lee Lewis","pitchperfectpr","https://www.pitchperfectpr.com","2025-08-13",NULL
"3847","new","Heavee","pitchperfectpr","https://www.pitchperfectpr.com","2025-08-13",NULL
"3848","new","Ty Segall","pitchperfectpr","https://www.pitchperfectpr.com","2025-08-13",NULL
"3849","new","Free Range","pitchperfectpr","https://www.pitchperfectpr.com","2025-08-13",NULL
"3850","new","Bremer/McCoy","pitchperfectpr","https://www.pitchperfectpr.com","2025-08-13",NULL
"3851","new","Chanel Beads","pitchperfectpr","https://www.pitchperfectpr.com","2025-08-13",NULL
"3852","new","Yard Act","pitchperfectpr","https://www.pitchperfectpr.com","2025-08-13",NULL
"3853","new","Rolling Blackout Coastal Fever","pitchperfectpr","https://www.pitchperfectpr.com","2025-08-13",NULL
"3854","new","Prefuse 73","pitchperfectpr","https://www.pitchperfectpr.com","2025-08-13",NULL
"3855","new","Beach Fossils","pitchperfectpr","https://www.pitchperfectpr.com","2025-08-13",NULL
"3856","new","Joan of Arc","pitchperfectpr","https://www.pitchperfectpr.com","2025-08-13",NULL
"3857","new","Crack Cloud","pitchperfectpr","https://www.pitchperfectpr.com","2025-08-13",NULL
"3858","new","Daniel Avery","pitchperfectpr","https://www.pitchperfectpr.com","2025-08-13",NULL
"3859","new","Kurt Vile","pitchperfectpr","https://www.pitchperfectpr.com","2025-08-13",NULL
"3860","new","Pierre Kwenders","pitchperfectpr","https://www.pitchperfectpr.com","2025-08-13",NULL
"3861","new","Damu The Fudgemunk","pitchperfectpr","https://www.pitchperfectpr.com","2025-08-13",NULL
"3862","new","McKinley Dixon","pitchperfectpr","https://www.pitchperfectpr.com","2025-08-13",NULL
"3863","new","Actress","pitchperfectpr","https://www.pitchperfectpr.com","2025-08-13",NULL
"3864","new","SPELLLING","pitchperfectpr","https://www.pitchperfectpr.com","2025-08-13",NULL
"3865","new","Pet Symmetry","pitchperfectpr","https://www.pitchperfectpr.com","2025-08-13",NULL
"3866","new","Kevin Morby","pitchperfectpr","https://www.pitchperfectpr.com","2025-08-13",NULL
"3867","new","Gum / Ambrose","pitchperfectpr","https://www.pitchperfectpr.com","2025-08-13",NULL
"3868","new","Broncho","pitchperfectpr","https://www.pitchperfectpr.com","2025-08-13",NULL
"3869","new","Mega Bog","pitchperfectpr","https://www.pitchperfectpr.com","2025-08-13",NULL
"3870","new","Yasmin Williams","pitchperfectpr","https://www.pitchperfectpr.com","2025-08-13",NULL
"3871","new","Wilco","pitchperfectpr","https://www.pitchperfectpr.com","2025-08-13",NULL
"3872","new","Font","pitchperfectpr","https://www.pitchperfectpr.com","2025-08-13",NULL
"3873","new","Adult Jazz","pitchperfectpr","https://www.pitchperfectpr.com","2025-08-13",NULL
"3874","new","Vicky Farewell","pitchperfectpr","https://www.pitchperfectpr.com","2025-08-13",NULL
"3875","new","REZN","pitchperfectpr","https://www.pitchperfectpr.com","2025-08-13",NULL
"3876","new","Jaco Jaco","pitchperfectpr","https://www.pitchperfectpr.com","2025-08-13",NULL
"3877","new","Grace Ives","pitchperfectpr","https://www.pitchperfectpr.com","2025-08-13",NULL
"3878","new","Porridge Radio","pitchperfectpr","https://www.pitchperfectpr.com","2025-08-13",NULL
"3879","new","My Bloody Valentine","pitchperfectpr","https://www.pitchperfectpr.com","2025-08-13",NULL
"3880","new","Robert Wyatt","pitchperfectpr","https://www.pitchperfectpr.com","2025-08-13",NULL
"3881","new","Betty Davis","pitchperfectpr","https://www.pitchperfectpr.com","2025-08-13",NULL
"3882","new","Deathprod","pitchperfectpr","https://www.pitchperfectpr.com","2025-08-13",NULL
"3883","new","Tucker Zimmerman","pitchperfectpr","https://www.pitchperfectpr.com","2025-08-13",NULL
"3884","new","Lonely Guest","pitchperfectpr","https://www.pitchperfectpr.com","2025-08-13",NULL
"3885","new","Spun Out","pitchperfectpr","https://www.pitchperfectpr.com","2025-08-13",NULL
"3886","new","Parquet Courts","pitchperfectpr","https://www.pitchperfectpr.com","2025-08-13",NULL
"3887","new","Chelsea Wolfe","pitchperfectpr","https://www.pitchperfectpr.com","2025-08-13",NULL
"3888","new","Matt Sweeney and Bonnie ‘Prince’ Billy","pitchperfectpr","https://www.pitchperfectpr.com","2025-08-13",NULL
"3889","new","Rui Gabriel","pitchperfectpr","https://www.pitchperfectpr.com","2025-08-13",NULL
"3890","new","Jesse Kivel","pitchperfectpr","https://www.pitchperfectpr.com","2025-08-13",NULL
"3891","new","Finom","pitchperfectpr","https://www.pitchperfectpr.com","2025-08-13",NULL
"3892","new","Brijean","pitchperfectpr","https://www.pitchperfectpr.com","2025-08-13",NULL
"3893","new","James Krivchenia","pitchperfectpr","https://www.pitchperfectpr.com","2025-08-13",NULL
"3894","new","Gia Margaret","pitchperfectpr","https://www.pitchperfectpr.com","2025-08-13",NULL
"3895","new","Yves Jarvis","pitchperfectpr","https://www.pitchperfectpr.com","2025-08-13",NULL
"3896","new","Moshe Kasher","pitchperfectpr","https://www.pitchperfectpr.com","2025-08-13",NULL
"3897","new","A Place To Bury Strangers","pitchperfectpr","https://www.pitchperfectpr.com","2025-08-13",NULL
"3898","new","Jeff Tweedy","pitchperfectpr","https://www.pitchperfectpr.com","2025-08-13",NULL
"3899","new","Alan Braufman","pitchperfectpr","https://www.pitchperfectpr.com","2025-08-13",NULL
"3900","new","English Teacher","pitchperfectpr","https://www.pitchperfectpr.com","2025-08-13",NULL
"3901","new","John Early","pitchperfectpr","https://www.pitchperfectpr.com","2025-08-13",NULL
"3902","new","The New Eves","pitchperfectpr","https://www.pitchperfectpr.com","2025-08-13",NULL
"3903","new","The Vernon Spring","pitchperfectpr","https://www.pitchperfectpr.com","2025-08-13",NULL
"3904","new","Tim Heidecker","pitchperfectpr","https://www.pitchperfectpr.com","2025-08-13",NULL
"3905","new","Safe Mind","pitchperfectpr","https://www.pitchperfectpr.com","2025-08-13",NULL
"3906","new","Nightlands","pitchperfectpr","https://www.pitchperfectpr.com","2025-08-13",NULL
"3907","new","Spiritualized","pitchperfectpr","https://www.pitchperfectpr.com","2025-08-13",NULL
"3908","new","Jane Inc. ","pitchperfectpr","https://www.pitchperfectpr.com","2025-08-13",NULL
"3909","new","Molchat Doma","pitchperfectpr","https://www.pitchperfectpr.com","2025-08-13",NULL
"3910","new","Matt Muse","pitchperfectpr","https://www.pitchperfectpr.com","2025-08-13",NULL
"3911","new","Sharon Van Etten","pitchperfectpr","https://www.pitchperfectpr.com","2025-08-13",NULL
"3912","new","Jana Horn","pitchperfectpr","https://www.pitchperfectpr.com","2025-08-13",NULL
"3913","new","Joe McPhee","pitchperfectpr","https://www.pitchperfectpr.com","2025-08-13",NULL
"3914","new","Virgo Twins","pitchperfectpr","https://www.pitchperfectpr.com","2025-08-13",NULL
"3915","new","Laraaji","pitchperfectpr","https://www.pitchperfectpr.com","2025-08-13",NULL
"3916","new","Dawn Richard &amp; Spencer Zahn","pitchperfectpr","https://www.pitchperfectpr.com","2025-08-13",NULL
"3917","new","Amen Dunes","pitchperfectpr","https://www.pitchperfectpr.com","2025-08-13",NULL
"3918","new","Roi Turbo","pitchperfectpr","https://www.pitchperfectpr.com","2025-08-13",NULL
"3919","new","Sparks","pitchperfectpr","https://www.pitchperfectpr.com","2025-08-13",NULL
"3920","new","Cass McCombs","pitchperfectpr","https://www.pitchperfectpr.com","2025-08-13",NULL
"3921","new","Verböten","pitchperfectpr","https://www.pitchperfectpr.com","2025-08-13",NULL
"3922","new","Joe Rainey","pitchperfectpr","https://www.pitchperfectpr.com","2025-08-13",NULL
"3923","new","Elias Rønnenfelt","pitchperfectpr","https://www.pitchperfectpr.com","2025-08-13",NULL
"3924","new","Verses GT","pitchperfectpr","https://www.pitchperfectpr.com","2025-08-13",NULL
"3925","new","Big Thief","pitchperfectpr","https://www.pitchperfectpr.com","2025-08-13",NULL
"3926","new","Bendik Giske","pitchperfectpr","https://www.pitchperfectpr.com","2025-08-13",NULL
"3927","new","Sufjan Stevens","pitchperfectpr","https://www.pitchperfectpr.com","2025-08-13",NULL
"3928","new","Archie Shepp","pitchperfectpr","https://www.pitchperfectpr.com","2025-08-13",NULL
"3929","new","Joanna Newsom","pitchperfectpr","https://www.pitchperfectpr.com","2025-08-13",NULL
"3930","new","The Tubs","pitchperfectpr","https://www.pitchperfectpr.com","2025-08-13",NULL
"3931","new","Mei Semones","pitchperfectpr","https://www.pitchperfectpr.com","2025-08-13",NULL
"3932","new","Dummy","pitchperfectpr","https://www.pitchperfectpr.com","2025-08-13",NULL
"3933","new","The Staples Jr. Singers","pitchperfectpr","https://www.pitchperfectpr.com","2025-08-13",NULL
"3934","new","Jens Kuross","pitchperfectpr","https://www.pitchperfectpr.com","2025-08-13",NULL
"3935","new","Morgan Nagler","pitchperfectpr","https://www.pitchperfectpr.com","2025-08-13",NULL
"3936","new","Slowdive","pitchperfectpr","https://www.pitchperfectpr.com","2025-08-13",NULL
"3937","new","Ichiko Aoba","pitchperfectpr","https://www.pitchperfectpr.com","2025-08-13",NULL
"3938","new","The Tallest Man on Earth ","pitchperfectpr","https://www.pitchperfectpr.com","2025-08-13",NULL
"3939","new","Stephen Vitello, Brendan Canty &amp; Hahn Rowe","pitchperfectpr","https://www.pitchperfectpr.com","2025-08-13",NULL
"3940","new","Fake Fruit","pitchperfectpr","https://www.pitchperfectpr.com","2025-08-13",NULL
"3941","new","Iceage","pitchperfectpr","https://www.pitchperfectpr.com","2025-08-13",NULL
"3942","new","Laetitia Sadier","pitchperfectpr","https://www.pitchperfectpr.com","2025-08-13",NULL
"3943","new","Dutch Interior","pitchperfectpr","https://www.pitchperfectpr.com","2025-08-13",NULL
"3944","new","Gloria de Oliveira &amp; Dean Hurley","pitchperfectpr","https://www.pitchperfectpr.com","2025-08-13",NULL
"3945","new","The Ophelias","pitchperfectpr","https://www.pitchperfectpr.com","2025-08-13",NULL
"3946","new","Squid","pitchperfectpr","https://www.pitchperfectpr.com","2025-08-13",NULL
"3947","new","Clothing","pitchperfectpr","https://www.pitchperfectpr.com","2025-08-13",NULL
"3948","new","Lake J","pitchperfectpr","https://www.pitchperfectpr.com","2025-08-13",NULL
"3949","new","Jess Cornelius","pitchperfectpr","https://www.pitchperfectpr.com","2025-08-13",NULL
"3950","new","Ryan Davis &amp; The Roadhouse Band","pitchperfectpr","https://www.pitchperfectpr.com","2025-08-13",NULL
"3951","new","Charlotte Cornfield","pitchperfectpr","https://www.pitchperfectpr.com","2025-08-13",NULL
"3952","new","James Elkington &amp; Nathan Salsburg","pitchperfectpr","https://www.pitchperfectpr.com","2025-08-13",NULL
"3953","new","Sun Ra Arkestra","pitchperfectpr","https://www.pitchperfectpr.com","2025-08-13",NULL
"3954","new","Jon Hopkins","pitchperfectpr","https://www.pitchperfectpr.com","2025-08-13",NULL
"3955","new","Kiéla Adira","pitchperfectpr","https://www.pitchperfectpr.com","2025-08-13",NULL
"3956","new","Shopping","pitchperfectpr","https://www.pitchperfectpr.com","2025-08-13",NULL
"3957","new","Domenico Lancellotti","pitchperfectpr","https://www.pitchperfectpr.com","2025-08-13",NULL
"3958","new","IAN SWEET","pitchperfectpr","https://www.pitchperfectpr.com","2025-08-13",NULL
"3959","new","DJ Haram","pitchperfectpr","https://www.pitchperfectpr.com","2025-08-13",NULL
"3960","new","Buck Meek","pitchperfectpr","https://www.pitchperfectpr.com","2025-08-13",NULL
"3961","new","Good Looks","pitchperfectpr","https://www.pitchperfectpr.com","2025-08-13",NULL
"3962","new","Mike Reed","pitchperfectpr","https://www.pitchperfectpr.com","2025-08-13",NULL
"3963","new","Augustus Muller","pitchperfectpr","https://www.pitchperfectpr.com","2025-08-13",NULL
"3964","new","villagerrr","pitchperfectpr","https://www.pitchperfectpr.com","2025-08-13",NULL
"3965","new","Irreversible Entanglements","pitchperfectpr","https://www.pitchperfectpr.com","2025-08-13",NULL
"3966","new","Hieroglyphic Being","pitchperfectpr","https://www.pitchperfectpr.com","2025-08-13",NULL
"3967","new","Liam Kazar","pitchperfectpr","https://www.pitchperfectpr.com","2025-08-13",NULL
"3968","new","Carmen Villain","pitchperfectpr","https://www.pitchperfectpr.com","2025-08-13",NULL
"3969","new","Foxwarren","pitchperfectpr","https://www.pitchperfectpr.com","2025-08-13",NULL
"3970","new","Lucrecia Dalt","pitchperfectpr","https://www.pitchperfectpr.com","2025-08-13",NULL
"3971","new","Bizhiki","pitchperfectpr","https://www.pitchperfectpr.com","2025-08-13",NULL
"3972","new","Marissa Nadler","pitchperfectpr","https://www.pitchperfectpr.com","2025-08-13",NULL
"3973","new","Caroline Says","pitchperfectpr","https://www.pitchperfectpr.com","2025-08-13",NULL
"3974","new","Mary Timony","pitchperfectpr","https://www.pitchperfectpr.com","2025-08-13",NULL
"3975","new","Friko","pitchperfectpr","https://www.pitchperfectpr.com","2025-08-13",NULL
"3976","new","Woods","pitchperfectpr","https://www.pitchperfectpr.com","2025-08-13",NULL
"3977","new","Jim White","pitchperfectpr","https://www.pitchperfectpr.com","2025-08-13",NULL
"3978","new","Mount Eerie / The Microphones","pitchperfectpr","https://www.pitchperfectpr.com","2025-08-13",NULL
"3979","new","Håvard Volden","pitchperfectpr","https://www.pitchperfectpr.com","2025-08-13",NULL
"3980","new","Blonde Redhead","pitchperfectpr","https://www.pitchperfectpr.com","2025-08-13",NULL
"3981","new","José GonzálezSE","pitchandsmith","https://pitchandsmith.com/","2025-08-13",NULL
"3982","new","Francois And The Atlas MountainsUK","pitchandsmith","https://pitchandsmith.com/","2025-08-13",NULL
"3983","new","David Eugene EdwardsUS","pitchandsmith","https://pitchandsmith.com/","2025-08-13",NULL
"3984","new","Grant-Lee PhillipsUS","pitchandsmith","https://pitchandsmith.com/","2025-08-13",NULL
"3985","new","TempersUS","pitchandsmith","https://pitchandsmith.com/","2025-08-13",NULL
"3986","new","MORSE","pitchandsmith","https://pitchandsmith.com/","2025-08-13",NULL
"3987","new","ClutterSE","pitchandsmith","https://pitchandsmith.com/","2025-08-13",NULL
"3988","new","ThaoUS","pitchandsmith","https://pitchandsmith.com/","2025-08-13",NULL
"3989","new","Les Big ByrdSE","pitchandsmith","https://pitchandsmith.com/","2025-08-13",NULL
"3990","new","Whyte HorsesUK","pitchandsmith","https://pitchandsmith.com/","2025-08-13",NULL
"3991","new","sir WasSE","pitchandsmith","https://pitchandsmith.com/","2025-08-13",NULL
"3992","new","Casper ClausenDK","pitchandsmith","https://pitchandsmith.com/","2025-08-13",NULL
"3993","new","BrimheimDK / FO","pitchandsmith","https://pitchandsmith.com/","2025-08-13",NULL
"3994","new","CubzoaUK","pitchandsmith","https://pitchandsmith.com/","2025-08-13",NULL
"3995","new","This Is The KitFR","pitchandsmith","https://pitchandsmith.com/","2025-08-13",NULL
"3996","new","CaribouCA","pitchandsmith","https://pitchandsmith.com/","2025-08-13",NULL
"3997","new","JohnossiSE","pitchandsmith","https://pitchandsmith.com/","2025-08-13",NULL
"3998","new","Roddy WoombleUK","pitchandsmith","https://pitchandsmith.com/","2025-08-13",NULL
"3999","new","FM BelfastIS","pitchandsmith","https://pitchandsmith.com/","2025-08-13",NULL
"4000","new","Jay-Jay JohansonSE","pitchandsmith","https://pitchandsmith.com/","2025-08-13",NULL
"4001","new","DillonBR / DE","pitchandsmith","https://pitchandsmith.com/","2025-08-13",NULL
"4002","new","Com TruiseUS","pitchandsmith","https://pitchandsmith.com/","2025-08-13",NULL
"4003","new","Emily BarkerAU","pitchandsmith","https://pitchandsmith.com/","2025-08-13",NULL
"4004","new","Scott MatthewsUK","pitchandsmith","https://pitchandsmith.com/","2025-08-13",NULL
"4005","new","StuzziSE","pitchandsmith","https://pitchandsmith.com/","2025-08-13",NULL
"4006","new","Helado NegroUS","pitchandsmith","https://pitchandsmith.com/","2025-08-13",NULL
"4007","new","Man or Astro-man?US","pitchandsmith","https://pitchandsmith.com/","2025-08-13",NULL
"4008","new","Pom Pom SquadUS","pitchandsmith","https://pitchandsmith.com/","2025-08-13",NULL
"4009","new","Ane BrunNO","pitchandsmith","https://pitchandsmith.com/","2025-08-13",NULL
"4010","new","Hotline TNTUS","pitchandsmith","https://pitchandsmith.com/","2025-08-13",NULL
"4011","new","Viagra BoysSE","pitchandsmith","https://pitchandsmith.com/","2025-08-13",NULL
"4012","new","Julie OdellUS","pitchandsmith","https://pitchandsmith.com/","2025-08-13",NULL
"4013","new","The DearsCA","pitchandsmith","https://pitchandsmith.com/","2025-08-13",NULL
"4014","new","Will Sheff / Okkervil RiverUS","pitchandsmith","https://pitchandsmith.com/","2025-08-13",NULL
"4015","new","Indian WellsIT","pitchandsmith","https://pitchandsmith.com/","2025-08-13",NULL
"4016","new","KiteSE","pitchandsmith","https://pitchandsmith.com/","2025-08-13",NULL
"4017","new","Alice BomanSE","pitchandsmith","https://pitchandsmith.com/","2025-08-13",NULL
"4018","new","Les Savy FavUS","pitchandsmith","https://pitchandsmith.com/","2025-08-13",NULL
"4019","new","Mickael KarkousseBE","pitchandsmith","https://pitchandsmith.com/","2025-08-13",NULL
"4020","new","Natalie BergmanUS","pitchandsmith","https://pitchandsmith.com/","2025-08-13",NULL
"4021","new","Laura GibsonUS","pitchandsmith","https://pitchandsmith.com/","2025-08-13",NULL
"4022","new","VoxtrotUS","pitchandsmith","https://pitchandsmith.com/","2025-08-13",NULL
"4023","new","Kiwi JrUS","pitchandsmith","https://pitchandsmith.com/","2025-08-13",NULL
"4024","new","StarsCA","pitchandsmith","https://pitchandsmith.com/","2025-08-13",NULL
"4025","new","LuceroUS","pitchandsmith","https://pitchandsmith.com/","2025-08-13",NULL
"4026","new","Ailbhe ReddyIE","pitchandsmith","https://pitchandsmith.com/","2025-08-13",NULL
"4027","new","Roo PanesUK","pitchandsmith","https://pitchandsmith.com/","2025-08-13",NULL
"4028","new","Peter Bjorn and JohnSE","pitchandsmith","https://pitchandsmith.com/","2025-08-13",NULL
"4029","new","Resa Saffa ParkNO","pitchandsmith","https://pitchandsmith.com/","2025-08-13",NULL
"4030","new","PlàsiSE","pitchandsmith","https://pitchandsmith.com/","2025-08-13",NULL
"4031","new","Whispering SonsBE","pitchandsmith","https://pitchandsmith.com/","2025-08-13",NULL
"4032","new","Crooks On TapeUS","pitchandsmith","https://pitchandsmith.com/","2025-08-13",NULL
"4033","new","LambchopUS","pitchandsmith","https://pitchandsmith.com/","2025-08-13",NULL
"4034","new","AugustineSE","pitchandsmith","https://pitchandsmith.com/","2025-08-13",NULL
"4035","new","Chastity BeltUS","pitchandsmith","https://pitchandsmith.com/","2025-08-13",NULL
"4036","new","Plastic MermaidsUK","pitchandsmith","https://pitchandsmith.com/","2025-08-13",NULL
"4037","new","Patrick HollandCA","pitchandsmith","https://pitchandsmith.com/","2025-08-13",NULL
"4038","new","KaleidaUK / US","pitchandsmith","https://pitchandsmith.com/","2025-08-13",NULL
"4039","new","Shout Out LoudsSE","pitchandsmith","https://pitchandsmith.com/","2025-08-13",NULL
"4040","new","OthaNO","pitchandsmith","https://pitchandsmith.com/","2025-08-13",NULL
"4041","new","Lost HorizonsUK","pitchandsmith","https://pitchandsmith.com/","2025-08-13",NULL
"4042","new","Boko YoutSE","pitchandsmith","https://pitchandsmith.com/","2025-08-13",NULL
"4043","new","DiskopunkSE","pitchandsmith","https://pitchandsmith.com/","2025-08-13",NULL
"4044","new","The Hidden CamerasCAN","pitchandsmith","https://pitchandsmith.com/","2025-08-13",NULL
"4045","new","Francis LungUK","pitchandsmith","https://pitchandsmith.com/","2025-08-13",NULL
"4046","new","Spencer KrugCA","pitchandsmith","https://pitchandsmith.com/","2025-08-13",NULL
"4047","new","zzzaharaUS","pitchandsmith","https://pitchandsmith.com/","2025-08-13",NULL
"4048","new","Rozi PlainUK","pitchandsmith","https://pitchandsmith.com/","2025-08-13",NULL
"4049","new","Dan ManganCA","pitchandsmith","https://pitchandsmith.com/","2025-08-13",NULL
"4050","new","Jesca HoopUK","pitchandsmith","https://pitchandsmith.com/","2025-08-13",NULL
"4051","new","The Magic NumbersUK","pitchandsmith","https://pitchandsmith.com/","2025-08-13",NULL
"4052","new","Michelle GurevichCA","pitchandsmith","https://pitchandsmith.com/","2025-08-13",NULL
"4053","new","MelenasES","pitchandsmith","https://pitchandsmith.com/","2025-08-13",NULL
"4054","new","Cut CopyAU","pitchandsmith","https://pitchandsmith.com/","2025-08-13",NULL
"4055","new","Plants and AnimalsCA","pitchandsmith","https://pitchandsmith.com/","2025-08-13",NULL
"4056","new","Dawn LandesUS","pitchandsmith","https://pitchandsmith.com/","2025-08-13",NULL
"4057","new","Robyn HitchcockUK","pitchandsmith","https://pitchandsmith.com/","2025-08-13",NULL
"4058","new","Flock of DimesUS","pitchandsmith","https://pitchandsmith.com/","2025-08-13",NULL
"4059","new","The Besnard LakesCA","pitchandsmith","https://pitchandsmith.com/","2025-08-13",NULL
"4060","new","Heartless BastardsUS","pitchandsmith","https://pitchandsmith.com/","2025-08-13",NULL
"4061","new","Junior BoysCA","pitchandsmith","https://pitchandsmith.com/","2025-08-13",NULL
"4062","new","Penelope IslesUK","pitchandsmith","https://pitchandsmith.com/","2025-08-13",NULL
"4063","new","EliasSE","pitchandsmith","https://pitchandsmith.com/","2025-08-13",NULL
"4064","new","JUNIPSE","pitchandsmith","https://pitchandsmith.com/","2025-08-13",NULL
"4065","new","Clap Your Hands Say YeahUS","pitchandsmith","https://pitchandsmith.com/","2025-08-13",NULL
"4066","new","Josh RouseUS","pitchandsmith","https://pitchandsmith.com/","2025-08-13",NULL
"4067","new","Willy MasonUS","pitchandsmith","https://pitchandsmith.com/","2025-08-13",NULL
"4068","new","Romeo StodartUK","pitchandsmith","https://pitchandsmith.com/","2025-08-13",NULL
"4069","new","Lily LyonsUK","pitchandsmith","https://pitchandsmith.com/","2025-08-13",NULL
"4070","new","WovenhandUS","pitchandsmith","https://pitchandsmith.com/","2025-08-13",NULL
"4071","new","Eleanor FriedbergerUS","pitchandsmith","https://pitchandsmith.com/","2025-08-13",NULL
"4072","new","Friska ViljorSE","pitchandsmith","https://pitchandsmith.com/","2025-08-13",NULL
"4073","new","Stella ExplorerSE","pitchandsmith","https://pitchandsmith.com/","2025-08-13",NULL
"4074","new","The Get Up KidsUS","pitchandsmith","https://pitchandsmith.com/","2025-08-13",NULL
"4075","new","BuscabullaPR","pitchandsmith","https://pitchandsmith.com/","2025-08-13",NULL
"4076","new","WavvesUS","pitchandsmith","https://pitchandsmith.com/","2025-08-13",NULL
"4077","new","Fiery FurnacesUS","pitchandsmith","https://pitchandsmith.com/","2025-08-13",NULL
"4078","new","Minus the BearUS","pitchandsmith","https://pitchandsmith.com/","2025-08-13",NULL
"4079","new","AmtracUS","pitchandsmith","https://pitchandsmith.com/","2025-08-13",NULL
"4080","new","Will Butler and Sister SquaresUS","pitchandsmith","https://pitchandsmith.com/","2025-08-13",NULL
"4081","new","Gisela JoãoPT","pitchandsmith","https://pitchandsmith.com/","2025-08-13",NULL
"4082","new","EfterklangDK","pitchandsmith","https://pitchandsmith.com/","2025-08-13",NULL
"4083","new","Pick a PiperCA","pitchandsmith","https://pitchandsmith.com/","2025-08-13",NULL
"4084","new","San CiscoAU","pitchandsmith","https://pitchandsmith.com/","2025-08-13",NULL
"4085","new","El Perro Del MarSE","pitchandsmith","https://pitchandsmith.com/","2025-08-13",NULL
"4086","new","Núria GrahamIE / CA","pitchandsmith","https://pitchandsmith.com/","2025-08-13",NULL
"4087","new","Wye OakUS","pitchandsmith","https://pitchandsmith.com/","2025-08-13",NULL
"4088","new","Mount Liberation UnlimitedSE","pitchandsmith","https://pitchandsmith.com/","2025-08-13",NULL
"4089","new","GOOSEBE","pitchandsmith","https://pitchandsmith.com/","2025-08-13",NULL
"4090","new","Sunset RubdownCA","pitchandsmith","https://pitchandsmith.com/","2025-08-13",NULL
"4091","new","Annie HartUS","pitchandsmith","https://pitchandsmith.com/","2025-08-13",NULL
"4092","new","Deki AlemSE","pitchandsmith","https://pitchandsmith.com/","2025-08-13",NULL
"4093","new","DaphniCA","pitchandsmith","https://pitchandsmith.com/","2025-08-13",NULL
"4094","new","HARISÂ HELLER","talentxent","https://www.talentxent.com","2025-08-13",NULL
"4095","new","JADEÂ MARIE","talentxent","https://www.talentxent.com","2025-08-13",NULL
"4096","new","THEÂ WARPÂ ZONE","talentxent","https://www.talentxent.com","2025-08-13",NULL
"4097","new","NICOLEÂ GUERRIERO","talentxent","https://www.talentxent.com","2025-08-13",NULL
"4098","new","GRISELDAÂ MARTINEZ","talentxent","https://www.talentxent.com","2025-08-13",NULL
"4099","new","CHRISTENÂ DOMINIQUE","talentxent","https://www.talentxent.com","2025-08-13",NULL
"4100","new","NAZANINÂ MANDI","talentxent","https://www.talentxent.com","2025-08-13",NULL
"4101","new","JoshChX","talentxent","https://www.talentxent.com","2025-08-13",NULL
"4102","new","STEPHANIEÂ LEDDA","talentxent","https://www.talentxent.com","2025-08-13",NULL
"4103","new","Cynthia Dhimdis","talentxent","https://www.talentxent.com","2025-08-13",NULL
"4104","new","CARLI BYBEL","talentxent","https://www.talentxent.com","2025-08-13",NULL
"4105","new","JORDY","talentxent","https://www.talentxent.com","2025-08-13",NULL
"4106","new","ELNAZÂ GOLROKH","talentxent","https://www.talentxent.com","2025-08-13",NULL
"4107","new","TRENDMOOD","talentxent","https://www.talentxent.com","2025-08-13",NULL
"4108","new","SIGILS","talentxent","https://www.talentxent.com","2025-08-13",NULL
"4109","new","CHANCEÂ PEREZ","talentxent","https://www.talentxent.com","2025-08-13",NULL
"4110","new","ERIC VAUGHN","talentxent","https://www.talentxent.com","2025-08-13",NULL
"4111","new","DATTO","talentxent","https://www.talentxent.com","2025-08-13",NULL
"4112","new","MICHELE WANG","talentxent","https://www.talentxent.com","2025-08-13",NULL
"4113","new","BeaPlays","talentxent","https://www.talentxent.com","2025-08-13",NULL
"4114","new","MARIALEÂ MARRERO","talentxent","https://www.talentxent.com","2025-08-13",NULL
"4115","new","BIFFLE","talentxent","https://www.talentxent.com","2025-08-13",NULL
"4116","new","KURUMX","talentxent","https://www.talentxent.com","2025-08-13",NULL
"4117","new","JENNA ZIMMERMAN","talentxent","https://www.talentxent.com","2025-08-13",NULL
"4118","new","Myles Lloyd","audibletreats","https://audibletreats.com","2025-08-13",NULL
"4119","new","Only The Family (OTF)","audibletreats","https://audibletreats.com","2025-08-13",NULL
"4120","new","Sturdyyoungin","audibletreats","https://audibletreats.com","2025-08-13",NULL
"4121","new","Rio Da Yung OG","audibletreats","https://audibletreats.com","2025-08-13",NULL
"4122","new","Bigbabygucci","audibletreats","https://audibletreats.com","2025-08-13",NULL
"4123","new","Ro$ama","audibletreats","https://audibletreats.com","2025-08-13",NULL
"4124","new","VLONE","audibletreats","https://audibletreats.com","2025-08-13",NULL
"4125","new","FBLManny","audibletreats","https://audibletreats.com","2025-08-13",NULL
"4126","new","310babii","audibletreats","https://audibletreats.com","2025-08-13",NULL
"4127","new","BMAC","audibletreats","https://audibletreats.com","2025-08-13",NULL
"4128","new","Eddie Valero","audibletreats","https://audibletreats.com","2025-08-13",NULL
"4129","new","Lord Sko","audibletreats","https://audibletreats.com","2025-08-13",NULL
"4130","new","Stunna Sandy","audibletreats","https://audibletreats.com","2025-08-13",NULL
"4131","new","DeeBaby","audibletreats","https://audibletreats.com","2025-08-13",NULL
"4132","new","JayDon","audibletreats","https://audibletreats.com","2025-08-13",NULL
"4133","new","Masta Ace & Marco Polo","audibletreats","https://audibletreats.com","2025-08-13",NULL
"4134","new","Ambulance","audibletreats","https://audibletreats.com","2025-08-13",NULL
"4135","new","Montana 700","audibletreats","https://audibletreats.com","2025-08-13",NULL
"4136","new","Souls Of Mischief","audibletreats","https://audibletreats.com","2025-08-13",NULL
"4137","new","Internet Money","audibletreats","https://audibletreats.com","2025-08-13",NULL
"4138","new","DaeMoney","audibletreats","https://audibletreats.com","2025-08-13",NULL
"4139","new","Quin NFN","audibletreats","https://audibletreats.com","2025-08-13",NULL
"4140","new","RNB.FOEMOB","audibletreats","https://audibletreats.com","2025-08-13",NULL
"4141","new","Courtney Bell","audibletreats","https://audibletreats.com","2025-08-13",NULL
"4142","new","Lucki","audibletreats","https://audibletreats.com","2025-08-13",NULL
"4143","new","That Mexican OT","audibletreats","https://audibletreats.com","2025-08-13",NULL
"4144","new","Antha Pantha","audibletreats","https://audibletreats.com","2025-08-13",NULL
"4145","new","Finesse2Tymes","audibletreats","https://audibletreats.com","2025-08-13",NULL
"4146","new","BossMan Dlow","audibletreats","https://audibletreats.com","2025-08-13",NULL
"4147","new","Jae Stephens","audibletreats","https://audibletreats.com","2025-08-13",NULL
"4148","new","Allstar JR","audibletreats","https://audibletreats.com","2025-08-13",NULL
"4149","new","Karri","audibletreats","https://audibletreats.com","2025-08-13",NULL
"4150","new","King Von","audibletreats","https://audibletreats.com","2025-08-13",NULL
"4151","new","03 Greedo","audibletreats","https://audibletreats.com","2025-08-13",NULL
"4152","new","Tre Loaded","audibletreats","https://audibletreats.com","2025-08-13",NULL
"4153","new","Two Depressed Kids (TDK)","audibletreats","https://audibletreats.com","2025-08-13",NULL
"4154","new","Baja Beach Fest","audibletreats","https://audibletreats.com","2025-08-13",NULL
"4155","new","Past Clients","audibletreats","https://audibletreats.com","2025-08-13",NULL
"4156","new","Chief Keef","audibletreats","https://audibletreats.com","2025-08-13",NULL
"4157","new","Afro Nation","audibletreats","https://audibletreats.com","2025-08-13",NULL
"4158","new","Oxlade","audibletreats","https://audibletreats.com","2025-08-13",NULL
"4159","new","Big Moochie Grape","audibletreats","https://audibletreats.com","2025-08-13",NULL
"4160","new","Bktherula","audibletreats","https://audibletreats.com","2025-08-13",NULL
"4161","new","Kenny Muney","audibletreats","https://audibletreats.com","2025-08-13",NULL
"4162","new","Lola Brooke","audibletreats","https://audibletreats.com","2025-08-13",NULL
"4163","new","Farruko","audibletreats","https://audibletreats.com","2025-08-13",NULL
"4164","new","Tales Of The Town","audibletreats","https://audibletreats.com","2025-08-13",NULL
"4165","new","Eem Triplin","audibletreats","https://audibletreats.com","2025-08-13",NULL
"4166","new","Sexyy Red","audibletreats","https://audibletreats.com","2025-08-13",NULL
"4167","new","Erica Banks","audibletreats","https://audibletreats.com","2025-08-13",NULL
"4168","new","Icewear Vezzo","audibletreats","https://audibletreats.com","2025-08-13",NULL
"4169","new","Key Glock","audibletreats","https://audibletreats.com","2025-08-13",NULL
"4170","new","oodaredevil & jetsonmade","audibletreats","https://audibletreats.com","2025-08-13",NULL
"4171","new","Mozzy","audibletreats","https://audibletreats.com","2025-08-13",NULL
"4172","new","Benji Blue Bills","audibletreats","https://audibletreats.com","2025-08-13",NULL
"4173","new","Danny Towers","audibletreats","https://audibletreats.com","2025-08-13",NULL
"4174","new","Central Cee","audibletreats","https://audibletreats.com","2025-08-13",NULL
"4175","new","Trapland Pat","audibletreats","https://audibletreats.com","2025-08-13",NULL
"4176","new","E-40","audibletreats","https://audibletreats.com","2025-08-13",NULL
"4177","new","1900Rugrat","audibletreats","https://audibletreats.com","2025-08-13",NULL
"4178","new","dublab","audibletreats","https://audibletreats.com","2025-08-13",NULL
"4179","new","Hurricane Wisdom","audibletreats","https://audibletreats.com","2025-08-13",NULL
"4180","new","PRE","audibletreats","https://audibletreats.com","2025-08-13",NULL
"4181","new","Young Dolph","audibletreats","https://audibletreats.com","2025-08-13",NULL
"4182","new","Baby Money","audibletreats","https://audibletreats.com","2025-08-13",NULL
"4183","new","N3WYRKLA","audibletreats","https://audibletreats.com","2025-08-13",NULL
"4184","new","More In Music","audibletreats","https://audibletreats.com","2025-08-13",NULL
"4185","new","EMPIRE","audibletreats","https://audibletreats.com","2025-08-13",NULL
"4186","new","Nija","audibletreats","https://audibletreats.com","2025-08-13",NULL
"4187","new","Lupe Fiasco","audibletreats","https://audibletreats.com","2025-08-13",NULL
"4188","new","DJ Scheme","audibletreats","https://audibletreats.com","2025-08-13",NULL
"4189","new","Cortisa Star","audibletreats","https://audibletreats.com","2025-08-13",NULL
"4190","new","Songs From The Hole (Netflix)","audibletreats","https://audibletreats.com","2025-08-13",NULL
"4191","new","Alamo Records","audibletreats","https://audibletreats.com","2025-08-13",NULL
"4192","new","Festival d’été de Québec","audibletreats","https://audibletreats.com","2025-08-13",NULL
"4193","new","Yatta Bandz","audibletreats","https://audibletreats.com","2025-08-13",NULL
"4194","new","Chance The Rapper","audibletreats","https://audibletreats.com","2025-08-13",NULL
"4195","new","AFROPUNK","audibletreats","https://audibletreats.com","2025-08-13",NULL
"4196","new","The Kid LAROI Documentary","audibletreats","https://audibletreats.com","2025-08-13",NULL
"4197","new","Sheff G","audibletreats","https://audibletreats.com","2025-08-13",NULL
"4198","new","DC The Don","audibletreats","https://audibletreats.com","2025-08-13",NULL
"4199","new","FMB DZ","audibletreats","https://audibletreats.com","2025-08-13",NULL
"4200","new","wolfacejoeyy","audibletreats","https://audibletreats.com","2025-08-13",NULL
"4201","new","Trigga500K","audibletreats","https://audibletreats.com","2025-08-13",NULL
"4202","new","Tainy","audibletreats","https://audibletreats.com","2025-08-13",NULL
"4203","new","Blavity House Party","audibletreats","https://audibletreats.com","2025-08-13",NULL
"4204","new","$NOT","audibletreats","https://audibletreats.com","2025-08-13",NULL
"4205","new","DIVINE & Karan Aujla","audibletreats","https://audibletreats.com","2025-08-13",NULL
"4206","new","1Up Tee","audibletreats","https://audibletreats.com","2025-08-13",NULL
"4207","new","Luhh Dyl","audibletreats","https://audibletreats.com","2025-08-13",NULL
"4208","new","YTB Fatt","audibletreats","https://audibletreats.com","2025-08-13",NULL
"4209","new","Skylar Blatt","audibletreats","https://audibletreats.com","2025-08-13",NULL
"4210","new","Devin Malik","audibletreats","https://audibletreats.com","2025-08-13",NULL
"4211","new","Buddah Bless","audibletreats","https://audibletreats.com","2025-08-13",NULL
"4212","new","Boldy James & Antt Beatz","audibletreats","https://audibletreats.com","2025-08-13",NULL
"4213","new","Wizz Havinn","audibletreats","https://audibletreats.com","2025-08-13",NULL
"4214","new","Maxo Kream","audibletreats","https://audibletreats.com","2025-08-13",NULL
"4215","new","Drakeo The Ruler","audibletreats","https://audibletreats.com","2025-08-13",NULL
"4216","new","Lay Bankz","audibletreats","https://audibletreats.com","2025-08-13",NULL
"4217","new","Jay Critch","audibletreats","https://audibletreats.com","2025-08-13",NULL
"4218","new","GROOVY","audibletreats","https://audibletreats.com","2025-08-13",NULL
"4219","new","Chow Lee","audibletreats","https://audibletreats.com","2025-08-13",NULL
"4220","new","Kenzo Balla","audibletreats","https://audibletreats.com","2025-08-13",NULL
"4221","new","Rich Amiri","audibletreats","https://audibletreats.com","2025-08-13",NULL
"4222","new","Rap Sh!t: The Mixtape","audibletreats","https://audibletreats.com","2025-08-13",NULL
"4223","new","Ice Spice","audibletreats","https://audibletreats.com","2025-08-13",NULL
"4224","new","Kee Nola","audibletreats","https://audibletreats.com","2025-08-13",NULL
"4225","new","Mach-Hommy","audibletreats","https://audibletreats.com","2025-08-13",NULL
"4226","new","Rich Forever","audibletreats","https://audibletreats.com","2025-08-13",NULL
"4227","new","Sueños","audibletreats","https://audibletreats.com","2025-08-13",NULL
"4228","new","Izzy93","audibletreats","https://audibletreats.com","2025-08-13",NULL
"4229","new","Samuel Shabazz","audibletreats","https://audibletreats.com","2025-08-13",NULL
"4230","new","Hoosh","audibletreats","https://audibletreats.com","2025-08-13",NULL
"4231","new","Fuerza Regida","audibletreats","https://audibletreats.com","2025-08-13",NULL
"4232","new","Sleazyworld Go","audibletreats","https://audibletreats.com","2025-08-13",NULL
"4233","new","Byron Messia","audibletreats","https://audibletreats.com","2025-08-13",NULL
"4234","new","Chase Shakur","audibletreats","https://audibletreats.com","2025-08-13",NULL
"4235","new","Mez","audibletreats","https://audibletreats.com","2025-08-13",NULL
"4236","new","Lil Man J","audibletreats","https://audibletreats.com","2025-08-13",NULL
"4237","new","DB.Boutabag","audibletreats","https://audibletreats.com","2025-08-13",NULL
"4238","new","","bighassle","https://www.bighassle.com","2025-08-13",NULL
"4239","new","my point of you","bighassle","https://www.bighassle.com","2025-08-13",NULL
"4240","new","Ramble Festival","bighassle","https://www.bighassle.com","2025-08-13",NULL
"4241","new","Kyle Hollingsworth","bighassle","https://www.bighassle.com","2025-08-13",NULL
"4242","new","Muriel Grossman","bighassle","https://www.bighassle.com","2025-08-13",NULL
"4243","new","Moby","bighassle","https://www.bighassle.com","2025-08-13",NULL
"4244","new","Sound Future","bighassle","https://www.bighassle.com","2025-08-13",NULL
"4245","new","Best Boys","bighassle","https://www.bighassle.com","2025-08-13",NULL
"4246","new","Z","bighassle","https://www.bighassle.com","2025-08-13",NULL
"4247","new","The Airborne Toxic Event","bighassle","https://www.bighassle.com","2025-08-13",NULL
"4248","new","ThxSoMch","bighassle","https://www.bighassle.com","2025-08-13",NULL
"4249","new","Trey Anastasio","bighassle","https://www.bighassle.com","2025-08-13",NULL
"4250","new","Bonnaroo","bighassle","https://www.bighassle.com","2025-08-13",NULL
"4251","new","Sister Sadie","bighassle","https://www.bighassle.com","2025-08-13",NULL
"4252","new","Levitation Room","bighassle","https://www.bighassle.com","2025-08-13",NULL
"4253","new","ROHAN","bighassle","https://www.bighassle.com","2025-08-13",NULL
"4254","new","Paul Muldoon & Rogue Oliphant","bighassle","https://www.bighassle.com","2025-08-13",NULL
"4255","new","benches","bighassle","https://www.bighassle.com","2025-08-13",NULL
"4256","new","Martha Wainwright","bighassle","https://www.bighassle.com","2025-08-13",NULL
"4257","new","Kevin Devine","bighassle","https://www.bighassle.com","2025-08-13",NULL
"4258","new","Pillow Queens","bighassle","https://www.bighassle.com","2025-08-13",NULL
"4259","new","The Lemonheads","bighassle","https://www.bighassle.com","2025-08-13",NULL
"4260","new","MisterWives","bighassle","https://www.bighassle.com","2025-08-13",NULL
"4261","new","Cafuné","bighassle","https://www.bighassle.com","2025-08-13",NULL
"4262","new","Drive By Truckers","bighassle","https://www.bighassle.com","2025-08-13",NULL
"4263","new","Mike Gordon","bighassle","https://www.bighassle.com","2025-08-13",NULL
"4264","new","Matt Von Roderick","bighassle","https://www.bighassle.com","2025-08-13",NULL
"4265","new","Quarters of Change","bighassle","https://www.bighassle.com","2025-08-13",NULL
"4266","new","Karina Rykman","bighassle","https://www.bighassle.com","2025-08-13",NULL
"4267","new","The Hold Steady","bighassle","https://www.bighassle.com","2025-08-13",NULL
"4268","new","Rodrigo y Gabriela","bighassle","https://www.bighassle.com","2025-08-13",NULL
"4269","new","Scotia Rose","bighassle","https://www.bighassle.com","2025-08-13",NULL
"4270","new","JasonMartin","bighassle","https://www.bighassle.com","2025-08-13",NULL
"4271","new","Jazmin Bean","bighassle","https://www.bighassle.com","2025-08-13",NULL
"4272","new","Titus Andronicus","bighassle","https://www.bighassle.com","2025-08-13",NULL
"4273","new","Ween","bighassle","https://www.bighassle.com","2025-08-13",NULL
"4274","new","PANIK FLOWER","bighassle","https://www.bighassle.com","2025-08-13",NULL
"4275","new","Pry","bighassle","https://www.bighassle.com","2025-08-13",NULL
"4276","new","Olatuja","bighassle","https://www.bighassle.com","2025-08-13",NULL
"4277","new","Bear McCreary","bighassle","https://www.bighassle.com","2025-08-13",NULL
"4278","new","Robert Finley","bighassle","https://www.bighassle.com","2025-08-13",NULL
"4279","new","Ally Venable","bighassle","https://www.bighassle.com","2025-08-13",NULL
"4280","new","Kesha","bighassle","https://www.bighassle.com","2025-08-13",NULL
"4281","new","Altin Gün","bighassle","https://www.bighassle.com","2025-08-13",NULL
"4282","new","Koyal","bighassle","https://www.bighassle.com","2025-08-13",NULL
"4283","new","Songwriters in Paradise","bighassle","https://www.bighassle.com","2025-08-13",NULL
"4284","new","Sylo","bighassle","https://www.bighassle.com","2025-08-13",NULL
"4285","new","The Devon Allman Project","bighassle","https://www.bighassle.com","2025-08-13",NULL
"4286","new","Nyxy Nyx","bighassle","https://www.bighassle.com","2025-08-13",NULL
"4287","new","late night drive home","bighassle","https://www.bighassle.com","2025-08-13",NULL
"4288","new","Sam MacPherson","bighassle","https://www.bighassle.com","2025-08-13",NULL
"4289","new","Daisychain","bighassle","https://www.bighassle.com","2025-08-13",NULL
"4290","new","The Thing","bighassle","https://www.bighassle.com","2025-08-13",NULL
"4291","new","Wolfgang Muthspiel","bighassle","https://www.bighassle.com","2025-08-13",NULL
"4292","new","Leftover Salmon","bighassle","https://www.bighassle.com","2025-08-13",NULL
"4293","new","Mike Doughty","bighassle","https://www.bighassle.com","2025-08-13",NULL
"4294","new","Lucky Horse Red","bighassle","https://www.bighassle.com","2025-08-13",NULL
"4295","new","MyVeronica","bighassle","https://www.bighassle.com","2025-08-13",NULL
"4296","new","Moon Walker","bighassle","https://www.bighassle.com","2025-08-13",NULL
"4297","new","Majorette","bighassle","https://www.bighassle.com","2025-08-13",NULL
"4298","new","garbagebarbie","bighassle","https://www.bighassle.com","2025-08-13",NULL
"4299","new","Patty Griffin","bighassle","https://www.bighassle.com","2025-08-13",NULL
"4300","new","Thomas Bartlett","bighassle","https://www.bighassle.com","2025-08-13",NULL
"4301","new","Louis Armstrong","bighassle","https://www.bighassle.com","2025-08-13",NULL
"4302","new","Patterson Hood","bighassle","https://www.bighassle.com","2025-08-13",NULL
"4303","new","Jenna Nicholls","bighassle","https://www.bighassle.com","2025-08-13",NULL
"4304","new","Bagdad","bighassle","https://www.bighassle.com","2025-08-13",NULL
"4305","new","Michigander","bighassle","https://www.bighassle.com","2025-08-13",NULL
"4306","new","Nico Vega","bighassle","https://www.bighassle.com","2025-08-13",NULL
"4307","new","Jeannie Piersol","bighassle","https://www.bighassle.com","2025-08-13",NULL
"4308","new","Tipitina’s Record Club","bighassle","https://www.bighassle.com","2025-08-13",NULL
"4309","new","Ostinato Records","bighassle","https://www.bighassle.com","2025-08-13",NULL
"4310","new","Kitchen Dwellers","bighassle","https://www.bighassle.com","2025-08-13",NULL
"4311","new","Robyn Hitchcock","bighassle","https://www.bighassle.com","2025-08-13",NULL
"4312","new","Steve Poltz","bighassle","https://www.bighassle.com","2025-08-13",NULL
"4313","new","Sophia Warren","bighassle","https://www.bighassle.com","2025-08-13",NULL
"4314","new","The Antlers","bighassle","https://www.bighassle.com","2025-08-13",NULL
"4315","new","The Game","bighassle","https://www.bighassle.com","2025-08-13",NULL
"4316","new","Tycho","bighassle","https://www.bighassle.com","2025-08-13",NULL
"4317","new","Country Westerns","bighassle","https://www.bighassle.com","2025-08-13",NULL
"4318","new","Julia Pratt","bighassle","https://www.bighassle.com","2025-08-13",NULL
"4319","new","Bella Rayne","bighassle","https://www.bighassle.com","2025-08-13",NULL
"4320","new","Leah Nawy","bighassle","https://www.bighassle.com","2025-08-13",NULL
"4321","new","Hide and Shine","bighassle","https://www.bighassle.com","2025-08-13",NULL
"4322","new","Radio Free Alice","bighassle","https://www.bighassle.com","2025-08-13",NULL
"4323","new","Rae Isla","bighassle","https://www.bighassle.com","2025-08-13",NULL
"4324","new","Alice Phoebe Lou","bighassle","https://www.bighassle.com","2025-08-13",NULL
"4325","new","Classified","bighassle","https://www.bighassle.com","2025-08-13",NULL
"4326","new","Victor Oladipo","bighassle","https://www.bighassle.com","2025-08-13",NULL
"4327","new","The Kinks","bighassle","https://www.bighassle.com","2025-08-13",NULL
"4328","new","Oh He Dead","bighassle","https://www.bighassle.com","2025-08-13",NULL
"4329","new","Bedridden","bighassle","https://www.bighassle.com","2025-08-13",NULL
"4330","new","Sonya Belousova & Giona Ostinelli","bighassle","https://www.bighassle.com","2025-08-13",NULL
"4331","new","Sixthman","bighassle","https://www.bighassle.com","2025-08-13",NULL
"4332","new","Alt-","bighassle","https://www.bighassle.com","2025-08-13",NULL
"4333","new","Julian Lage","bighassle","https://www.bighassle.com","2025-08-13",NULL
"4334","new","Her New Knife","bighassle","https://www.bighassle.com","2025-08-13",NULL
"4335","new","Flooding","bighassle","https://www.bighassle.com","2025-08-13",NULL
"4336","new","Suede & 'Lene","bighassle","https://www.bighassle.com","2025-08-13",NULL
"4337","new","Bobby Darin","bighassle","https://www.bighassle.com","2025-08-13",NULL
"4338","new","Mádé Kuti","bighassle","https://www.bighassle.com","2025-08-13",NULL
"4339","new","Kississippi","bighassle","https://www.bighassle.com","2025-08-13",NULL
"4340","new","Matthew Shipp","bighassle","https://www.bighassle.com","2025-08-13",NULL
"4341","new","Valley Boy","bighassle","https://www.bighassle.com","2025-08-13",NULL
"4342","new","World News","bighassle","https://www.bighassle.com","2025-08-13",NULL
"4343","new","Federico Aubele","bighassle","https://www.bighassle.com","2025-08-13",NULL
"4344","new","Madeline Hawthorne","bighassle","https://www.bighassle.com","2025-08-13",NULL
"4345","new","Jack White","bighassle","https://www.bighassle.com","2025-08-13",NULL
"4346","new","Ben Kweller","bighassle","https://www.bighassle.com","2025-08-13",NULL
"4347","new","some fear","bighassle","https://www.bighassle.com","2025-08-13",NULL
"4348","new","Logan Mac","bighassle","https://www.bighassle.com","2025-08-13",NULL
"4349","new","Katie Schecter","bighassle","https://www.bighassle.com","2025-08-13",NULL
"4350","new","Christone “Kinfish” Ingram","bighassle","https://www.bighassle.com","2025-08-13",NULL
"4351","new","Emma Swift","bighassle","https://www.bighassle.com","2025-08-13",NULL
"4352","new","Girl Tones","bighassle","https://www.bighassle.com","2025-08-13",NULL
"4353","new","Jack Manley","bighassle","https://www.bighassle.com","2025-08-13",NULL
"4354","new","Gina Birch","bighassle","https://www.bighassle.com","2025-08-13",NULL
"4355","new","Heaven","bighassle","https://www.bighassle.com","2025-08-13",NULL
"4356","new","Lao Tizer","bighassle","https://www.bighassle.com","2025-08-13",NULL
"4357","new","Phish","bighassle","https://www.bighassle.com","2025-08-13",NULL
"4358","new","Goose","bighassle","https://www.bighassle.com","2025-08-13",NULL
"4359","new","Merrick Winter","bighassle","https://www.bighassle.com","2025-08-13",NULL
"4360","new","Luke Tyler Shelton","bighassle","https://www.bighassle.com","2025-08-13",NULL
"4361","new","Hüsker Dü","bighassle","https://www.bighassle.com","2025-08-13",NULL
"4362","new","Guster","bighassle","https://www.bighassle.com","2025-08-13",NULL
"4363","new","Soul Coughing","bighassle","https://www.bighassle.com","2025-08-13",NULL
"4364","new","Trouser Press Books","bighassle","https://www.bighassle.com","2025-08-13",NULL
"4365","new","Parker Millsap","bighassle","https://www.bighassle.com","2025-08-13",NULL
"4366","new","The Aces","bighassle","https://www.bighassle.com","2025-08-13",NULL
"4367","new","Hinterland Music Festival","bighassle","https://www.bighassle.com","2025-08-13",NULL
"4368","new","Glixen","bighassle","https://www.bighassle.com","2025-08-13",NULL
"4369","new","Larkin Poe","bighassle","https://www.bighassle.com","2025-08-13",NULL
"4370","new","Violent Femmes","bighassle","https://www.bighassle.com","2025-08-13",NULL
"4371","new","The Charlatans","bighassle","https://www.bighassle.com","2025-08-13",NULL
"4372","new","Bob Mould","bighassle","https://www.bighassle.com","2025-08-13",NULL
"4373","new","Starling","bighassle","https://www.bighassle.com","2025-08-13",NULL
"4374","new","Ida","bighassle","https://www.bighassle.com","2025-08-13",NULL
"4375","new","Barking Owl","bighassle","https://www.bighassle.com","2025-08-13",NULL
"4376","new","Theo Bleak","bighassle","https://www.bighassle.com","2025-08-13",NULL
"4377","new","Swim Surreal","bighassle","https://www.bighassle.com","2025-08-13",NULL
"4378","new","Sarah and The Sundays","bighassle","https://www.bighassle.com","2025-08-13",NULL
"4379","new","Xavier Omar","bighassle","https://www.bighassle.com","2025-08-13",NULL
"4380","new","Steve Miller","bighassle","https://www.bighassle.com","2025-08-13",NULL
"4381","new","Tristen","bighassle","https://www.bighassle.com","2025-08-13",NULL
"4382","new","sweet93","bighassle","https://www.bighassle.com","2025-08-13",NULL
"4383","new","Boyfriend","bighassle","https://www.bighassle.com","2025-08-13",NULL
"4384","new","Cut The Kids In Half","bighassle","https://www.bighassle.com","2025-08-13",NULL
"4385","new","Cat Power","bighassle","https://www.bighassle.com","2025-08-13",NULL
"4386","new","Craig Finn","bighassle","https://www.bighassle.com","2025-08-13",NULL
"4387","new","Bee Blackwell","bighassle","https://www.bighassle.com","2025-08-13",NULL
"4388","new","Stevie Van Zandt","bighassle","https://www.bighassle.com","2025-08-13",NULL
"4389","new","Calling All Crows","bighassle","https://www.bighassle.com","2025-08-13",NULL
"4390","new","CVC","bighassle","https://www.bighassle.com","2025-08-13",NULL
"4391","new","Paul Weller","bighassle","https://www.bighassle.com","2025-08-13",NULL
"4392","new","Anya Marina","bighassle","https://www.bighassle.com","2025-08-13",NULL
"4393","new","Tyler Ramsey","bighassle","https://www.bighassle.com","2025-08-13",NULL
"4394","new","Mo Lowda & the Humble","bighassle","https://www.bighassle.com","2025-08-13",NULL
"4395","new","sullvn","bighassle","https://www.bighassle.com","2025-08-13",NULL
"4396","new","Midlake","bighassle","https://www.bighassle.com","2025-08-13",NULL
"4397","new","GODSMACK","bighassle","https://www.bighassle.com","2025-08-13",NULL
"4398","new","Montréal Jazz Festival","bighassle","https://www.bighassle.com","2025-08-13",NULL
"4399","new","Ez Mil","bighassle","https://www.bighassle.com","2025-08-13",NULL
"4400","new","myah","bighassle","https://www.bighassle.com","2025-08-13",NULL
"4401","new","The Bad Plus","bighassle","https://www.bighassle.com","2025-08-13",NULL
"4402","new","Page McConnell","bighassle","https://www.bighassle.com","2025-08-13",NULL
"4403","new","Brad Tursi","bighassle","https://www.bighassle.com","2025-08-13",NULL
"4404","new","Robbie Fulks","bighassle","https://www.bighassle.com","2025-08-13",NULL
"4405","new","The Hails","bighassle","https://www.bighassle.com","2025-08-13",NULL
"4406","new","Neal Francis","bighassle","https://www.bighassle.com","2025-08-13",NULL
"4407","new","she’s green","bighassle","https://www.bighassle.com","2025-08-13",NULL
"4408","new","April March","bighassle","https://www.bighassle.com","2025-08-13",NULL
"4409","new","Alexa Dark","bighassle","https://www.bighassle.com","2025-08-13",NULL
"4410","new","Gregg Allman","bighassle","https://www.bighassle.com","2025-08-13",NULL
"4411","new","Porcupine Tree","bighassle","https://www.bighassle.com","2025-08-13",NULL
"4412","new","Birdfeeder","bighassle","https://www.bighassle.com","2025-08-13",NULL
"4413","new","Dawes","bighassle","https://www.bighassle.com","2025-08-13",NULL
"4414","new","Nicole Atkins","bighassle","https://www.bighassle.com","2025-08-13",NULL
"4415","new","Third Man Records","bighassle","https://www.bighassle.com","2025-08-13",NULL
"4416","new","Amanda Palmer","bighassle","https://www.bighassle.com","2025-08-13",NULL
"4417","new","Clap Your Hands Say Yeah","bighassle","https://www.bighassle.com","2025-08-13",NULL
"4418","new","Jane.","bighassle","https://www.bighassle.com","2025-08-13",NULL
"4419","new","Mike Gordon & Leo Kottke","bighassle","https://www.bighassle.com","2025-08-13",NULL
"4420","new","HANSON","bighassle","https://www.bighassle.com","2025-08-13",NULL
"4421","new","Glasses Malone","bighassle","https://www.bighassle.com","2025-08-13",NULL
"4422","new","High.","bighassle","https://www.bighassle.com","2025-08-13",NULL
"4423","new","Chandrika Tandon","bighassle","https://www.bighassle.com","2025-08-13",NULL
"4424","new","The Technicolors","bighassle","https://www.bighassle.com","2025-08-13",NULL
"4425","new","Sabrina Song","bighassle","https://www.bighassle.com","2025-08-13",NULL
"4426","new","High Moon Records","bighassle","https://www.bighassle.com","2025-08-13",NULL
"4427","new","Sam Himself","bighassle","https://www.bighassle.com","2025-08-13",NULL
"4428","new","Patrick Davis","bighassle","https://www.bighassle.com","2025-08-13",NULL
"4429","new","Terre Roche","bighassle","https://www.bighassle.com","2025-08-13",NULL
"4430","new","Heartless Bastards","bighassle","https://www.bighassle.com","2025-08-13",NULL
"4431","new","Steven Wilson","bighassle","https://www.bighassle.com","2025-08-13",NULL
"4432","new","Yoke Lore","bighassle","https://www.bighassle.com","2025-08-13",NULL
"4433","new","José González","bighassle","https://www.bighassle.com","2025-08-13",NULL
"4434","new","EBEDEE","bighassle","https://www.bighassle.com","2025-08-13",NULL
"4435","new","The Inspector Cluzo","bighassle","https://www.bighassle.com","2025-08-13",NULL
"4436","new","STACEY","bighassle","https://www.bighassle.com","2025-08-13",NULL
"4437","new","The Mommyheads","bighassle","https://www.bighassle.com","2025-08-13",NULL
"4438","new","Tennis","bighassle","https://www.bighassle.com","2025-08-13",NULL
"4439","new","Thievery Corporation","bighassle","https://www.bighassle.com","2025-08-13",NULL
"4440","new","Backline","bighassle","https://www.bighassle.com","2025-08-13",NULL
"4441","new","Beoga","bighassle","https://www.bighassle.com","2025-08-13",NULL
"4442","new","Simple Minds","bighassle","https://www.bighassle.com","2025-08-13",NULL
"4443","new","Couch","bighassle","https://www.bighassle.com","2025-08-13",NULL
"4444","new","Shooter Jennings","bighassle","https://www.bighassle.com","2025-08-13",NULL
"4445","new","Melody Federer","bighassle","https://www.bighassle.com","2025-08-13",NULL
"4446","new","Ginger Winn","bighassle","https://www.bighassle.com","2025-08-13",NULL
"4447","new","Rufus Wainwright","bighassle","https://www.bighassle.com","2025-08-13",NULL
"4448","new","GROUPLOVE","bighassle","https://www.bighassle.com","2025-08-13",NULL
"4449","new","Cheap Trick","bighassle","https://www.bighassle.com","2025-08-13",NULL
"4450","new","Trousdale","bighassle","https://www.bighassle.com","2025-08-13",NULL
"4451","new","The Gaslight Anthem","bighassle","https://www.bighassle.com","2025-08-13",NULL
"4452","new","Julia’s War Recordings","bighassle","https://www.bighassle.com","2025-08-13",NULL
"4453","new","$uicideboy$","bighassle","https://www.bighassle.com","2025-08-13",NULL
"4454","new","Twin Shadow","bighassle","https://www.bighassle.com","2025-08-13",NULL
"4455","new","Laney Jones and the Spirits","bighassle","https://www.bighassle.com","2025-08-13",NULL
"4456","new","Future Joy","bighassle","https://www.bighassle.com","2025-08-13",NULL
"4457","new","Sleep Habits","bighassle","https://www.bighassle.com","2025-08-13",NULL
"4458","new","Cable Ties","bighassle","https://www.bighassle.com","2025-08-13",NULL
"4459","new","Darren Waller","bighassle","https://www.bighassle.com","2025-08-13",NULL
"4460","new","Lauren Jenkins","bighassle","https://www.bighassle.com","2025-08-13",NULL
"4461","new","Young The Giant","bighassle","https://www.bighassle.com","2025-08-13",NULL
"4462","new","Lollapalooza: Uncensored…","bighassle","https://www.bighassle.com","2025-08-13",NULL
"4463","new","Brian Fallon","bighassle","https://www.bighassle.com","2025-08-13",NULL
"4464","new","Olivia Jean","bighassle","https://www.bighassle.com","2025-08-13",NULL
"4465","new","Fib","bighassle","https://www.bighassle.com","2025-08-13",NULL
"4466","new","The Allman Betts Family Revival","bighassle","https://www.bighassle.com","2025-08-13",NULL
"4467","new","Paul McDonald","bighassle","https://www.bighassle.com","2025-08-13",NULL
"4468","new","Mara Connor","bighassle","https://www.bighassle.com","2025-08-13",NULL
"4469","new","Sy Ari Da Kid","bighassle","https://www.bighassle.com","2025-08-13",NULL
"4470","new","Farmer’s Wife","bighassle","https://www.bighassle.com","2025-08-13",NULL
"4471","new","Dashboard Confessional","bighassle","https://www.bighassle.com","2025-08-13",NULL
"4472","new","The White Stripes","bighassle","https://www.bighassle.com","2025-08-13",NULL
"4473","new","Selcouth Quartet","bighassle","https://www.bighassle.com","2025-08-13",NULL
"4474","new","Beharie","bighassle","https://www.bighassle.com","2025-08-13",NULL
"4475","new","Frankie and the Witch Fingers","bighassle","https://www.bighassle.com","2025-08-13",NULL
"4476","new","Tuomo & Markus","bighassle","https://www.bighassle.com","2025-08-13",NULL
"4477","new","The Lumineers","bighassle","https://www.bighassle.com","2025-08-13",NULL
"4478","new","Burton Cummings","bighassle","https://www.bighassle.com","2025-08-13",NULL
"4479","new","A Giant Dog","bighassle","https://www.bighassle.com","2025-08-13",NULL
"4480","new","Joyer","bighassle","https://www.bighassle.com","2025-08-13",NULL
"4481","new","Adam “Pacman” Jones","bighassle","https://www.bighassle.com","2025-08-13",NULL
"4482","new","Ray Charles","bighassle","https://www.bighassle.com","2025-08-13",NULL
"4483","new","The String Cheese Incident","bighassle","https://www.bighassle.com","2025-08-13",NULL
"4484","new","L.C. Franke","bighassle","https://www.bighassle.com","2025-08-13",NULL
"4485","new","Otis Zheng","bighassle","https://www.bighassle.com","2025-08-13",NULL
"4486","new","Neptune’s Core","bighassle","https://www.bighassle.com","2025-08-13",NULL
"4487","new","Shunkan","bighassle","https://www.bighassle.com","2025-08-13",NULL
"4488","new","Derek Smalls","bighassle","https://www.bighassle.com","2025-08-13",NULL
"4489","new","David Kushner","bighassle","https://www.bighassle.com","2025-08-13",NULL
"4490","new","Cut Copy","bighassle","https://www.bighassle.com","2025-08-13",NULL
"4491","new","Faux Real","bighassle","https://www.bighassle.com","2025-08-13",NULL
"4492","new","Ben Sollee","bighassle","https://www.bighassle.com","2025-08-13",NULL
"4493","new","Vlad Holiday","bighassle","https://www.bighassle.com","2025-08-13",NULL
"4494","new","The Paradox","bighassle","https://www.bighassle.com","2025-08-13",NULL
"4495","new","We Contain Multitudes","bighassle","https://www.bighassle.com","2025-08-13",NULL
"4496","new","Leif Vollebekk","bighassle","https://www.bighassle.com","2025-08-13",NULL
"4497","new","Laila Smith","bighassle","https://www.bighassle.com","2025-08-13",NULL
"4498","new","Cory Wong","bighassle","https://www.bighassle.com","2025-08-13",NULL
"4499","new","Agender","bighassle","https://www.bighassle.com","2025-08-13",NULL
"4500","new","Public Circuit","bighassle","https://www.bighassle.com","2025-08-13",NULL
"4501","new","Kate Hudson","bighassle","https://www.bighassle.com","2025-08-13",NULL
"4502","new","Pretenders","bighassle","https://www.bighassle.com","2025-08-13",NULL
"4503","new","Yellow Shoots","bighassle","https://www.bighassle.com","2025-08-13",NULL
"4504","new","Waylon Jennings","bighassle","https://www.bighassle.com","2025-08-13",NULL
"4505","new","Lillie Mae","bighassle","https://www.bighassle.com","2025-08-13",NULL
"4506","new","Good Kid","bighassle","https://www.bighassle.com","2025-08-13",NULL
"4507","new","The Thing With Feathers","bighassle","https://www.bighassle.com","2025-08-13",NULL
"4508","new","David Shaw","bighassle","https://www.bighassle.com","2025-08-13",NULL
"4509","new","Total Wife","bighassle","https://www.bighassle.com","2025-08-13",NULL
"4510","new","Parallel Vision","bighassle","https://www.bighassle.com","2025-08-13",NULL
"4511","new","Annabel Lee","bighassle","https://www.bighassle.com","2025-08-13",NULL
"4512","new","John-Robert","bighassle","https://www.bighassle.com","2025-08-13",NULL
"4513","new","Caskey","bighassle","https://www.bighassle.com","2025-08-13",NULL
"4514","new","Duff McKagan","bighassle","https://www.bighassle.com","2025-08-13",NULL
"4515","new","888","bighassle","https://www.bighassle.com","2025-08-13",NULL
"4516","new","Gender Amplified","bighassle","https://www.bighassle.com","2025-08-13",NULL
"4517","new","Rykarda Parasol","bighassle","https://www.bighassle.com","2025-08-13",NULL
"4518","new","Orlando Kallen","bighassle","https://www.bighassle.com","2025-08-13",NULL
"4519","new","Jammcard","bighassle","https://www.bighassle.com","2025-08-13",NULL
"4520","new","WinterWonderGrass Festival","bighassle","https://www.bighassle.com","2025-08-13",NULL
"4521","new","Moody Joody","bighassle","https://www.bighassle.com","2025-08-13",NULL
"4522","new","Isabel Pless","bighassle","https://www.bighassle.com","2025-08-13",NULL
"4523","new","Odie Leigh","bighassle","https://www.bighassle.com","2025-08-13",NULL
"4524","new","Hardly Strictly Bluegrass","bighassle","https://www.bighassle.com","2025-08-13",NULL
"4525","new","Ben Folds","bighassle","https://www.bighassle.com","2025-08-13",NULL
"4526","new","Shower Curtain","bighassle","https://www.bighassle.com","2025-08-13",NULL
"4527","new","Kitty Coen","bighassle","https://www.bighassle.com","2025-08-13",NULL
"4528","new","Jim James","bighassle","https://www.bighassle.com","2025-08-13",NULL
"4529","new","Lee Fields","bighassle","https://www.bighassle.com","2025-08-13",NULL
"4530","new","Fantastic Negrito","bighassle","https://www.bighassle.com","2025-08-13",NULL
"4531","new","Galactic","bighassle","https://www.bighassle.com","2025-08-13",NULL
"4532","new","MANJA","bighassle","https://www.bighassle.com","2025-08-13",NULL
"4533","new","The Wild Feathers","bighassle","https://www.bighassle.com","2025-08-13",NULL
"4534","new","IDAHO","bighassle","https://www.bighassle.com","2025-08-13",NULL
"4535","new","Baby Jane","bighassle","https://www.bighassle.com","2025-08-13",NULL
"4536","new","The Allman Betts Band","bighassle","https://www.bighassle.com","2025-08-13",NULL
"4537","new","Amos Lee","bighassle","https://www.bighassle.com","2025-08-13",NULL
"4538","new","Buscabulla","bighassle","https://www.bighassle.com","2025-08-13",NULL
"4539","new","Synthesizing The Silk Roads","bighassle","https://www.bighassle.com","2025-08-13",NULL
"4540","new","Antonio Sanchez","bighassle","https://www.bighassle.com","2025-08-13",NULL
"4541","new","Ripe","bighassle","https://www.bighassle.com","2025-08-13",NULL
"4542","new","My Morning Jacket","bighassle","https://www.bighassle.com","2025-08-13",NULL
"4543","new","The Crane Wives","bighassle","https://www.bighassle.com","2025-08-13",NULL
"4544","new","Tim Burgess","bighassle","https://www.bighassle.com","2025-08-13",NULL
"4545","new","flor","bighassle","https://www.bighassle.com","2025-08-13",NULL
"4546","new","Girl Garçon","bighassle","https://www.bighassle.com","2025-08-13",NULL
"4547","new","ISTA","bighassle","https://www.bighassle.com","2025-08-13",NULL
"4548","new","Guards","tellallyourfriendspr","https://www.tellallyourfriendspr.com","2025-08-13",NULL
"4549","new","Alice Merton","tellallyourfriendspr","https://www.tellallyourfriendspr.com","2025-08-13",NULL
"4550","new","Lee Dewyze","tellallyourfriendspr","https://www.tellallyourfriendspr.com","2025-08-13",NULL
"4551","new","machinegum","tellallyourfriendspr","https://www.tellallyourfriendspr.com","2025-08-13",NULL
"4552","new","Uni","tellallyourfriendspr","https://www.tellallyourfriendspr.com","2025-08-13",NULL
"4553","new","Veronica Falls","tellallyourfriendspr","https://www.tellallyourfriendspr.com","2025-08-13",NULL
"4554","new","Yoko Ono","tellallyourfriendspr","https://www.tellallyourfriendspr.com","2025-08-13",NULL
"4555","new","Les Savy Fav","tellallyourfriendspr","https://www.tellallyourfriendspr.com","2025-08-13",NULL
"4556","new","Charles Moothart","tellallyourfriendspr","https://www.tellallyourfriendspr.com","2025-08-13",NULL
"4557","new","Allah-Las","tellallyourfriendspr","https://www.tellallyourfriendspr.com","2025-08-13",NULL
"4558","new","EXEK","tellallyourfriendspr","https://www.tellallyourfriendspr.com","2025-08-13",NULL
"4559","new","Yot Club","tellallyourfriendspr","https://www.tellallyourfriendspr.com","2025-08-13",NULL
"4560","new","CLAVVS","tellallyourfriendspr","https://www.tellallyourfriendspr.com","2025-08-13",NULL
"4561","new","LUMBEROB","tellallyourfriendspr","https://www.tellallyourfriendspr.com","2025-08-13",NULL
"4562","new","Kris Baha","tellallyourfriendspr","https://www.tellallyourfriendspr.com","2025-08-13",NULL
"4563","new","Local H","tellallyourfriendspr","https://www.tellallyourfriendspr.com","2025-08-13",NULL
"4564","new","Ghetto Kumbé","tellallyourfriendspr","https://www.tellallyourfriendspr.com","2025-08-13",NULL
"4565","new","The Warlocks","tellallyourfriendspr","https://www.tellallyourfriendspr.com","2025-08-13",NULL
"4566","new","Jordan Lewis","tellallyourfriendspr","https://www.tellallyourfriendspr.com","2025-08-13",NULL
"4567","new","Jimmy Chamberlin Complex","tellallyourfriendspr","https://www.tellallyourfriendspr.com","2025-08-13",NULL
"4568","new","Jesse Ray and the Carolina Catfish","tellallyourfriendspr","https://www.tellallyourfriendspr.com","2025-08-13",NULL
"4569","new","Hunter Daily","tellallyourfriendspr","https://www.tellallyourfriendspr.com","2025-08-13",NULL
"4570","new","Asobi Seksu","tellallyourfriendspr","https://www.tellallyourfriendspr.com","2025-08-13",NULL
"4571","new","Elvis Perkins","tellallyourfriendspr","https://www.tellallyourfriendspr.com","2025-08-13",NULL
"4572","new","Highly Suspect","tellallyourfriendspr","https://www.tellallyourfriendspr.com","2025-08-13",NULL
"4573","new","Izzy Spears","tellallyourfriendspr","https://www.tellallyourfriendspr.com","2025-08-13",NULL
"4574","new","Lily Seabird","tellallyourfriendspr","https://www.tellallyourfriendspr.com","2025-08-13",NULL
"4575","new","Nolan Potter's Nightmare Band","tellallyourfriendspr","https://www.tellallyourfriendspr.com","2025-08-13",NULL
"4576","new","The Fall","tellallyourfriendspr","https://www.tellallyourfriendspr.com","2025-08-13",NULL
"4577","new","Mortal Prophets","tellallyourfriendspr","https://www.tellallyourfriendspr.com","2025-08-13",NULL
"4578","new","M. Caye Castagnetto","tellallyourfriendspr","https://www.tellallyourfriendspr.com","2025-08-13",NULL
"4579","new","Tiësto","tellallyourfriendspr","https://www.tellallyourfriendspr.com","2025-08-13",NULL
"4580","new","Fatboy Slim","tellallyourfriendspr","https://www.tellallyourfriendspr.com","2025-08-13",NULL
"4581","new","King Gizzard & The Lizard Wizard","tellallyourfriendspr","https://www.tellallyourfriendspr.com","2025-08-13",NULL
"4582","new","New York Guitar Festival","tellallyourfriendspr","https://www.tellallyourfriendspr.com","2025-08-13",NULL
"4583","new","Magic City Hippies","tellallyourfriendspr","https://www.tellallyourfriendspr.com","2025-08-13",NULL
"4584","new","Kit Major","tellallyourfriendspr","https://www.tellallyourfriendspr.com","2025-08-13",NULL
"4585","new","Lushlife","tellallyourfriendspr","https://www.tellallyourfriendspr.com","2025-08-13",NULL
"4586","new","Warbly Jets","tellallyourfriendspr","https://www.tellallyourfriendspr.com","2025-08-13",NULL
"4587","new","Damaged Bug","tellallyourfriendspr","https://www.tellallyourfriendspr.com","2025-08-13",NULL
"4588","new","Paul Leary","tellallyourfriendspr","https://www.tellallyourfriendspr.com","2025-08-13",NULL
"4589","new","The Dodos","tellallyourfriendspr","https://www.tellallyourfriendspr.com","2025-08-13",NULL
"4590","new","FIDLAR","tellallyourfriendspr","https://www.tellallyourfriendspr.com","2025-08-13",NULL
"4591","new","5 Billion In Diamonds","tellallyourfriendspr","https://www.tellallyourfriendspr.com","2025-08-13",NULL
"4592","new","The Orb","tellallyourfriendspr","https://www.tellallyourfriendspr.com","2025-08-13",NULL
"4593","new","Tatum Gale","tellallyourfriendspr","https://www.tellallyourfriendspr.com","2025-08-13",NULL
"4594","new","Common Holly","tellallyourfriendspr","https://www.tellallyourfriendspr.com","2025-08-13",NULL
"4595","new","Catcher","tellallyourfriendspr","https://www.tellallyourfriendspr.com","2025-08-13",NULL
"4596","new","Anna Akana","tellallyourfriendspr","https://www.tellallyourfriendspr.com","2025-08-13",NULL
"4597","new","Happy Mondays","tellallyourfriendspr","https://www.tellallyourfriendspr.com","2025-08-13",NULL
"4598","new","Hennessey","tellallyourfriendspr","https://www.tellallyourfriendspr.com","2025-08-13",NULL
"4599","new","The Moldy Peaches","tellallyourfriendspr","https://www.tellallyourfriendspr.com","2025-08-13",NULL
"4600","new","D'Arcy","tellallyourfriendspr","https://www.tellallyourfriendspr.com","2025-08-13",NULL
"4601","new","Sego","tellallyourfriendspr","https://www.tellallyourfriendspr.com","2025-08-13",NULL
"4602","new","Slothrust","tellallyourfriendspr","https://www.tellallyourfriendspr.com","2025-08-13",NULL
"4603","new","Leon Creek","tellallyourfriendspr","https://www.tellallyourfriendspr.com","2025-08-13",NULL
"4604","new","Caroline Kingsbury","tellallyourfriendspr","https://www.tellallyourfriendspr.com","2025-08-13",NULL
"4605","new","Danzig","tellallyourfriendspr","https://www.tellallyourfriendspr.com","2025-08-13",NULL
"4606","new","Chris Garneau","tellallyourfriendspr","https://www.tellallyourfriendspr.com","2025-08-13",NULL
"4607","new","Generationals","tellallyourfriendspr","https://www.tellallyourfriendspr.com","2025-08-13",NULL
"4608","new","Isis Salam","tellallyourfriendspr","https://www.tellallyourfriendspr.com","2025-08-13",NULL
"4609","new","SWIMM","tellallyourfriendspr","https://www.tellallyourfriendspr.com","2025-08-13",NULL
"4610","new","Guided By Voices","tellallyourfriendspr","https://www.tellallyourfriendspr.com","2025-08-13",NULL
"4611","new","Grimes","tellallyourfriendspr","https://www.tellallyourfriendspr.com","2025-08-13",NULL
"4612","new","Fortune Tellers","tellallyourfriendspr","https://www.tellallyourfriendspr.com","2025-08-13",NULL
"4613","new","Castle Rat","tellallyourfriendspr","https://www.tellallyourfriendspr.com","2025-08-13",NULL
"4614","new","Ashlynn Malia","tellallyourfriendspr","https://www.tellallyourfriendspr.com","2025-08-13",NULL
"4615","new","Gooseberry","tellallyourfriendspr","https://www.tellallyourfriendspr.com","2025-08-13",NULL
"4616","new","The Cribs","tellallyourfriendspr","https://www.tellallyourfriendspr.com","2025-08-13",NULL
"4617","new","Juliana Hatfield","tellallyourfriendspr","https://www.tellallyourfriendspr.com","2025-08-13",NULL
"4618","new","We Are Wolves","tellallyourfriendspr","https://www.tellallyourfriendspr.com","2025-08-13",NULL
"4619","new","Lizzo","tellallyourfriendspr","https://www.tellallyourfriendspr.com","2025-08-13",NULL
"4620","new","Joan As Police Woman","tellallyourfriendspr","https://www.tellallyourfriendspr.com","2025-08-13",NULL
"4621","new","Jordi Up Late","tellallyourfriendspr","https://www.tellallyourfriendspr.com","2025-08-13",NULL
"4622","new","Zoon","tellallyourfriendspr","https://www.tellallyourfriendspr.com","2025-08-13",NULL
"4623","new","Shadow Show","tellallyourfriendspr","https://www.tellallyourfriendspr.com","2025-08-13",NULL
"4624","new","Caveman","tellallyourfriendspr","https://www.tellallyourfriendspr.com","2025-08-13",NULL
"4625","new","Kristeen Young","tellallyourfriendspr","https://www.tellallyourfriendspr.com","2025-08-13",NULL
"4626","new","Field Guide","tellallyourfriendspr","https://www.tellallyourfriendspr.com","2025-08-13",NULL
"4627","new","Devarrow","tellallyourfriendspr","https://www.tellallyourfriendspr.com","2025-08-13",NULL
"4628","new","FEAR","tellallyourfriendspr","https://www.tellallyourfriendspr.com","2025-08-13",NULL
"4629","new","TR/ST","tellallyourfriendspr","https://www.tellallyourfriendspr.com","2025-08-13",NULL
"4630","new","Trophy Wife","tellallyourfriendspr","https://www.tellallyourfriendspr.com","2025-08-13",NULL
"4631","new","Ron Gallo","tellallyourfriendspr","https://www.tellallyourfriendspr.com","2025-08-13",NULL
"4632","new","Passion Pit","tellallyourfriendspr","https://www.tellallyourfriendspr.com","2025-08-13",NULL
"4633","new","Komodos","tellallyourfriendspr","https://www.tellallyourfriendspr.com","2025-08-13",NULL
"4634","new","Tiffany","tellallyourfriendspr","https://www.tellallyourfriendspr.com","2025-08-13",NULL
"4635","new","Alvvays","tellallyourfriendspr","https://www.tellallyourfriendspr.com","2025-08-13",NULL
"4636","new","KAZIMI","tellallyourfriendspr","https://www.tellallyourfriendspr.com","2025-08-13",NULL
"4637","new","Icarus Phoenix","tellallyourfriendspr","https://www.tellallyourfriendspr.com","2025-08-13",NULL
"4638","new","You Said Strange","tellallyourfriendspr","https://www.tellallyourfriendspr.com","2025-08-13",NULL
"4639","new","Freakout Festival","tellallyourfriendspr","https://www.tellallyourfriendspr.com","2025-08-13",NULL
"4640","new","White Rabbits","tellallyourfriendspr","https://www.tellallyourfriendspr.com","2025-08-13",NULL
"4641","new","Loop","tellallyourfriendspr","https://www.tellallyourfriendspr.com","2025-08-13",NULL
"4642","new","Har Mar Superstar","tellallyourfriendspr","https://www.tellallyourfriendspr.com","2025-08-13",NULL
"4643","new","POLIÇA","tellallyourfriendspr","https://www.tellallyourfriendspr.com","2025-08-13",NULL
"4644","new","Alex Henry Foster","tellallyourfriendspr","https://www.tellallyourfriendspr.com","2025-08-13",NULL
"4645","new","Coral Moons","tellallyourfriendspr","https://www.tellallyourfriendspr.com","2025-08-13",NULL
"4646","new","Twin Shadow","tellallyourfriendspr","https://www.tellallyourfriendspr.com","2025-08-13",NULL
"4647","new","CASTLE FACE RECORDS","tellallyourfriendspr","https://www.tellallyourfriendspr.com","2025-08-13",NULL
"4648","new","Ursa Major Revelation","tellallyourfriendspr","https://www.tellallyourfriendspr.com","2025-08-13",NULL
"4649","new","Sea Lemon","tellallyourfriendspr","https://www.tellallyourfriendspr.com","2025-08-13",NULL
"4650","new","Slow Fiction","tellallyourfriendspr","https://www.tellallyourfriendspr.com","2025-08-13",NULL
"4651","new","Sylvan Esso","tellallyourfriendspr","https://www.tellallyourfriendspr.com","2025-08-13",NULL
"4652","new","Secret Machines","tellallyourfriendspr","https://www.tellallyourfriendspr.com","2025-08-13",NULL
"4653","new","Pinc Louds","tellallyourfriendspr","https://www.tellallyourfriendspr.com","2025-08-13",NULL
"4654","new","MONSTERWATCH","tellallyourfriendspr","https://www.tellallyourfriendspr.com","2025-08-13",NULL
"4655","new","Grim Streaker","tellallyourfriendspr","https://www.tellallyourfriendspr.com","2025-08-13",NULL
"4656","new","The Antlers","tellallyourfriendspr","https://www.tellallyourfriendspr.com","2025-08-13",NULL
"4657","new","Hot Flash Heat Wave","tellallyourfriendspr","https://www.tellallyourfriendspr.com","2025-08-13",NULL
"4658","new","Justin Nozuka","tellallyourfriendspr","https://www.tellallyourfriendspr.com","2025-08-13",NULL
"4659","new","Liily","tellallyourfriendspr","https://www.tellallyourfriendspr.com","2025-08-13",NULL
"4660","new","Renny Conti","tellallyourfriendspr","https://www.tellallyourfriendspr.com","2025-08-13",NULL
"4661","new","Kitsuné","tellallyourfriendspr","https://www.tellallyourfriendspr.com","2025-08-13",NULL
"4662","new","The Furniture","tellallyourfriendspr","https://www.tellallyourfriendspr.com","2025-08-13",NULL
"4663","new","Drug Couple","tellallyourfriendspr","https://www.tellallyourfriendspr.com","2025-08-13",NULL
"4664","new","Peter Matthew Bauer","tellallyourfriendspr","https://www.tellallyourfriendspr.com","2025-08-13",NULL
"4665","new","Marion Raw","tellallyourfriendspr","https://www.tellallyourfriendspr.com","2025-08-13",NULL
"4666","new","SonReal","tellallyourfriendspr","https://www.tellallyourfriendspr.com","2025-08-13",NULL
"4667","new","Cigarettes After Sex","tellallyourfriendspr","https://www.tellallyourfriendspr.com","2025-08-13",NULL
"4668","new","Nick Leng","tellallyourfriendspr","https://www.tellallyourfriendspr.com","2025-08-13",NULL
"4669","new","Brigid Dawson","tellallyourfriendspr","https://www.tellallyourfriendspr.com","2025-08-13",NULL
"4670","new","Trick Gum","tellallyourfriendspr","https://www.tellallyourfriendspr.com","2025-08-13",NULL
"4671","new","Patriarchy","tellallyourfriendspr","https://www.tellallyourfriendspr.com","2025-08-13",NULL
"4672","new","Population II","tellallyourfriendspr","https://www.tellallyourfriendspr.com","2025-08-13",NULL
"4673","new","The Walkmen","tellallyourfriendspr","https://www.tellallyourfriendspr.com","2025-08-13",NULL
"4674","new","Pine Barons","tellallyourfriendspr","https://www.tellallyourfriendspr.com","2025-08-13",NULL
"4675","new","Greg Freeman","tellallyourfriendspr","https://www.tellallyourfriendspr.com","2025-08-13",NULL
"4676","new","Radiant Baby","tellallyourfriendspr","https://www.tellallyourfriendspr.com","2025-08-13",NULL
"4677","new","Cymbals Eat Guitars","tellallyourfriendspr","https://www.tellallyourfriendspr.com","2025-08-13",NULL
"4678","new","Mary in The Junkyard","tellallyourfriendspr","https://www.tellallyourfriendspr.com","2025-08-13",NULL
"4679","new","Pretty Awkward","tellallyourfriendspr","https://www.tellallyourfriendspr.com","2025-08-13",NULL
"4680","new","Kramer","tellallyourfriendspr","https://www.tellallyourfriendspr.com","2025-08-13",NULL
"4681","new","MAKE Records","tellallyourfriendspr","https://www.tellallyourfriendspr.com","2025-08-13",NULL
"4682","new","Frenchkiss Records","tellallyourfriendspr","https://www.tellallyourfriendspr.com","2025-08-13",NULL
"4683","new","Osees","tellallyourfriendspr","https://www.tellallyourfriendspr.com","2025-08-13",NULL
"4684","new","JD Pinkus","tellallyourfriendspr","https://www.tellallyourfriendspr.com","2025-08-13",NULL
"4685","new","Local Natives","tellallyourfriendspr","https://www.tellallyourfriendspr.com","2025-08-13",NULL
"4686","new","Occurrence","tellallyourfriendspr","https://www.tellallyourfriendspr.com","2025-08-13",NULL
"4687","new","Katrina Ford","tellallyourfriendspr","https://www.tellallyourfriendspr.com","2025-08-13",NULL
"4688","new","ARO","tellallyourfriendspr","https://www.tellallyourfriendspr.com","2025-08-13",NULL
"4689","new","Andy Frasco","tellallyourfriendspr","https://www.tellallyourfriendspr.com","2025-08-13",NULL
"4690","new","Coachwhips","tellallyourfriendspr","https://www.tellallyourfriendspr.com","2025-08-13",NULL
"4691","new","Orchestral Manoeuvres In The Dark","tellallyourfriendspr","https://www.tellallyourfriendspr.com","2025-08-13",NULL
"4692","new","Kate Clover","tellallyourfriendspr","https://www.tellallyourfriendspr.com","2025-08-13",NULL
"4693","new","Rubber Band Gun","tellallyourfriendspr","https://www.tellallyourfriendspr.com","2025-08-13",NULL
"4694","new","","biz3","https://www.biz3.net","2025-08-13",NULL
"4695","new","IOANNA GIKA","biz3","https://www.biz3.net","2025-08-13",NULL
"4696","new","MS. LAURYN HILL","biz3","https://www.biz3.net","2025-08-13",NULL
"4697","new","ROBERT GLASPER","biz3","https://www.biz3.net","2025-08-13",NULL
"4698","new","GLOSS UP","biz3","https://www.biz3.net","2025-08-13",NULL
"4699","new","ADE","biz3","https://www.biz3.net","2025-08-13",NULL
"4700","new","DORA JAR","biz3","https://www.biz3.net","2025-08-13",NULL
"4701","new","JULIA STONE","biz3","https://www.biz3.net","2025-08-13",NULL
"4702","new","AMI TAF RA","biz3","https://www.biz3.net","2025-08-13",NULL
"4703","new","BABYTRON","biz3","https://www.biz3.net","2025-08-13",NULL
"4704","new","NAV","biz3","https://www.biz3.net","2025-08-13",NULL
"4705","new","ONEOHTRIX POINT NEVER","biz3","https://www.biz3.net","2025-08-13",NULL
"4706","new","LIL BABY","biz3","https://www.biz3.net","2025-08-13",NULL
"4707","new","24KGOLDN","biz3","https://www.biz3.net","2025-08-13",NULL
"4708","new","THE WEEKND","biz3","https://www.biz3.net","2025-08-13",NULL
"4709","new","THEY HATE CHANGE","biz3","https://www.biz3.net","2025-08-13",NULL
"4710","new","ELYANNA","biz3","https://www.biz3.net","2025-08-13",NULL
"4711","new","ELISSA MIELKE","biz3","https://www.biz3.net","2025-08-13",NULL
"4712","new","TOM MISCH","biz3","https://www.biz3.net","2025-08-13",NULL
"4713","new","CONCRETE BOYS","biz3","https://www.biz3.net","2025-08-13",NULL
"4714","new","MIKE DEAN","biz3","https://www.biz3.net","2025-08-13",NULL
"4715","new","ANDREW WYATT","biz3","https://www.biz3.net","2025-08-13",NULL
"4716","new","ISAIAH FALLS","biz3","https://www.biz3.net","2025-08-13",NULL
"4717","new","PABLLO VITTAR","biz3","https://www.biz3.net","2025-08-13",NULL
"4718","new","NEMAHSIS","biz3","https://www.biz3.net","2025-08-13",NULL
"4719","new","TERRACE MARTIN","biz3","https://www.biz3.net","2025-08-13",NULL
"4720","new","RMR","biz3","https://www.biz3.net","2025-08-13",NULL
"4721","new","BANKROLL FREDDIE","biz3","https://www.biz3.net","2025-08-13",NULL
"4722","new","ELI KESZLER","biz3","https://www.biz3.net","2025-08-13",NULL
"4723","new","KINGDOM","biz3","https://www.biz3.net","2025-08-13",NULL
"4724","new","TALL TALES (Mark Pritchard + Thom Yorke)","biz3","https://www.biz3.net","2025-08-13",NULL
"4725","new","LUKE TITUS","biz3","https://www.biz3.net","2025-08-13",NULL
"4726","new","SKRILLEX","biz3","https://www.biz3.net","2025-08-13",NULL
"4727","new","FUGEES","biz3","https://www.biz3.net","2025-08-13",NULL
"4728","new","UNWOUND","biz3","https://www.biz3.net","2025-08-13",NULL
"4729","new","BLK ODSSY","biz3","https://www.biz3.net","2025-08-13",NULL
"4730","new","SEB","biz3","https://www.biz3.net","2025-08-13",NULL
"4731","new","GEOFF RICKLY","biz3","https://www.biz3.net","2025-08-13",NULL
"4732","new","JOHN CARPENTER","biz3","https://www.biz3.net","2025-08-13",NULL
"4733","new","YG MARLEY","biz3","https://www.biz3.net","2025-08-13",NULL
"4734","new","XO RECORDS","biz3","https://www.biz3.net","2025-08-13",NULL
"4735","new","THE ALL-AMERICAN REJECTS","biz3","https://www.biz3.net","2025-08-13",NULL
"4736","new","TOKIMONSTA","biz3","https://www.biz3.net","2025-08-13",NULL
"4737","new","SHALOM","biz3","https://www.biz3.net","2025-08-13",NULL
"4738","new","ZACARI","biz3","https://www.biz3.net","2025-08-13",NULL
"4739","new","SONS OF RAPHAEL","biz3","https://www.biz3.net","2025-08-13",NULL
"4740","new","DEAR DERRICK","biz3","https://www.biz3.net","2025-08-13",NULL
"4741","new","QUALITY CONTROL MUSIC","biz3","https://www.biz3.net","2025-08-13",NULL
"4742","new","AMAARAE","biz3","https://www.biz3.net","2025-08-13",NULL
"4743","new","LA DISPUTE","biz3","https://www.biz3.net","2025-08-13",NULL
"4744","new","ISSAM ALNAJJAR","biz3","https://www.biz3.net","2025-08-13",NULL
"4745","new","SSION","biz3","https://www.biz3.net","2025-08-13",NULL
"4746","new","CLOSED SESSIONS","biz3","https://www.biz3.net","2025-08-13",NULL
"4747","new","TOMMY BROWN","biz3","https://www.biz3.net","2025-08-13",NULL
"4748","new","SCOWL","biz3","https://www.biz3.net","2025-08-13",NULL
"4749","new","CHXRRY22","biz3","https://www.biz3.net","2025-08-13",NULL
"4750","new","GUSTAF","biz3","https://www.biz3.net","2025-08-13",NULL
"4751","new","REESE LAFLARE","biz3","https://www.biz3.net","2025-08-13",NULL
"4752","new","PETER CAT RECORDING CO.","biz3","https://www.biz3.net","2025-08-13",NULL
"4753","new","AJA MONET","biz3","https://www.biz3.net","2025-08-13",NULL
"4754","new","BEAR VS SHARK","biz3","https://www.biz3.net","2025-08-13",NULL
"4755","new","JORJA SMITH","biz3","https://www.biz3.net","2025-08-13",NULL
"4756","new","SEN MORIMOTO","biz3","https://www.biz3.net","2025-08-13",NULL
"4757","new","DEAD MAN’S BONES","biz3","https://www.biz3.net","2025-08-13",NULL
"4758","new","OFF!","biz3","https://www.biz3.net","2025-08-13",NULL
"4759","new","SALEM","biz3","https://www.biz3.net","2025-08-13",NULL
"4760","new","DODIE","biz3","https://www.biz3.net","2025-08-13",NULL
"4761","new","TY DOLLA $IGN","biz3","https://www.biz3.net","2025-08-13",NULL
"4762","new","BABYMETAL","biz3","https://www.biz3.net","2025-08-13",NULL
"4763","new","AVALON","biz3","https://www.biz3.net","2025-08-13",NULL
"4764","new","JUICY J","biz3","https://www.biz3.net","2025-08-13",NULL
"4765","new","REVEREND KRISTIN MICHAEL HAYTER","biz3","https://www.biz3.net","2025-08-13",NULL
"4766","new","THE ALUMINUM GROUP","biz3","https://www.biz3.net","2025-08-13",NULL
"4767","new","KACY HILL","biz3","https://www.biz3.net","2025-08-13",NULL
"4768","new","SPIRIT OF THE BEEHIVE","biz3","https://www.biz3.net","2025-08-13",NULL
"4769","new","MICHAEL KIWANUKA","biz3","https://www.biz3.net","2025-08-13",NULL
"4770","new","REASON","biz3","https://www.biz3.net","2025-08-13",NULL
"4771","new","ACTION BRONSON","biz3","https://www.biz3.net","2025-08-13",NULL
"4772","new","CHARLOTTE DAYWILSON","biz3","https://www.biz3.net","2025-08-13",NULL
"4773","new","FREE NATIONALS","biz3","https://www.biz3.net","2025-08-13",NULL
"4774","new","EL-P","biz3","https://www.biz3.net","2025-08-13",NULL
"4775","new","​L’ESPIRAL","biz3","https://www.biz3.net","2025-08-13",NULL
"4776","new","DESTROY BOYS","biz3","https://www.biz3.net","2025-08-13",NULL
"4777","new","RAMI GABRIEL","biz3","https://www.biz3.net","2025-08-13",NULL
"4778","new","SUDAN ARCHIVES","biz3","https://www.biz3.net","2025-08-13",NULL
"4779","new","THIRD & HAYDEN","biz3","https://www.biz3.net","2025-08-13",NULL
"4780","new","VIAGRA BOYS","biz3","https://www.biz3.net","2025-08-13",NULL
"4781","new","EVIL","biz3","https://www.biz3.net","2025-08-13",NULL
"4782","new","VEGYN","biz3","https://www.biz3.net","2025-08-13",NULL
"4783","new","VIC MENSA","biz3","https://www.biz3.net","2025-08-13",NULL
"4784","new","JIMMY EDGAR","biz3","https://www.biz3.net","2025-08-13",NULL
"4785","new","AMA","biz3","https://www.biz3.net","2025-08-13",NULL
"4786","new","JUSTICE","biz3","https://www.biz3.net","2025-08-13",NULL
"4787","new","SPILL TAB","biz3","https://www.biz3.net","2025-08-13",NULL
"4788","new","RAYE","biz3","https://www.biz3.net","2025-08-13",NULL
"4789","new","QUADECA","biz3","https://www.biz3.net","2025-08-13",NULL
"4790","new","SKEPTA","biz3","https://www.biz3.net","2025-08-13",NULL
"4791","new","454","biz3","https://www.biz3.net","2025-08-13",NULL
"4792","new","MADISON MCFERRIN","biz3","https://www.biz3.net","2025-08-13",NULL
"4793","new","MARWAN MOUSSA","biz3","https://www.biz3.net","2025-08-13",NULL
"4794","new","SAMPA THE GREAT","biz3","https://www.biz3.net","2025-08-13",NULL
"4795","new","RIFF","biz3","https://www.biz3.net","2025-08-13",NULL
"4796","new","YVES TUMOR","biz3","https://www.biz3.net","2025-08-13",NULL
"4797","new","BELLY","biz3","https://www.biz3.net","2025-08-13",NULL
"4798","new","DAFT PUNK","biz3","https://www.biz3.net","2025-08-13",NULL
"4799","new","CLARA LA SAN","biz3","https://www.biz3.net","2025-08-13",NULL
"4800","new","JENSEN MCRAE","biz3","https://www.biz3.net","2025-08-13",NULL
"4801","new","VINSON","biz3","https://www.biz3.net","2025-08-13",NULL
"4802","new","YEHME2","biz3","https://www.biz3.net","2025-08-13",NULL
"4803","new","VICTORIA MONÉT","biz3","https://www.biz3.net","2025-08-13",NULL
"4804","new","DANIEL NIGRO","biz3","https://www.biz3.net","2025-08-13",NULL
"4805","new","JESSIE REYEZ","biz3","https://www.biz3.net","2025-08-13",NULL
"4806","new","SOUTHSIDE","biz3","https://www.biz3.net","2025-08-13",NULL
"4807","new","NEZ","biz3","https://www.biz3.net","2025-08-13",NULL
"4808","new","SIR","biz3","https://www.biz3.net","2025-08-13",NULL
"4809","new","OHHARA","biz3","https://www.biz3.net","2025-08-13",NULL
"4810","new","PEYTON","biz3","https://www.biz3.net","2025-08-13",NULL
"4811","new","NNAMDÏ","biz3","https://www.biz3.net","2025-08-13",NULL
"4812","new","DISHEVELED CUSS","biz3","https://www.biz3.net","2025-08-13",NULL
"4813","new","TRUPA TRUPA","biz3","https://www.biz3.net","2025-08-13",NULL
"4814","new","VARG²™","biz3","https://www.biz3.net","2025-08-13",NULL
"4815","new","PELICAN","biz3","https://www.biz3.net","2025-08-13",NULL
"4816","new","LIL YACHTY","biz3","https://www.biz3.net","2025-08-13",NULL
"4817","new","CODE ORANGE","biz3","https://www.biz3.net","2025-08-13",NULL
"4818","new","KING HANNAH","biz3","https://www.biz3.net","2025-08-13",NULL
"4819","new","LAYTON GREEN","biz3","https://www.biz3.net","2025-08-13",NULL
"4820","new","ZSELA","biz3","https://www.biz3.net","2025-08-13",NULL
"4821","new","FANA HUES","biz3","https://www.biz3.net","2025-08-13",NULL
"4822","new","GLASSJAW","biz3","https://www.biz3.net","2025-08-13",NULL
"4823","new","PENDANT","biz3","https://www.biz3.net","2025-08-13",NULL
"4824","new","ALAN PALOMO","biz3","https://www.biz3.net","2025-08-13",NULL
"4825","new","MASTODON","biz3","https://www.biz3.net","2025-08-13",NULL
"4826","new","REGGIE","biz3","https://www.biz3.net","2025-08-13",NULL
"4827","new","SWV","biz3","https://www.biz3.net","2025-08-13",NULL
"4828","new","KIPP STONE","biz3","https://www.biz3.net","2025-08-13",NULL
"4829","new","BABYFACE RAY","biz3","https://www.biz3.net","2025-08-13",NULL
"4830","new","BEN MARC","biz3","https://www.biz3.net","2025-08-13",NULL
"4831","new","MONALEO","biz3","https://www.biz3.net","2025-08-13",NULL
"4832","new","PROVOKER","biz3","https://www.biz3.net","2025-08-13",NULL
"4833","new","SAINT LEVANT","biz3","https://www.biz3.net","2025-08-13",NULL
"4834","new","LEIKELI47","biz3","https://www.biz3.net","2025-08-13",NULL
"4835","new","LEON THOMAS","biz3","https://www.biz3.net","2025-08-13",NULL
"4836","new","CAROLINE POLACHEK","biz3","https://www.biz3.net","2025-08-13",NULL
"4837","new","IAN ISIAH","biz3","https://www.biz3.net","2025-08-13",NULL
"4838","new","CHIEF ADJUAH","biz3","https://www.biz3.net","2025-08-13",NULL
"4839","new","AESOP ROCK","biz3","https://www.biz3.net","2025-08-13",NULL
"4840","new","THURSDAY","biz3","https://www.biz3.net","2025-08-13",NULL
"4841","new","DINNER PARTY","biz3","https://www.biz3.net","2025-08-13",NULL
"4842","new","HITECH","biz3","https://www.biz3.net","2025-08-13",NULL
"4843","new","CASH APP STUDIOS","biz3","https://www.biz3.net","2025-08-13",NULL
"4844","new","CHAPPELL ROAN","biz3","https://www.biz3.net","2025-08-13",NULL
"4845","new","BLU DETIGER","biz3","https://www.biz3.net","2025-08-13",NULL
"4846","new","REMI WOLF","biz3","https://www.biz3.net","2025-08-13",NULL
"4847","new","SOFIA VALDÉS","biz3","https://www.biz3.net","2025-08-13",NULL
"4848","new","BAKAR","biz3","https://www.biz3.net","2025-08-13",NULL
"4849","new","SAUDADE","biz3","https://www.biz3.net","2025-08-13",NULL
"4850","new","RÖYSKOPP","biz3","https://www.biz3.net","2025-08-13",NULL
"4851","new","RUN THE JEWELS","biz3","https://www.biz3.net","2025-08-13",NULL
"4852","new","QUAVO","biz3","https://www.biz3.net","2025-08-13",NULL
"4853","new","TOMMY RICHMAN","biz3","https://www.biz3.net","2025-08-13",NULL
"4854","new","EXPLOSIONS IN THE SKY","biz3","https://www.biz3.net","2025-08-13",NULL
"4855","new","JAMILA WOODS","biz3","https://www.biz3.net","2025-08-13",NULL
"4856","new","BRAXE+FALCON","biz3","https://www.biz3.net","2025-08-13",NULL
"4857","new","DRAAG ME","biz3","https://www.biz3.net","2025-08-13",NULL
"4858","new","SHITTY BOYZ","biz3","https://www.biz3.net","2025-08-13",NULL
"4859","new","YOUNG M.A","biz3","https://www.biz3.net","2025-08-13",NULL
"4860","new","THE ARMED","biz3","https://www.biz3.net","2025-08-13",NULL
"4861","new","J.COLE","biz3","https://www.biz3.net","2025-08-13",NULL
"4862","new","KILLER MIKE","biz3","https://www.biz3.net","2025-08-13",NULL
"4863","new","LOLO ZOUAÏ","biz3","https://www.biz3.net","2025-08-13",NULL
"4864","new","LARRY JUNE","biz3","https://www.biz3.net","2025-08-13",NULL
"4865","new","JOHN CARROLL KIRBY","biz3","https://www.biz3.net","2025-08-13",NULL
"4866","new","ADOMAA","biz3","https://www.biz3.net","2025-08-13",NULL
"4867","new","LUSTSICKPUPPY","biz3","https://www.biz3.net","2025-08-13",NULL
"4868","new","MAVERICK SABRE","biz3","https://www.biz3.net","2025-08-13",NULL
"4869","new","DANNY BROWN","biz3","https://www.biz3.net","2025-08-13",NULL
"4870","new","SETH BOGART","biz3","https://www.biz3.net","2025-08-13",NULL
"4871","new","LIV.E","orienteer","https://www.orienteer.us","2025-08-13",NULL
"4872","new","MK.GEE","orienteer","https://www.orienteer.us","2025-08-13",NULL
"4873","new","KOKOROKO","orienteer","https://www.orienteer.us","2025-08-13",NULL
"4874","new","BY STORM","orienteer","https://www.orienteer.us","2025-08-13",NULL
"4875","new","BODY MEAT","orienteer","https://www.orienteer.us","2025-08-13",NULL
"4876","new","CAZZU","orienteer","https://www.orienteer.us","2025-08-13",NULL
"4877","new","WU LYF","orienteer","https://www.orienteer.us","2025-08-13",NULL
"4878","new","LA DOÑA","orienteer","https://www.orienteer.us","2025-08-13",NULL
"4879","new","TRASH TALK","orienteer","https://www.orienteer.us","2025-08-13",NULL
"4880","new","LOLA YOUNG","orienteer","https://www.orienteer.us","2025-08-13",NULL
"4881","new","RICHARD ASHCROFT","orienteer","https://www.orienteer.us","2025-08-13",NULL
"4882","new","HALEY BLAIS","orienteer","https://www.orienteer.us","2025-08-13",NULL
"4883","new","HARMONY","orienteer","https://www.orienteer.us","2025-08-13",NULL
"4884","new","HANNAH DIAMOND","orienteer","https://www.orienteer.us","2025-08-13",NULL
"4885","new","JUBILEE","orienteer","https://www.orienteer.us","2025-08-13",NULL
"4886","new","DYLAN BRADY","orienteer","https://www.orienteer.us","2025-08-13",NULL
"4887","new","HALIMA","orienteer","https://www.orienteer.us","2025-08-13",NULL
"4888","new","ODIE","orienteer","https://www.orienteer.us","2025-08-13",NULL
"4889","new","MICHI","orienteer","https://www.orienteer.us","2025-08-13",NULL
"4890","new","GOSHI","orienteer","https://www.orienteer.us","2025-08-13",NULL
"4891","new","ALICE GLASS","orienteer","https://www.orienteer.us","2025-08-13",NULL
"4892","new","TURNSTILE","orienteer","https://www.orienteer.us","2025-08-13",NULL
"4893","new","CHENAYDER","orienteer","https://www.orienteer.us","2025-08-13",NULL
"4894","new","SHYGIRL","orienteer","https://www.orienteer.us","2025-08-13",NULL
"4895","new","TYLER, THE CREATOR","orienteer","https://www.orienteer.us","2025-08-13",NULL
"4896","new","EKKSTACY","orienteer","https://www.orienteer.us","2025-08-13",NULL
"4897","new","AIR","orienteer","https://www.orienteer.us","2025-08-13",NULL
"4898","new","EARL SWEATSHIRT","orienteer","https://www.orienteer.us","2025-08-13",NULL
"4899","new","OBONGJAYAR","orienteer","https://www.orienteer.us","2025-08-13",NULL
"4900","new","RACING MOUNT PLEASANT","orienteer","https://www.orienteer.us","2025-08-13",NULL
"4901","new","JULIE","orienteer","https://www.orienteer.us","2025-08-13",NULL
"4902","new","MEREBA","orienteer","https://www.orienteer.us","2025-08-13",NULL
"4903","new","RUSOWSKY","orienteer","https://www.orienteer.us","2025-08-13",NULL
"4904","new","HIGH VIS","orienteer","https://www.orienteer.us","2025-08-13",NULL
"4905","new","AJ TRACEY","orienteer","https://www.orienteer.us","2025-08-13",NULL
"4906","new","QUINNIE","orienteer","https://www.orienteer.us","2025-08-13",NULL
"4907","new","KNOCKED LOOSE","orienteer","https://www.orienteer.us","2025-08-13",NULL
"4908","new","MIDWXST","orienteer","https://www.orienteer.us","2025-08-13",NULL
"4909","new","HORSEGIIRL","orienteer","https://www.orienteer.us","2025-08-13",NULL
"4910","new","STEREOLAB","orienteer","https://www.orienteer.us","2025-08-13",NULL
"4911","new","LOYLE CARNER","orienteer","https://www.orienteer.us","2025-08-13",NULL
"4912","new","WIKI","orienteer","https://www.orienteer.us","2025-08-13",NULL
"4913","new","PLAYTHATBOIZAY","orienteer","https://www.orienteer.us","2025-08-13",NULL
"4914","new","DAVIDO","orienteer","https://www.orienteer.us","2025-08-13",NULL
"4915","new","KENNY BEATS","orienteer","https://www.orienteer.us","2025-08-13",NULL
"4916","new","MATTY MATHESON","orienteer","https://www.orienteer.us","2025-08-13",NULL
"4917","new","THE MESSTHETICS AND JAMES BRANDON LEWIS","orienteer","https://www.orienteer.us","2025-08-13",NULL
"4918","new","AZIYA","orienteer","https://www.orienteer.us","2025-08-13",NULL
"4919","new","DIJON","orienteer","https://www.orienteer.us","2025-08-13",NULL
"4920","new","CHEZILE","orienteer","https://www.orienteer.us","2025-08-13",NULL
"4921","new","RAVYN LENAE","orienteer","https://www.orienteer.us","2025-08-13",NULL
"4922","new","YUNG LEAN","orienteer","https://www.orienteer.us","2025-08-13",NULL
"4923","new","DOMINIC FIKE","orienteer","https://www.orienteer.us","2025-08-13",NULL
"4924","new","PARIS TEXAS","orienteer","https://www.orienteer.us","2025-08-13",NULL
"4925","new","MAIYA BLANEY","orienteer","https://www.orienteer.us","2025-08-13",NULL
"4926","new","SALUTE","orienteer","https://www.orienteer.us","2025-08-13",NULL
"4927","new","BAMBII","orienteer","https://www.orienteer.us","2025-08-13",NULL
"4928","new","THE BLAZE","orienteer","https://www.orienteer.us","2025-08-13",NULL
"4929","new","DANA AND ALDEN","orienteer","https://www.orienteer.us","2025-08-13",NULL
"4930","new","TOUCHÉ AMORÉ","orienteer","https://www.orienteer.us","2025-08-13",NULL
"4931","new","RUBY BELL","orienteer","https://www.orienteer.us","2025-08-13",NULL
"4932","new","BLXST","orienteer","https://www.orienteer.us","2025-08-13",NULL
"4933","new","TURNOVER","orienteer","https://www.orienteer.us","2025-08-13",NULL
"4934","new","JANE REMOVER","orienteer","https://www.orienteer.us","2025-08-13",NULL
"4935","new","AFI","orienteer","https://www.orienteer.us","2025-08-13",NULL
"4936","new","CAMP FLOG GNAW CARNIVAL","orienteer","https://www.orienteer.us","2025-08-13",NULL
"4937","new","EDDIE CHACON","orienteer","https://www.orienteer.us","2025-08-13",NULL
"4938","new","CRUMB","orienteer","https://www.orienteer.us","2025-08-13",NULL
"4939","new","MARÍA ISABEL","orienteer","https://www.orienteer.us","2025-08-13",NULL
"4940","new","YEULE","orienteer","https://www.orienteer.us","2025-08-13",NULL
"4941","new","JUSTINE SKYE","orienteer","https://www.orienteer.us","2025-08-13",NULL
"4942","new","JONAH YANO","orienteer","https://www.orienteer.us","2025-08-13",NULL
"4943","new","ARIMA EDERRA","orienteer","https://www.orienteer.us","2025-08-13",NULL
"4944","new","FREDDIE GIBBS","orienteer","https://www.orienteer.us","2025-08-13",NULL
"4945","new","HAILEY KNOX","orienteer","https://www.orienteer.us","2025-08-13",NULL
"4946","new","HIATUS KAIYOTE","orienteer","https://www.orienteer.us","2025-08-13",NULL
"4947","new","ROA","orienteer","https://www.orienteer.us","2025-08-13",NULL
"4948","new","OTHA","orienteer","https://www.orienteer.us","2025-08-13",NULL
"4949","new","SHOW ME THE BODY","orienteer","https://www.orienteer.us","2025-08-13",NULL
"4950","new","LAWRENCE MATTHEWS","orienteer","https://www.orienteer.us","2025-08-13",NULL
"4951","new","GOYA GUMBANI","orienteer","https://www.orienteer.us","2025-08-13",NULL
"4952","new","BUG EYED","orienteer","https://www.orienteer.us","2025-08-13",NULL
"4953","new","MAXO","orienteer","https://www.orienteer.us","2025-08-13",NULL
"4954","new","JALEN NGONDA","orienteer","https://www.orienteer.us","2025-08-13",NULL
"4955","new","ANNAHSTASIA","orienteer","https://www.orienteer.us","2025-08-13",NULL
"4956","new","MATT CHAMPION","orienteer","https://www.orienteer.us","2025-08-13",NULL
"4957","new","TEEZO TOUCHDOWN","orienteer","https://www.orienteer.us","2025-08-13",NULL
"4958","new","FKA TWIGS","orienteer","https://www.orienteer.us","2025-08-13",NULL
"4959","new","PHOTOGRAPHIC MEMORY","orienteer","https://www.orienteer.us","2025-08-13",NULL
"4960","new","ARLO PARKS","orienteer","https://www.orienteer.us","2025-08-13",NULL
"4961","new","FLY ANAKIN","orienteer","https://www.orienteer.us","2025-08-13",NULL
"4962","new","REX ORANGE COUNTY","orienteer","https://www.orienteer.us","2025-08-13",NULL
"4963","new","SAHBABII","orienteer","https://www.orienteer.us","2025-08-13",NULL
"4964","new","DAVE","orienteer","https://www.orienteer.us","2025-08-13",NULL
"4965","new","QUANNNIC","orienteer","https://www.orienteer.us","2025-08-13",NULL
"4966","new","OMAR APOLLO","orienteer","https://www.orienteer.us","2025-08-13",NULL
"4967","new","RINA SAWAYAMA","orienteer","https://www.orienteer.us","2025-08-13",NULL
"4968","new","SID SRIRAM","orienteer","https://www.orienteer.us","2025-08-13",NULL
"4969","new","LAUREN TSAI","orienteer","https://www.orienteer.us","2025-08-13",NULL
"4970","new","NICK HAKIM","orienteer","https://www.orienteer.us","2025-08-13",NULL
"4971","new","ALISSIA","orienteer","https://www.orienteer.us","2025-08-13",NULL
"4972","new","NATANYA","orienteer","https://www.orienteer.us","2025-08-13",NULL
"4973","new","SKIIFALL","orienteer","https://www.orienteer.us","2025-08-13",NULL
"4974","new","VICTONY","orienteer","https://www.orienteer.us","2025-08-13",NULL
"4975","new","CRUSHED","orienteer","https://www.orienteer.us","2025-08-13",NULL
"4976","new","DUENDITA","orienteer","https://www.orienteer.us","2025-08-13",NULL
"4977","new","CKTRL","orienteer","https://www.orienteer.us","2025-08-13",NULL
"4978","new","SAM AUSTINS","orienteer","https://www.orienteer.us","2025-08-13",NULL
"4979","new","DEHD","orienteer","https://www.orienteer.us","2025-08-13",NULL
"4980","new","BABYLON","orienteer","https://www.orienteer.us","2025-08-13",NULL
"4981","new","ARC DE SOLEIL","orienteer","https://www.orienteer.us","2025-08-13",NULL
"4982","new","TORO Y MOI","orienteer","https://www.orienteer.us","2025-08-13",NULL
"4983","new","LEWIS OFMAN","orienteer","https://www.orienteer.us","2025-08-13",NULL
"4984","new","MOSES SUMNEY","orienteer","https://www.orienteer.us","2025-08-13",NULL
"4985","new","PINK SIIFU","orienteer","https://www.orienteer.us","2025-08-13",NULL
"4986","new","YUKIMI","orienteer","https://www.orienteer.us","2025-08-13",NULL
"4987","new","54 ULTRA","orienteer","https://www.orienteer.us","2025-08-13",NULL
"4988","new","KING KRULE","orienteer","https://www.orienteer.us","2025-08-13",NULL
"4989","new","100 GECS","orienteer","https://www.orienteer.us","2025-08-13",NULL
"4990","new","MILITARIE GUN","orienteer","https://www.orienteer.us","2025-08-13",NULL
"4991","new","SMERZ","orienteer","https://www.orienteer.us","2025-08-13",NULL
"4992","new","QUINN","orienteer","https://www.orienteer.us","2025-08-13",NULL
"4993","new","DENZEL CURRY","orienteer","https://www.orienteer.us","2025-08-13",NULL
"4994","new","MIKE","orienteer","https://www.orienteer.us","2025-08-13",NULL
"4995","new","EMPRESS OF","orienteer","https://www.orienteer.us","2025-08-13",NULL
"4996","new","MICK JENKINS","orienteer","https://www.orienteer.us","2025-08-13",NULL
"4997","new","CASEY MQ","orienteer","https://www.orienteer.us","2025-08-13",NULL
"4998","new","NXWORRIES","orienteer","https://www.orienteer.us","2025-08-13",NULL
"4999","new","KAYTRANADA","orienteer","https://www.orienteer.us","2025-08-13",NULL
"5000","new","MONTELL FISH","orienteer","https://www.orienteer.us","2025-08-13",NULL
"5001","new","POPCAAN","orienteer","https://www.orienteer.us","2025-08-13",NULL
"5002","new","REDVEIL","orienteer","https://www.orienteer.us","2025-08-13",NULL
"5003","new","GESAFFELSTEIN","orienteer","https://www.orienteer.us","2025-08-13",NULL
"5004","new","PROVOKER","orienteer","https://www.orienteer.us","2025-08-13",NULL
"5005","new","MAC MILLER","orienteer","https://www.orienteer.us","2025-08-13",NULL
"5006","new","NILÜFER YANYA","orienteer","https://www.orienteer.us","2025-08-13",NULL
"5007","new","070 SHAKE","orienteer","https://www.orienteer.us","2025-08-13",NULL
"5008","new","COHEED AND CAMBRIA","orienteer","https://www.orienteer.us","2025-08-13",NULL
"5009","new","OKLOU","orienteer","https://www.orienteer.us","2025-08-13",NULL
"5010","new","KORN","orienteer","https://www.orienteer.us","2025-08-13",NULL
"5011","new","NIAMBI","orienteer","https://www.orienteer.us","2025-08-13",NULL
"5012","new","OURI","orienteer","https://www.orienteer.us","2025-08-13",NULL
"5013","new","RAVEENA","orienteer","https://www.orienteer.us","2025-08-13",NULL
"5014","new","WAVVES","orienteer","https://www.orienteer.us","2025-08-13",NULL
"5015","new","SEGA BODEGA","orienteer","https://www.orienteer.us","2025-08-13",NULL
"5016","new","ANGÉLIQUE KIDJO","orienteer","https://www.orienteer.us","2025-08-13",NULL
"5017","new","TOPS","orienteer","https://www.orienteer.us","2025-08-13",NULL
"5018","new","AMINÉ","orienteer","https://www.orienteer.us","2025-08-13",NULL
"5019","new","JÁNA","orienteer","https://www.orienteer.us","2025-08-13",NULL
"5020","new","KOFFEE","orienteer","https://www.orienteer.us","2025-08-13",NULL
"5021","new","ADÉLA","orienteer","https://www.orienteer.us","2025-08-13",NULL
"5022","new","ROCKSTAR GAMES","orienteer","https://www.orienteer.us","2025-08-13",NULL
"5023","new","YUNÉ PINKU","orienteer","https://www.orienteer.us","2025-08-13",NULL
"5024","new","HUDSON MOHAWKE","orienteer","https://www.orienteer.us","2025-08-13",NULL
"5025","new","NUSAR3000","orienteer","https://www.orienteer.us","2025-08-13",NULL
"5026","new","URIKA'S BEDROOM","orienteer","https://www.orienteer.us","2025-08-13",NULL
"5027","new","SUPERFAN","orienteer","https://www.orienteer.us","2025-08-13",NULL
"5028","new","CANDY","orienteer","https://www.orienteer.us","2025-08-13",NULL
"5029","new","FROST CHILDREN","orienteer","https://www.orienteer.us","2025-08-13",NULL
"5030","new","PA SALIEU","orienteer","https://www.orienteer.us","2025-08-13",NULL
"5031","new","YAYA BEY","orienteer","https://www.orienteer.us","2025-08-13",NULL
"5032","new","NATE SIB","orienteer","https://www.orienteer.us","2025-08-13",NULL
"5033","new","ISABELLA LOVESTORY","orienteer","https://www.orienteer.us","2025-08-13",NULL
"5034","new","NONAME","orienteer","https://www.orienteer.us","2025-08-13",NULL
"5035","new","BENÉT","orienteer","https://www.orienteer.us","2025-08-13",NULL
"5036","new","COCO & CLAIR CLAIR","orienteer","https://www.orienteer.us","2025-08-13",NULL
"5037","new","TNGHT","orienteer","https://www.orienteer.us","2025-08-13",NULL
"5038","new","MUSTAFA","orienteer","https://www.orienteer.us","2025-08-13",NULL
"5039","new","WET","orienteer","https://www.orienteer.us","2025-08-13",NULL
"5040","new","DEB NEVER","orienteer","https://www.orienteer.us","2025-08-13",NULL
"5041","new","RALPHIE CHOO","orienteer","https://www.orienteer.us","2025-08-13",NULL
"5042","new","OPEN MIKE EAGLE","orienteer","https://www.orienteer.us","2025-08-13",NULL
"5043","new","ENUMCLAW","orienteer","https://www.orienteer.us","2025-08-13",NULL
"5044","new","GEESE","orienteer","https://www.orienteer.us","2025-08-13",NULL
"5045","new","CUCO","orienteer","https://www.orienteer.us","2025-08-13",NULL
"5046","new","NOTHING","orienteer","https://www.orienteer.us","2025-08-13",NULL
"5047","new","Joeboy","murraychalmers","https://www.murraychalmers.com","2025-08-13",NULL
"5048","new","GIFT","murraychalmers","https://www.murraychalmers.com","2025-08-13",NULL
"5049","new","Ian Brown","murraychalmers","https://www.murraychalmers.com","2025-08-13",NULL
"5050","new","The Stone Roses","murraychalmers","https://www.murraychalmers.com","2025-08-13",NULL
"5051","new","Stefflon Don","murraychalmers","https://www.murraychalmers.com","2025-08-13",NULL
"5052","new","ODESZA","murraychalmers","https://www.murraychalmers.com","2025-08-13",NULL
"5053","new","THUS LOVE","murraychalmers","https://www.murraychalmers.com","2025-08-13",NULL
"5054","new","Garbage","murraychalmers","https://www.murraychalmers.com","2025-08-13",NULL
"5055","new","Casey Lowery","murraychalmers","https://www.murraychalmers.com","2025-08-13",NULL
"5056","new","Alesso","murraychalmers","https://www.murraychalmers.com","2025-08-13",NULL
"5057","new","NEW ORDER","murraychalmers","https://www.murraychalmers.com","2025-08-13",NULL
"5058","new","Rose McGowan","murraychalmers","https://www.murraychalmers.com","2025-08-13",NULL
"5059","new","Morgan","murraychalmers","https://www.murraychalmers.com","2025-08-13",NULL
"5060","new","Yoko Ono","murraychalmers","https://www.murraychalmers.com","2025-08-13",NULL
"5061","new","Kate Bush","murraychalmers","https://www.murraychalmers.com","2025-08-13",NULL
"5062","new","Chad Lawson","murraychalmers","https://www.murraychalmers.com","2025-08-13",NULL
"5063","new","Blossoms","murraychalmers","https://www.murraychalmers.com","2025-08-13",NULL
"5064","new","Pet Shop Boys","murraychalmers","https://www.murraychalmers.com","2025-08-13",NULL
"5065","new","Radiohead","murraychalmers","https://www.murraychalmers.com","2025-08-13",NULL
"5066","new","HER PICTURE","murraychalmers","https://www.murraychalmers.com","2025-08-13",NULL
"5067","new","Josh Baker","murraychalmers","https://www.murraychalmers.com","2025-08-13",NULL
"5068","new","Robbie Williams","murraychalmers","https://www.murraychalmers.com","2025-08-13",NULL
"5069","new","Slick Rick","murraychalmers","https://www.murraychalmers.com","2025-08-13",NULL
"5070","new","Green Day","murraychalmers","https://www.murraychalmers.com","2025-08-13",NULL
"5071","new","Bakey","murraychalmers","https://www.murraychalmers.com","2025-08-13",NULL
"5072","new","Young Jonn","murraychalmers","https://www.murraychalmers.com","2025-08-13",NULL
"5073","new","Ayda Field Williams","murraychalmers","https://www.murraychalmers.com","2025-08-13",NULL
"5074","new","THOM YORKE","murraychalmers","https://www.murraychalmers.com","2025-08-13",NULL
"5075","new","James","murraychalmers","https://www.murraychalmers.com","2025-08-13",NULL
"5076","new","Unicef Blue Vinyl","murraychalmers","https://www.murraychalmers.com","2025-08-13",NULL
"5077","new","Julian Casablancas","murraychalmers","https://www.murraychalmers.com","2025-08-13",NULL
"5078","new","MUTUAL BENEFIT","murraychalmers","https://www.murraychalmers.com","2025-08-13",NULL
"5079","new","Nitin Sawhney","murraychalmers","https://www.murraychalmers.com","2025-08-13",NULL
"5080","new","Avicii","murraychalmers","https://www.murraychalmers.com","2025-08-13",NULL
"5081","new","Michael Rother","murraychalmers","https://www.murraychalmers.com","2025-08-13",NULL
"5082","new","Somadina","murraychalmers","https://www.murraychalmers.com","2025-08-13",NULL
"5083","new","Paloma Faith","murraychalmers","https://www.murraychalmers.com","2025-08-13",NULL
"5084","new","NoSo","murraychalmers","https://www.murraychalmers.com","2025-08-13",NULL
"5085","new","Headie One","murraychalmers","https://www.murraychalmers.com","2025-08-13",NULL
"5086","new","CAAMP","murraychalmers","https://www.murraychalmers.com","2025-08-13",NULL
"5087","new","Alessia Cara","chuffmedia","https://chuffmedia.com","2025-08-13",NULL
"5088","new","Jim Jefferies","chuffmedia","https://chuffmedia.com","2025-08-13",NULL
"5089","new","Jamie T","chuffmedia","https://chuffmedia.com","2025-08-13",NULL
"5090","new","Freya Skye","chuffmedia","https://chuffmedia.com","2025-08-13",NULL
"5091","new","W.A.S.P.","chuffmedia","https://chuffmedia.com","2025-08-13",NULL
"5092","new","Horrible Histories Live On Stage: Barmy Britain The Best Bits!","chuffmedia","https://chuffmedia.com","2025-08-13",NULL
"5093","new","Eminem","chuffmedia","https://chuffmedia.com","2025-08-13",NULL
"5094","new","Jacob Alon","chuffmedia","https://chuffmedia.com","2025-08-13",NULL
"5095","new","The Mysterines","chuffmedia","https://chuffmedia.com","2025-08-13",NULL
"5096","new","Jax Jones","chuffmedia","https://chuffmedia.com","2025-08-13",NULL
"5097","new","Bring Me The Horizon","chuffmedia","https://chuffmedia.com","2025-08-13",NULL
"5098","new","Reverend & The Makers","chuffmedia","https://chuffmedia.com","2025-08-13",NULL
"5099","new","Norah Jones","chuffmedia","https://chuffmedia.com","2025-08-13",NULL
"5100","new","Royel Otis","chuffmedia","https://chuffmedia.com","2025-08-13",NULL
"5101","new","hard life","chuffmedia","https://chuffmedia.com","2025-08-13",NULL
"5102","new","Liana Flores","chuffmedia","https://chuffmedia.com","2025-08-13",NULL
"5103","new","An Audience with Coronation Street","chuffmedia","https://chuffmedia.com","2025-08-13",NULL
"5104","new","Jehnny Beth","chuffmedia","https://chuffmedia.com","2025-08-13",NULL
"5105","new","Katy Perry","chuffmedia","https://chuffmedia.com","2025-08-13",NULL
"5106","new","The Good, The Bad & The Rugby","chuffmedia","https://chuffmedia.com","2025-08-13",NULL
"5107","new","Maggie Rogers","chuffmedia","https://chuffmedia.com","2025-08-13",NULL
"5108","new","FLETCHER","chuffmedia","https://chuffmedia.com","2025-08-13",NULL
"5109","new","Remi Wolf","chuffmedia","https://chuffmedia.com","2025-08-13",NULL
"5110","new","Reneé Rapp","chuffmedia","https://chuffmedia.com","2025-08-13",NULL
"5111","new","Celeste","chuffmedia","https://chuffmedia.com","2025-08-13",NULL
"5112","new","boygenius","chuffmedia","https://chuffmedia.com","2025-08-13",NULL
"5113","new","The Stranglers","chuffmedia","https://chuffmedia.com","2025-08-13",NULL
"5114","new","Jo Whiley's 90s Anthems","chuffmedia","https://chuffmedia.com","2025-08-13",NULL
"5115","new","mgk","chuffmedia","https://chuffmedia.com","2025-08-13",NULL
"5116","new","Morgan Wallen","chuffmedia","https://chuffmedia.com","2025-08-13",NULL
"5117","new","HAIM","chuffmedia","https://chuffmedia.com","2025-08-13",NULL
"5118","new","Cynthia Erivo","chuffmedia","https://chuffmedia.com","2025-08-13",NULL
"5119","new","What’s Love Got To Do With It?","chuffmedia","https://chuffmedia.com","2025-08-13",NULL
"5120","new","Alessi Rose","chuffmedia","https://chuffmedia.com","2025-08-13",NULL
"5121","new","Day Fever","chuffmedia","https://chuffmedia.com","2025-08-13",NULL
"5122","new","Drax Project","chuffmedia","https://chuffmedia.com","2025-08-13",NULL
"5123","new","Only The Poets","chuffmedia","https://chuffmedia.com","2025-08-13",NULL
"5124","new","Good Neighbours","chuffmedia","https://chuffmedia.com","2025-08-13",NULL
"5125","new","Self Esteem","chuffmedia","https://chuffmedia.com","2025-08-13",NULL
"5126","new","Olivia Rodrigo","chuffmedia","https://chuffmedia.com","2025-08-13",NULL
"5127","new","Michael Kiwanuka","chuffmedia","https://chuffmedia.com","2025-08-13",NULL
"5128","new","The Itch","chuffmedia","https://chuffmedia.com","2025-08-13",NULL
"5129","new","Party In The Paddock","chuffmedia","https://chuffmedia.com","2025-08-13",NULL
"5130","new","Cian Ducrot","chuffmedia","https://chuffmedia.com","2025-08-13",NULL
"5131","new","Tame Impala","chuffmedia","https://chuffmedia.com","2025-08-13",NULL
"5132","new","Gracie Abrams","chuffmedia","https://chuffmedia.com","2025-08-13",NULL
"5133","new","Becky Hill","chuffmedia","https://chuffmedia.com","2025-08-13",NULL
"5134","new","Sports Team","chuffmedia","https://chuffmedia.com","2025-08-13",NULL
"5135","new","Billie Marten","chuffmedia","https://chuffmedia.com","2025-08-13",NULL
"5136","new","Sam Fender","chuffmedia","https://chuffmedia.com","2025-08-13",NULL
"5137","new","Lola Young","chuffmedia","https://chuffmedia.com","2025-08-13",NULL
"5138","new","Kae Tempest","chuffmedia","https://chuffmedia.com","2025-08-13",NULL
"5139","new","Holly Humberstone","chuffmedia","https://chuffmedia.com","2025-08-13",NULL
"5140","new","Calum Hood","chuffmedia","https://chuffmedia.com","2025-08-13",NULL
"5141","new","Yard Act","chuffmedia","https://chuffmedia.com","2025-08-13",NULL
"5142","new","The Big Moon","chuffmedia","https://chuffmedia.com","2025-08-13",NULL
"5143","new","The Dare","chuffmedia","https://chuffmedia.com","2025-08-13",NULL
"5144","new","Horrible Histories - The Concert","chuffmedia","https://chuffmedia.com","2025-08-13",NULL
"5145","new","Ellis J Barraclough","chuffmedia","https://chuffmedia.com","2025-08-13",NULL
"5146","new","Loyle Carner","chuffmedia","https://chuffmedia.com","2025-08-13",NULL
"5147","new","Troye Sivan","chuffmedia","https://chuffmedia.com","2025-08-13",NULL
"5148","new","Elliot James Reay","chuffmedia","https://chuffmedia.com","2025-08-13",NULL
"5149","new","Divorce","chuffmedia","https://chuffmedia.com","2025-08-13",NULL
"5150","new","The Jockey Club Live","chuffmedia","https://chuffmedia.com","2025-08-13",NULL
"5151","new","Kings Of Leon","chuffmedia","https://chuffmedia.com","2025-08-13",NULL
"5152","new","The 1975","chuffmedia","https://chuffmedia.com","2025-08-13",NULL
"5153","new","Queen of the Night - A Tribute to Whitney Houston","chuffmedia","https://chuffmedia.com","2025-08-13",NULL
"5154","new","Adrian Lyles","chuffmedia","https://chuffmedia.com","2025-08-13",NULL
"5155","new","Tom A. Smith","chuffmedia","https://chuffmedia.com","2025-08-13",NULL
"5156","new","Bradley Simpson","chuffmedia","https://chuffmedia.com","2025-08-13",NULL
"5157","new","Tom Grennan","chuffmedia","https://chuffmedia.com","2025-08-13",NULL
"5158","new","Lorde","chuffmedia","https://chuffmedia.com","2025-08-13",NULL
"5159","new","Nelly Furtado","chuffmedia","https://chuffmedia.com","2025-08-13",NULL
"5160","new","The Last Dinner Party","chuffmedia","https://chuffmedia.com","2025-08-13",NULL
"5161","new","Florence + The Machine","chuffmedia","https://chuffmedia.com","2025-08-13",NULL
"5162","new","Kids Return","chuffmedia","https://chuffmedia.com","2025-08-13",NULL
"5163","new","FC Bullard","chuffmedia","https://chuffmedia.com","2025-08-13",NULL
"5164","new","Jack Cullen","chuffmedia","https://chuffmedia.com","2025-08-13",NULL
"5165","new","Caity Baser","chuffmedia","https://chuffmedia.com","2025-08-13",NULL
"5166","new","Midge Ure","chuffmedia","https://chuffmedia.com","2025-08-13",NULL
"5167","new","U2","chuffmedia","https://chuffmedia.com","2025-08-13",NULL
"5168","new","York Racecourse","chuffmedia","https://chuffmedia.com","2025-08-13",NULL
"5169","new","Sam Smith","chuffmedia","https://chuffmedia.com","2025-08-13",NULL
"5170","new","Enter Shikari","chuffmedia","https://chuffmedia.com","2025-08-13",NULL
"5171","new","Hawkwind","chuffmedia","https://chuffmedia.com","2025-08-13",NULL
"5172","new","Sabrina Carpenter","chuffmedia","https://chuffmedia.com","2025-08-13",NULL
"5173","new","Jonas Brothers","chuffmedia","https://chuffmedia.com","2025-08-13",NULL
"5174","new","Dayglow","chuffmedia","https://chuffmedia.com","2025-08-13",NULL
"5175","new","Role Model","chuffmedia","https://chuffmedia.com","2025-08-13",NULL
"5176","new","Will Varley","chuffmedia","https://chuffmedia.com","2025-08-13",NULL
"5177","new","Victor Ray","chuffmedia","https://chuffmedia.com","2025-08-13",NULL
"5178","new","Lily Lyons","chuffmedia","https://chuffmedia.com","2025-08-13",NULL
"5179","new","The Libertines","chuffmedia","https://chuffmedia.com","2025-08-13",NULL
"5180","new","The Horrors","chuffmedia","https://chuffmedia.com","2025-08-13",NULL
"5181","new","Imagine Dragons","chuffmedia","https://chuffmedia.com","2025-08-13",NULL
"5182","new","James B Partridge","chuffmedia","https://chuffmedia.com","2025-08-13",NULL
"5183","new","Horrible Histories TERRIBLE THAMES","chuffmedia","https://chuffmedia.com","2025-08-13",NULL
"5184","new","OneRepublic","chuffmedia","https://chuffmedia.com","2025-08-13",NULL
"5185","new","Lucy Dacus","chuffmedia","https://chuffmedia.com","2025-08-13",NULL
"5186","new","Bastille","chuffmedia","https://chuffmedia.com","2025-08-13",NULL
"5187","new","Yungblud","chuffmedia","https://chuffmedia.com","2025-08-13",NULL
"5188","new","Bellah Mae","chuffmedia","https://chuffmedia.com","2025-08-13",NULL
"5189","new","The Killers","chuffmedia","https://chuffmedia.com","2025-08-13",NULL
"5190","new","Ben Platt","chuffmedia","https://chuffmedia.com","2025-08-13",NULL
"5191","new","Big Special","chuffmedia","https://chuffmedia.com","2025-08-13",NULL
"5192","new","Snow Patrol","chuffmedia","https://chuffmedia.com","2025-08-13",NULL
"5193","new","Girls Don't Sync","chuffmedia","https://chuffmedia.com","2025-08-13",NULL
"5194","new","Backyard Cinema Presents Romeo + Juliet","chuffmedia","https://chuffmedia.com","2025-08-13",NULL
"5195","new","Olivia Dean","chuffmedia","https://chuffmedia.com","2025-08-13",NULL
"5196","new","Fozzy","chuffmedia","https://chuffmedia.com","2025-08-13",NULL
"5197","new","Paloma Faith","chuffmedia","https://chuffmedia.com","2025-08-13",NULL
"5198","new","almost monday","chuffmedia","https://chuffmedia.com","2025-08-13",NULL
"5199","new","Inhaler","chuffmedia","https://chuffmedia.com","2025-08-13",NULL
"5200","new","TOOL","chuffmedia","https://chuffmedia.com","2025-08-13",NULL
"5201","new","Lady Gaga","chuffmedia","https://chuffmedia.com","2025-08-13",NULL
"5202","new","Kaeto","chuffmedia","https://chuffmedia.com","2025-08-13",NULL
"5203","new","Horrible Histories Live On Stage: Terrible Tudors & Awful Egyptians","chuffmedia","https://chuffmedia.com","2025-08-13",NULL
"5204","new","JIM PETERIK’S WORLD STAGE","tkoco","http://tkoco.com","2025-08-13",NULL
"5205","new","JARET RAY REDDICK","tkoco","http://tkoco.com","2025-08-13",NULL
"5206","new","KURT DEIMER","tkoco","http://tkoco.com","2025-08-13",NULL
"5207","new","ATLAS","tkoco","http://tkoco.com","2025-08-13",NULL
"5208","new","SOIL","tkoco","http://tkoco.com","2025-08-13",NULL
"5209","new","HAMMERFALL","tkoco","http://tkoco.com","2025-08-13",NULL
"5210","new","AS DECEMBER FALLS","tkoco","http://tkoco.com","2025-08-13",NULL
"5211","new","DRIVEWAYS","tkoco","http://tkoco.com","2025-08-13",NULL
"5212","new","W.A.S.P.","tkoco","http://tkoco.com","2025-08-13",NULL
"5213","new","COREY GLOVER","tkoco","http://tkoco.com","2025-08-13",NULL
"5214","new","SLIM JIM PHANTOM","tkoco","http://tkoco.com","2025-08-13",NULL
"5215","new","EVERY AVENUE","tkoco","http://tkoco.com","2025-08-13",NULL
"5216","new","KEEP FLYING","tkoco","http://tkoco.com","2025-08-13",NULL
"5217","new","HEATHER LAND","tkoco","http://tkoco.com","2025-08-13",NULL
"5218","new","ALAN HEWITT & ONE NATION","tkoco","http://tkoco.com","2025-08-13",NULL
"5219","new","FLYING COLORS","tkoco","http://tkoco.com","2025-08-13",NULL
"5220","new","RENESANS","tkoco","http://tkoco.com","2025-08-13",NULL
"5221","new","ROBIN ZANDER BAND","tkoco","http://tkoco.com","2025-08-13",NULL
"5222","new","The Dictators","tkoco","http://tkoco.com","2025-08-13",NULL
"5223","new","STITCHED UP HEART","tkoco","http://tkoco.com","2025-08-13",NULL
"5224","new","GHOST BATH","tkoco","http://tkoco.com","2025-08-13",NULL
"5225","new","PSYCROPTIC","tkoco","http://tkoco.com","2025-08-13",NULL
"5226","new","BRITTON EMERT","tkoco","http://tkoco.com","2025-08-13",NULL
"5227","new","BILLY SQUIER","tkoco","http://tkoco.com","2025-08-13",NULL
"5228","new","PRONG","tkoco","http://tkoco.com","2025-08-13",NULL
"5229","new","CLOSE ENEMIES","tkoco","http://tkoco.com","2025-08-13",NULL
"5230","new","NERF HERDER","tkoco","http://tkoco.com","2025-08-13",NULL
"5231","new","TAILGUNNER","tkoco","http://tkoco.com","2025-08-13",NULL
"5232","new","VULVODYNIA","tkoco","http://tkoco.com","2025-08-13",NULL
"5233","new","BLUE ÖYSTER CULT","tkoco","http://tkoco.com","2025-08-13",NULL
"5234","new","BLEU EDMONDSON","tkoco","http://tkoco.com","2025-08-13",NULL
"5235","new","FOZZY","tkoco","http://tkoco.com","2025-08-13",NULL
"5236","new","MR. BIG","tkoco","http://tkoco.com","2025-08-13",NULL
"5237","new","STATIC-X","tkoco","http://tkoco.com","2025-08-13",NULL
"5238","new","MICHAEL MONROE","tkoco","http://tkoco.com","2025-08-13",NULL
"5239","new","LOUIS PRIMA JR & THE WITNESSES","tkoco","http://tkoco.com","2025-08-13",NULL
"5240","new","PHIL ANSELMO  & THE ILLEGALS","tkoco","http://tkoco.com","2025-08-13",NULL
"5241","new","SCARLET REBELS","tkoco","http://tkoco.com","2025-08-13",NULL
"5242","new","EMBRYONIC AUTOPSY","tkoco","http://tkoco.com","2025-08-13",NULL
"5243","new","OPPRESSOR","tkoco","http://tkoco.com","2025-08-13",NULL
"5244","new","PRIDE OF LIONS","tkoco","http://tkoco.com","2025-08-13",NULL
"5245","new","HOTBOX","tkoco","http://tkoco.com","2025-08-13",NULL
"5246","new","KING BEES","tkoco","http://tkoco.com","2025-08-13",NULL
"5247","new","PAUL GILBERT","tkoco","http://tkoco.com","2025-08-13",NULL
"5248","new","UFO","tkoco","http://tkoco.com","2025-08-13",NULL
"5249","new","MOTOR SISTER","tkoco","http://tkoco.com","2025-08-13",NULL
"5250","new","SHERPHERDS REIGN","tkoco","http://tkoco.com","2025-08-13",NULL
"5251","new","THE RASCALS","tkoco","http://tkoco.com","2025-08-13",NULL
"5252","new","DED","tkoco","http://tkoco.com","2025-08-13",NULL
"5253","new","SWALLOW THE SUN","tkoco","http://tkoco.com","2025-08-13",NULL
"5254","new","THE SPILL CANVAS","tkoco","http://tkoco.com","2025-08-13",NULL
"5255","new","HALOCENE","tkoco","http://tkoco.com","2025-08-13",NULL
"5256","new","JONATHAN CAIN","tkoco","http://tkoco.com","2025-08-13",NULL
"5257","new","FATES WARNING","tkoco","http://tkoco.com","2025-08-13",NULL
"5258","new","MEST","tkoco","http://tkoco.com","2025-08-13",NULL
"5259","new","DEADGRASS","tkoco","http://tkoco.com","2025-08-13",NULL
"5260","new","THE SILENT COMEDY","tkoco","http://tkoco.com","2025-08-13",NULL
"5261","new","DROWNING POOL","tkoco","http://tkoco.com","2025-08-13",NULL
"5262","new","DAVE DAVIES OF THE KINKS","tkoco","http://tkoco.com","2025-08-13",NULL
"5263","new","DEADLY APPLES","tkoco","http://tkoco.com","2025-08-13",NULL
"5264","new","HORRENDOUS","tkoco","http://tkoco.com","2025-08-13",NULL
"5265","new","A KILLERS CONFESSION","tkoco","http://tkoco.com","2025-08-13",NULL
"5266","new","ROBBY KRIEGER","tkoco","http://tkoco.com","2025-08-13",NULL
"5267","new","THE ROCKET SUMMER","tkoco","http://tkoco.com","2025-08-13",NULL
"5268","new","DOPE","tkoco","http://tkoco.com","2025-08-13",NULL
"5269","new","CROBOT","tkoco","http://tkoco.com","2025-08-13",NULL
"5270","new","ADELITAS WAY","tkoco","http://tkoco.com","2025-08-13",NULL
"5271","new","ABE PARTRIDGE","tkoco","http://tkoco.com","2025-08-13",NULL
"5272","new","FEAR FACTORY","tkoco","http://tkoco.com","2025-08-13",NULL
"5273","new","ACCEPT","tkoco","http://tkoco.com","2025-08-13",NULL
"5274","new","MOON FEVER","tkoco","http://tkoco.com","2025-08-13",NULL
"5275","new","JARED JAMES NICHOLS","tkoco","http://tkoco.com","2025-08-13",NULL
"5276","new","RICHIE RAMONE","tkoco","http://tkoco.com","2025-08-13",NULL
"5277","new","FINGER ELEVEN","tkoco","http://tkoco.com","2025-08-13",NULL
"5278","new","EDGE OF PARADISE","tkoco","http://tkoco.com","2025-08-13",NULL
"5279","new","HANK 3","tkoco","http://tkoco.com","2025-08-13",NULL
"5280","new","UNREQVITED","tkoco","http://tkoco.com","2025-08-13",NULL
"5281","new","KASIM SULTON’S UTOPIA","tkoco","http://tkoco.com","2025-08-13",NULL
"5282","new","SKINDRED","tkoco","http://tkoco.com","2025-08-13",NULL
"5283","new","REVOCATION","tkoco","http://tkoco.com","2025-08-13",NULL
"5284","new","PARTY CANNON","tkoco","http://tkoco.com","2025-08-13",NULL
"5285","new","CHARLIE FARLEY","tkoco","http://tkoco.com","2025-08-13",NULL
"5286","new","AUSTIN MARTIN & THE HERD","tkoco","http://tkoco.com","2025-08-13",NULL
"5287","new","THE IDES OF MARCH WITH JIM PETERIK","tkoco","http://tkoco.com","2025-08-13",NULL
"5288","new","SHADOWS FALL","tkoco","http://tkoco.com","2025-08-13",NULL
"5289","new","LOCAL H","tkoco","http://tkoco.com","2025-08-13",NULL
"5290","new","DOLL SKIN","tkoco","http://tkoco.com","2025-08-13",NULL
"5291","new","DON’T PANIC","tkoco","http://tkoco.com","2025-08-13",NULL
"5292","new","SIX FEET UNDER","tkoco","http://tkoco.com","2025-08-13",NULL
"5293","new","THE STRING REVOLUTION","tkoco","http://tkoco.com","2025-08-13",NULL
"5294","new","UADA","tkoco","http://tkoco.com","2025-08-13",NULL
"5295","new","CRADLE OF FILTH","tkoco","http://tkoco.com","2025-08-13",NULL
"5296","new","LEVELS","tkoco","http://tkoco.com","2025-08-13",NULL
"5297","new","SCOTT IAN","tkoco","http://tkoco.com","2025-08-13",NULL
"5298","new","THE 69 EYES","tkoco","http://tkoco.com","2025-08-13",NULL
"5299","new","BRETT SCALLIONS AUPARAFANT FUEL","tkoco","http://tkoco.com","2025-08-13",NULL
"5300","new","DROPOUT KINGS","tkoco","http://tkoco.com","2025-08-13",NULL
"5301","new","JOHN BAUMANN","tkoco","http://tkoco.com","2025-08-13",NULL
"5302","new","JACKRABBIT","tkoco","http://tkoco.com","2025-08-13",NULL
"5303","new","DEMUN JONES","tkoco","http://tkoco.com","2025-08-13",NULL
"5304","new","JUSTIN WELLS","tkoco","http://tkoco.com","2025-08-13",NULL
"5305","new","WORMHOLE","tkoco","http://tkoco.com","2025-08-13",NULL
"5306","new","CHERRY BOMBS","tkoco","http://tkoco.com","2025-08-13",NULL
"5307","new","THE UNION UNDERGROUND","tkoco","http://tkoco.com","2025-08-13",NULL
"5308","new","BERLIN","tkoco","http://tkoco.com","2025-08-13",NULL
"5309","new","MINA CAPUTO","tkoco","http://tkoco.com","2025-08-13",NULL
"5310","new","MORBID ANGEL","tkoco","http://tkoco.com","2025-08-13",NULL
"5311","new","THE GREAT DIVIDE","tkoco","http://tkoco.com","2025-08-13",NULL
"5312","new","ANTHONY GOMES","tkoco","http://tkoco.com","2025-08-13",NULL
"5313","new","SLAMWICH","tkoco","http://tkoco.com","2025-08-13",NULL
"5314","new","BLOOD, SWEAT, AND TEARS","tkoco","http://tkoco.com","2025-08-13",NULL
"5315","new","ORGY","tkoco","http://tkoco.com","2025-08-13",NULL
"5316","new","SOUTH OF SALEM","tkoco","http://tkoco.com","2025-08-13",NULL
"5317","new","THE TREATMENT","tkoco","http://tkoco.com","2025-08-13",NULL
"5318","new","THANTIFAXATH","tkoco","http://tkoco.com","2025-08-13",NULL
"5319","new","DJANGO WALKER","tkoco","http://tkoco.com","2025-08-13",NULL
"5320","new","EXTERMINATION DISMEMBERMENT","tkoco","http://tkoco.com","2025-08-13",NULL
"5321","new","RITTZ","tkoco","http://tkoco.com","2025-08-13",NULL
"5322","new","TRISTAN ROBERSON","tkoco","http://tkoco.com","2025-08-13",NULL
"5323","new","SICKSENSE","tkoco","http://tkoco.com","2025-08-13",NULL
"5324","new","BUCKCHERRY","tkoco","http://tkoco.com","2025-08-13",NULL
"5325","new","LUCKY CHOPS","tkoco","http://tkoco.com","2025-08-13",NULL
"5326","new","ORIANTHI","tkoco","http://tkoco.com","2025-08-13",NULL
"5327","new","TARJA TURUNEN","tkoco","http://tkoco.com","2025-08-13",NULL
"5328","new","UNTIL I WAKE","tkoco","http://tkoco.com","2025-08-13",NULL
"5329","new","ERIC MARTIN","tkoco","http://tkoco.com","2025-08-13",NULL
"5330","new","FILTER","tkoco","http://tkoco.com","2025-08-13",NULL
"5331","new","SEPTEMBER MOURNING","tkoco","http://tkoco.com","2025-08-13",NULL
"5332","new","OLLIE WRIDE","tkoco","http://tkoco.com","2025-08-13",NULL
"5333","new","THE MOONSHINE BANDITS","tkoco","http://tkoco.com","2025-08-13",NULL
"5334","new","JC BROOKS","tkoco","http://tkoco.com","2025-08-13",NULL
"5335","new","THE NELSONS","tkoco","http://tkoco.com","2025-08-13",NULL
"5336","new","YÄCHTLEY CRËW","tkoco","http://tkoco.com","2025-08-13",NULL
"5337","new","BLACKBRIAR","tkoco","http://tkoco.com","2025-08-13",NULL
"5338","new","RED","tkoco","http://tkoco.com","2025-08-13",NULL
"5339","new","WEDNESDAY 13","tkoco","http://tkoco.com","2025-08-13",NULL
"5340","new","GRAPHIC NATURE","tkoco","http://tkoco.com","2025-08-13",NULL
"5341","new","HARAKIRI FOR THE SKY","tkoco","http://tkoco.com","2025-08-13",NULL
"5342","new","METAL CHURCH","tkoco","http://tkoco.com","2025-08-13",NULL
"5343","new","VITRIOL","tkoco","http://tkoco.com","2025-08-13",NULL
"5344","new","KRIS BARRAS","tkoco","http://tkoco.com","2025-08-13",NULL
"5345","new","RA","tkoco","http://tkoco.com","2025-08-13",NULL
"5346","new","THE WINERY DOGS","tkoco","http://tkoco.com","2025-08-13",NULL
"5347","new","SIERRA","tkoco","http://tkoco.com","2025-08-13",NULL
"5348","new","HIGH PARASITE","tkoco","http://tkoco.com","2025-08-13",NULL
"5349","new","EKOH","tkoco","http://tkoco.com","2025-08-13",NULL
"5350","new","NILE","tkoco","http://tkoco.com","2025-08-13",NULL
"5351","new","AMERICAN HI-FI","tkoco","http://tkoco.com","2025-08-13",NULL
"5352","new","LINES OF LOYALTY","tkoco","http://tkoco.com","2025-08-13",NULL
"5353","new","KAREN WALDRUP","tkoco","http://tkoco.com","2025-08-13",NULL
"5354","new","SUMMONING THE LICH","tkoco","http://tkoco.com","2025-08-13",NULL
"5355","new","MIKE’S DEAD","tkoco","http://tkoco.com","2025-08-13",NULL
"5356","new","10 YEARS","tkoco","http://tkoco.com","2025-08-13",NULL
"5357","new","FIREBALL MINISTRY","tkoco","http://tkoco.com","2025-08-13",NULL
"5358","new","THE LAST VEGAS","tkoco","http://tkoco.com","2025-08-13",NULL
"5359","new","MUSHROOMHEAD","tkoco","http://tkoco.com","2025-08-13",NULL
"5360","new","INME","tkoco","http://tkoco.com","2025-08-13",NULL
"5361","new","KAKI KING","tkoco","http://tkoco.com","2025-08-13",NULL
"5362","new","FLIGHT ATTENDANT","tkoco","http://tkoco.com","2025-08-13",NULL
"5363","new","THE DAMNED THINGS","tkoco","http://tkoco.com","2025-08-13",NULL
"5364","new","SELFISH SONS","tkoco","http://tkoco.com","2025-08-13",NULL
"5365","new","MILES NIELSEN & THE RUSTED HEARTS","tkoco","http://tkoco.com","2025-08-13",NULL
"5366","new","COLD","tkoco","http://tkoco.com","2025-08-13",NULL
"5367","new","ALBERT BOUCHARD – IMAGINOS","tkoco","http://tkoco.com","2025-08-13",NULL
"5368","new","FRAMING HANLEY","tkoco","http://tkoco.com","2025-08-13",NULL
"5369","new","LEO SAYER","tkoco","http://tkoco.com","2025-08-13",NULL
"5370","new","DISHWALLA","tkoco","http://tkoco.com","2025-08-13",NULL
"5371","new","LILIAC","tkoco","http://tkoco.com","2025-08-13",NULL
"5372","new","DD VERNI","tkoco","http://tkoco.com","2025-08-13",NULL
"5373","new","SUNDOWN47","tkoco","http://tkoco.com","2025-08-13",NULL
"5374","new","JAMES AND THE COLD GUN","tkoco","http://tkoco.com","2025-08-13",NULL
"5375","new","H.E.A.T.","tkoco","http://tkoco.com","2025-08-13",NULL
"5376","new","CAGE FIGHT","tkoco","http://tkoco.com","2025-08-13",NULL
"5377","new","LOWLIVES","tkoco","http://tkoco.com","2025-08-13",NULL
"5378","new","PLATINUM MOON","tkoco","http://tkoco.com","2025-08-13",NULL
"5379","new","LIVING COLOUR","tkoco","http://tkoco.com","2025-08-13",NULL
"5380","new","ADAM WARNER","tkoco","http://tkoco.com","2025-08-13",NULL
"5381","new","RED WANTING BLUE","tkoco","http://tkoco.com","2025-08-13",NULL
"5382","new","BAD COMPANY’S SIMON KIRKE","tkoco","http://tkoco.com","2025-08-13",NULL
"5383","new","END OF THE LINE","tkoco","http://tkoco.com","2025-08-13",NULL
"5384","new","TYLER POSEY","tkoco","http://tkoco.com","2025-08-13",NULL
"5385","new","KEITH WALLEN","tkoco","http://tkoco.com","2025-08-13",NULL
"5386","new","JOEY GREEN","tkoco","http://tkoco.com","2025-08-13",NULL
"5387","new","CALIFORNIA GUITAR TRIO","tkoco","http://tkoco.com","2025-08-13",NULL
"5388","new","ENSIFERUM","tkoco","http://tkoco.com","2025-08-13",NULL
"5389","new","MY SON THE HURRICANE","tkoco","http://tkoco.com","2025-08-13",NULL
"5390","new","SARA LONGFIELD","tkoco","http://tkoco.com","2025-08-13",NULL
"5391","new","METAL ALLEGIANCE","tkoco","http://tkoco.com","2025-08-13",NULL
"5392","new","COGNITIVE","tkoco","http://tkoco.com","2025-08-13",NULL
"5393","new","BEARLY DEAD","tkoco","http://tkoco.com","2025-08-13",NULL
"5394","new","GREAT LAKE SWIMMERS","tkoco","http://tkoco.com","2025-08-13",NULL
"5395","new","ALTITUDES & ATTITUDE","tkoco","http://tkoco.com","2025-08-13",NULL
"5396","new","FRED MINNICK – SPIRITS EXPERT","tkoco","http://tkoco.com","2025-08-13",NULL
"5397","new","INCITE","tkoco","http://tkoco.com","2025-08-13",NULL
"5398","new","DANI ROSE","tkoco","http://tkoco.com","2025-08-13",NULL
"5399","new","INFERI","tkoco","http://tkoco.com","2025-08-13",NULL
"5400","new","MICHAEL SCHENKER","tkoco","http://tkoco.com","2025-08-13",NULL
"5401","new","MOTÖRHEAD","tkoco","http://tkoco.com","2025-08-13",NULL
"5402","new","ATHEIST","tkoco","http://tkoco.com","2025-08-13",NULL
"5403","new","EIGHTEEN VISIONS","tkoco","http://tkoco.com","2025-08-13",NULL
"5404","new","JOHN CORABI","tkoco","http://tkoco.com","2025-08-13",NULL
"5405","new","KORPIKLAANI","tkoco","http://tkoco.com","2025-08-13",NULL
"5406","new","TOMMY STINSON","tkoco","http://tkoco.com","2025-08-13",NULL
"5407","new","URGE OVERKILL","tkoco","http://tkoco.com","2025-08-13",NULL
"5408","new","DEADCODE","tkoco","http://tkoco.com","2025-08-13",NULL
"5409","new","TEXAS HIPPIE COALITION","tkoco","http://tkoco.com","2025-08-13",NULL
"5410","new","TOM SCOTT & THE L.A. EXPRESS","tkoco","http://tkoco.com","2025-08-13",NULL
"5411","new","OF LIMBO","tkoco","http://tkoco.com","2025-08-13",NULL
"5412","new","ADAM HOOD","tkoco","http://tkoco.com","2025-08-13",NULL
"5413","new","DESTRUCTION","tkoco","http://tkoco.com","2025-08-13",NULL
"5414","new","10cc","tkoco","http://tkoco.com","2025-08-13",NULL
"5415","new","ARMORED SAINT","tkoco","http://tkoco.com","2025-08-13",NULL
"5416","new","CHRIS BERARDO","tkoco","http://tkoco.com","2025-08-13",NULL
"5417","new","JOSH WEATHERS","tkoco","http://tkoco.com","2025-08-13",NULL
"5418","new","THE HARA","tkoco","http://tkoco.com","2025-08-13",NULL
"5419","new","ROCK CAMP ON TOUR","tkoco","http://tkoco.com","2025-08-13",NULL
"5420","new","RAYNES","tkoco","http://tkoco.com","2025-08-13",NULL
"5421","new","HECTOR TELLEZ JR","tkoco","http://tkoco.com","2025-08-13",NULL
"5422","new","IT DIES TODAY","tkoco","http://tkoco.com","2025-08-13",NULL
"5423","new","PANZERFAUST","tkoco","http://tkoco.com","2025-08-13",NULL
"5424","new","CASPER McWADE","tkoco","http://tkoco.com","2025-08-13",NULL
"5425","new","ELAYNE BOOSLER","tkoco","http://tkoco.com","2025-08-13",NULL
"5426","new","BUMBLEFOOT","tkoco","http://tkoco.com","2025-08-13",NULL
"5427","new","TAPROOT","tkoco","http://tkoco.com","2025-08-13",NULL
"5428","new","HARDCORE SUPERSTAR","tkoco","http://tkoco.com","2025-08-13",NULL
"5429","new","JONNY CRAIG","tkoco","http://tkoco.com","2025-08-13",NULL
"5430","new","ROCKETT MAFIA","tkoco","http://tkoco.com","2025-08-13",NULL
"5431","new","RICHIE KOTZEN","tkoco","http://tkoco.com","2025-08-13",NULL
"5432","new","THE RAVEN AGE","tkoco","http://tkoco.com","2025-08-13",NULL
"5433","new","SAVE FERRIS","tkoco","http://tkoco.com","2025-08-13",NULL
"5434","new","MARTY FRIEDMAN","tkoco","http://tkoco.com","2025-08-13",NULL
"5435","new","DEVILDRIVER","tkoco","http://tkoco.com","2025-08-13",NULL
"5436","new","MAKEOUT","tkoco","http://tkoco.com","2025-08-13",NULL
"5437","new","MENTAL CRUELTY","tkoco","http://tkoco.com","2025-08-13",NULL
"5438","new","ROBIN TAYLOR ZANDER","tkoco","http://tkoco.com","2025-08-13",NULL
"5439","new","RAY PARKER JR","tkoco","http://tkoco.com","2025-08-13",NULL
"5440","new","ANTHRAX","tkoco","http://tkoco.com","2025-08-13",NULL
"5441","new","BRITISH LION","tkoco","http://tkoco.com","2025-08-13",NULL
"5442","new","THE LOWDOWN DRIFTERS","tkoco","http://tkoco.com","2025-08-13",NULL
"5443","new","THE SOAPGIRLS","tkoco","http://tkoco.com","2025-08-13",NULL
"5444","new","LOST SOCIETY","tkoco","http://tkoco.com","2025-08-13",NULL
"5445","new","SONS OF TEXAS","tkoco","http://tkoco.com","2025-08-13",NULL
"5446","new","HEATHEN","tkoco","http://tkoco.com","2025-08-13",NULL
"5447","new","MOTÖRBOAT","tkoco","http://tkoco.com","2025-08-13",NULL
"5448","new","OVERKILL","tkoco","http://tkoco.com","2025-08-13",NULL
"5449","new","CINDERELLA’S TOM KEIFER","tkoco","http://tkoco.com","2025-08-13",NULL
"5450","new","SMILE EMPTY SOUL","tkoco","http://tkoco.com","2025-08-13",NULL
"5451","new","GREAT SOUTHERN","tkoco","http://tkoco.com","2025-08-13",NULL
"5452","new","KODI LEE","tkoco","http://tkoco.com","2025-08-13",NULL
"5453","new","THE ATARIS","tkoco","http://tkoco.com","2025-08-13",NULL
"5454","new","BEASTO BLANCO","tkoco","http://tkoco.com","2025-08-13",NULL
"5455","new","KARNIVOOL","tkoco","http://tkoco.com","2025-08-13",NULL
"5456","new","JEFF SKUNK BAXTER","tkoco","http://tkoco.com","2025-08-13",NULL
"5457","new","SHAMANS HARVEST","tkoco","http://tkoco.com","2025-08-13",NULL
"5458","new","PEARL","tkoco","http://tkoco.com","2025-08-13",NULL
"5459","new","THE DAMN TRUTH","tkoco","http://tkoco.com","2025-08-13",NULL
"5460","new","THE DEAD RABBITTS","tkoco","http://tkoco.com","2025-08-13",NULL
"5461","new","SNOT","tkoco","http://tkoco.com","2025-08-13",NULL
"5462","new","G.E. SMITH & LeRoy BELL","tkoco","http://tkoco.com","2025-08-13",NULL
"5463","new","THE SWEET LILLIES","tkoco","http://tkoco.com","2025-08-13",NULL
"5464","new","ADRIAN & MEREDITH","tkoco","http://tkoco.com","2025-08-13",NULL
"5465","new","RED DRAGON CARTEL","tkoco","http://tkoco.com","2025-08-13",NULL
"5466","new","WALLS OF JERICHO","tkoco","http://tkoco.com","2025-08-13",NULL
"5467","new","BLAZE YA DEAD HOMIE","tkoco","http://tkoco.com","2025-08-13",NULL
"5468","new","AEGES","tkoco","http://tkoco.com","2025-08-13",NULL
"5469","new","Tom Sandoval & The Most Extras","tkoco","http://tkoco.com","2025-08-13",NULL
"5470","new","L.A. GUNS","tkoco","http://tkoco.com","2025-08-13",NULL
"5471","new","JESSE PEYTON","tkoco","http://tkoco.com","2025-08-13",NULL
"5472","new","JOHN 5 & THE CREATURES","tkoco","http://tkoco.com","2025-08-13",NULL
"5473","new","BRADLEY GASKIN","tkoco","http://tkoco.com","2025-08-13",NULL
"5474","new","KASIM SULTON","tkoco","http://tkoco.com","2025-08-13",NULL
"5475","new","LIFE OF AGONY","tkoco","http://tkoco.com","2025-08-13",NULL
"5476","new","TRUST COMPANY","tkoco","http://tkoco.com","2025-08-13",NULL
"5477","new","VIMIC","tkoco","http://tkoco.com","2025-08-13",NULL
"5478","new","NO RESOLVE","tkoco","http://tkoco.com","2025-08-13",NULL
"5479","new","CODY PARKS & THE DIRTY SOUTH","tkoco","http://tkoco.com","2025-08-13",NULL
"5480","new","YES EPICS & CLASSICS FEATURING JON ANDERSON AND THE BAND GEEKS","tkoco","http://tkoco.com","2025-08-13",NULL
"5481","new","ONE-EYED DOLL","tkoco","http://tkoco.com","2025-08-13",NULL
"5482","new","CORNERSTONES OF ROCK","tkoco","http://tkoco.com","2025-08-13",NULL
"5483","new","BLIND MELON","tkoco","http://tkoco.com","2025-08-13",NULL
"5484","new","SUPERJOINT","tkoco","http://tkoco.com","2025-08-13",NULL
"5485","new","KK’s PRIEST","tkoco","http://tkoco.com","2025-08-13",NULL
"5486","new","ALIEN ANT FARM","tkoco","http://tkoco.com","2025-08-13",NULL
"5487","new","TRIBULATION","tkoco","http://tkoco.com","2025-08-13",NULL
"5488","new","FIRST FRAGMENT","tkoco","http://tkoco.com","2025-08-13",NULL
"5489","new","CJ Abrams","rocnation","https://www.rocnation.com","2025-08-13",NULL
"5490","new","Kayke Ferrari","rocnation","https://www.rocnation.com","2025-08-13",NULL
"5491","new","Bradley Chubb","rocnation","https://www.rocnation.com","2025-08-13",NULL
"5492","new","WilliE","rocnation","https://www.rocnation.com","2025-08-13",NULL
"5493","new","João Victor","rocnation","https://www.rocnation.com","2025-08-13",NULL
"5494","new","Alfie McNally","rocnation","https://www.rocnation.com","2025-08-13",NULL
"5495","new","Tre Trax","rocnation","https://www.rocnation.com","2025-08-13",NULL
"5496","new","Dakota Watterson","rocnation","https://www.rocnation.com","2025-08-13",NULL
"5497","new","Wilson Chandler","rocnation","https://www.rocnation.com","2025-08-13",NULL
"5498","new","Lord Sko","rocnation","https://www.rocnation.com","2025-08-13",NULL
"5499","new","Nick Hernandez","rocnation","https://www.rocnation.com","2025-08-13",NULL
"5500","new","Alexsandro","rocnation","https://www.rocnation.com","2025-08-13",NULL
"5501","new","Kevin Paredes","rocnation","https://www.rocnation.com","2025-08-13",NULL
"5502","new","Pedro Julio","rocnation","https://www.rocnation.com","2025-08-13",NULL
"5503","new","Elijah Moore","rocnation","https://www.rocnation.com","2025-08-13",NULL
"5504","new","Dez Bryant","rocnation","https://www.rocnation.com","2025-08-13",NULL
"5505","new","Tyler Lacy","rocnation","https://www.rocnation.com","2025-08-13",NULL
"5506","new","StressGods","rocnation","https://www.rocnation.com","2025-08-13",NULL
"5507","new","The LOX","rocnation","https://www.rocnation.com","2025-08-13",NULL
"5508","new","Jackson Teixeira","rocnation","https://www.rocnation.com","2025-08-13",NULL
"5509","new","Ryan Medina","rocnation","https://www.rocnation.com","2025-08-13",NULL
"5510","new","Mustard","rocnation","https://www.rocnation.com","2025-08-13",NULL
"5511","new","Anhá Candé","rocnation","https://www.rocnation.com","2025-08-13",NULL
"5512","new","Dominic Smith","rocnation","https://www.rocnation.com","2025-08-13",NULL
"5513","new","Chris Bell","rocnation","https://www.rocnation.com","2025-08-13",NULL
"5514","new","Jon Asher","rocnation","https://www.rocnation.com","2025-08-13",NULL
"5515","new","Anselmo Ramon","rocnation","https://www.rocnation.com","2025-08-13",NULL
"5516","new","Hue Jackson","rocnation","https://www.rocnation.com","2025-08-13",NULL
"5517","new","Otávio Gonçalves","rocnation","https://www.rocnation.com","2025-08-13",NULL
"5518","new","Infinity Song","rocnation","https://www.rocnation.com","2025-08-13",NULL
"5519","new","Nick Kahle","rocnation","https://www.rocnation.com","2025-08-13",NULL
"5520","new","Pedro Henrique","rocnation","https://www.rocnation.com","2025-08-13",NULL
"5521","new","James Young","rocnation","https://www.rocnation.com","2025-08-13",NULL
"5522","new","Sammy Pinnington","rocnation","https://www.rocnation.com","2025-08-13",NULL
"5523","new","Maeta","rocnation","https://www.rocnation.com","2025-08-13",NULL
"5524","new","Patrick Martin","rocnation","https://www.rocnation.com","2025-08-13",NULL
"5525","new","Gabriel Correia","rocnation","https://www.rocnation.com","2025-08-13",NULL
"5526","new","Bismark Owusu","rocnation","https://www.rocnation.com","2025-08-13",NULL
"5527","new","Todd Gurley","rocnation","https://www.rocnation.com","2025-08-13",NULL
"5528","new","Isaiah Drake","rocnation","https://www.rocnation.com","2025-08-13",NULL
"5529","new","Ntsika Fisanti","rocnation","https://www.rocnation.com","2025-08-13",NULL
"5530","new","Emile Witbooi","rocnation","https://www.rocnation.com","2025-08-13",NULL
"5531","new","Pedro Raul","rocnation","https://www.rocnation.com","2025-08-13",NULL
"5532","new","Roc Marciano","rocnation","https://www.rocnation.com","2025-08-13",NULL
"5533","new","Reuben Gokah","rocnation","https://www.rocnation.com","2025-08-13",NULL
"5534","new","Henry De La Prida","rocnation","https://www.rocnation.com","2025-08-13",NULL
"5535","new","Davi Waisman","rocnation","https://www.rocnation.com","2025-08-13",NULL
"5536","new","Big Sean","rocnation","https://www.rocnation.com","2025-08-13",NULL
"5537","new","Rafael Coutinho","rocnation","https://www.rocnation.com","2025-08-13",NULL
"5538","new","David Viana De Oliveira","rocnation","https://www.rocnation.com","2025-08-13",NULL
"5539","new","A$AP ROCKY","rocnation","https://www.rocnation.com","2025-08-13",NULL
"5540","new","Kevin Porter Jr.","rocnation","https://www.rocnation.com","2025-08-13",NULL
"5541","new","Italo Lucas","rocnation","https://www.rocnation.com","2025-08-13",NULL
"5542","new","Kerolin Nicoli","rocnation","https://www.rocnation.com","2025-08-13",NULL
"5543","new","CJ Henderson","rocnation","https://www.rocnation.com","2025-08-13",NULL
"5544","new","Jaire Alexander","rocnation","https://www.rocnation.com","2025-08-13",NULL
"5545","new","Lewis Cine","rocnation","https://www.rocnation.com","2025-08-13",NULL
"5546","new","Korede Osundina","rocnation","https://www.rocnation.com","2025-08-13",NULL
"5547","new","Kauan Firmo","rocnation","https://www.rocnation.com","2025-08-13",NULL
"5548","new","Chadi Riad","rocnation","https://www.rocnation.com","2025-08-13",NULL
"5549","new","Dillon Jones","rocnation","https://www.rocnation.com","2025-08-13",NULL
"5550","new","Cauly","rocnation","https://www.rocnation.com","2025-08-13",NULL
"5551","new","Pase Rock","rocnation","https://www.rocnation.com","2025-08-13",NULL
"5552","new","Louis Rees-Zammit","rocnation","https://www.rocnation.com","2025-08-13",NULL
"5553","new","Drake London","rocnation","https://www.rocnation.com","2025-08-13",NULL
"5554","new","Mamadou Diallo","rocnation","https://www.rocnation.com","2025-08-13",NULL
"5555","new","Léo Chú","rocnation","https://www.rocnation.com","2025-08-13",NULL
"5556","new","João Pedro","rocnation","https://www.rocnation.com","2025-08-13",NULL
"5557","new","Anwar Sawyer","rocnation","https://www.rocnation.com","2025-08-13",NULL
"5558","new","Bohnes","rocnation","https://www.rocnation.com","2025-08-13",NULL
"5559","new","João Moreira","rocnation","https://www.rocnation.com","2025-08-13",NULL
"5560","new","Jordan Hendrikse","rocnation","https://www.rocnation.com","2025-08-13",NULL
"5561","new","Lucão","rocnation","https://www.rocnation.com","2025-08-13",NULL
"5562","new","Lucas Gazzotto","rocnation","https://www.rocnation.com","2025-08-13",NULL
"5563","new","Riccardo Cassano","rocnation","https://www.rocnation.com","2025-08-13",NULL
"5564","new","Aleksandar Stanković","rocnation","https://www.rocnation.com","2025-08-13",NULL
"5565","new","Noah Franco","rocnation","https://www.rocnation.com","2025-08-13",NULL
"5566","new","Siya Kolisi","rocnation","https://www.rocnation.com","2025-08-13",NULL
"5567","new","Johnny Dixon","rocnation","https://www.rocnation.com","2025-08-13",NULL
"5568","new","Aiden Harris","rocnation","https://www.rocnation.com","2025-08-13",NULL
"5569","new","Taylor Bol Bowen","rocnation","https://www.rocnation.com","2025-08-13",NULL
"5570","new","Joe Jackson","rocnation","https://www.rocnation.com","2025-08-13",NULL
"5571","new","Josh Nichols","rocnation","https://www.rocnation.com","2025-08-13",NULL
"5572","new","J.P.","rocnation","https://www.rocnation.com","2025-08-13",NULL
"5573","new","Micheal Clemons","rocnation","https://www.rocnation.com","2025-08-13",NULL
"5574","new","Le’Raven Clark","rocnation","https://www.rocnation.com","2025-08-13",NULL
"5575","new","Chase Shores","rocnation","https://www.rocnation.com","2025-08-13",NULL
"5576","new","DJ Camilo","rocnation","https://www.rocnation.com","2025-08-13",NULL
"5577","new","Tyree Wilson","rocnation","https://www.rocnation.com","2025-08-13",NULL
"5578","new","Antt Beatz","rocnation","https://www.rocnation.com","2025-08-13",NULL
"5579","new","Diego Esser","rocnation","https://www.rocnation.com","2025-08-13",NULL
"5580","new","Nathan Santos de Araújo","rocnation","https://www.rocnation.com","2025-08-13",NULL
"5581","new","Marcos Antônio","rocnation","https://www.rocnation.com","2025-08-13",NULL
"5582","new","Jadsom Silva","rocnation","https://www.rocnation.com","2025-08-13",NULL
"5583","new","Bootsy Collins","rocnation","https://www.rocnation.com","2025-08-13",NULL
"5584","new","Pink Siifu","rocnation","https://www.rocnation.com","2025-08-13",NULL
"5585","new","Felipinho","rocnation","https://www.rocnation.com","2025-08-13",NULL
"5586","new","JJ Mandaquit","rocnation","https://www.rocnation.com","2025-08-13",NULL
"5587","new","Adem Bona","rocnation","https://www.rocnation.com","2025-08-13",NULL
"5588","new","Kennedy Jones","rocnation","https://www.rocnation.com","2025-08-13",NULL
"5589","new","Upton Stout","rocnation","https://www.rocnation.com","2025-08-13",NULL
"5590","new","Will Campbell","rocnation","https://www.rocnation.com","2025-08-13",NULL
"5591","new","Marco Plus","rocnation","https://www.rocnation.com","2025-08-13",NULL
"5592","new","Buddy Boeheim","rocnation","https://www.rocnation.com","2025-08-13",NULL
"5593","new","Marcio Vitor","rocnation","https://www.rocnation.com","2025-08-13",NULL
"5594","new","Luiji Vilain","rocnation","https://www.rocnation.com","2025-08-13",NULL
"5595","new","Kliff Kingsbury","rocnation","https://www.rocnation.com","2025-08-13",NULL
"5596","new","Alexandre Cesar","rocnation","https://www.rocnation.com","2025-08-13",NULL
"5597","new","Endrick","rocnation","https://www.rocnation.com","2025-08-13",NULL
"5598","new","Gastón Martirena","rocnation","https://www.rocnation.com","2025-08-13",NULL
"5599","new","AyooLii","rocnation","https://www.rocnation.com","2025-08-13",NULL
"5600","new","Joshua Antwan","rocnation","https://www.rocnation.com","2025-08-13",NULL
"5601","new","Vayda","rocnation","https://www.rocnation.com","2025-08-13",NULL
"5602","new","Cayden Lamothe","rocnation","https://www.rocnation.com","2025-08-13",NULL
"5603","new","Jalen McMillan","rocnation","https://www.rocnation.com","2025-08-13",NULL
"5604","new","Rickea Jackson","rocnation","https://www.rocnation.com","2025-08-13",NULL
"5605","new","J. LBS","rocnation","https://www.rocnation.com","2025-08-13",NULL
"5606","new","Marcus Stroman","rocnation","https://www.rocnation.com","2025-08-13",NULL
"5607","new","Dejan Stanković","rocnation","https://www.rocnation.com","2025-08-13",NULL
"5608","new","Ollie Lawrence","rocnation","https://www.rocnation.com","2025-08-13",NULL
"5609","new","Kodey Shojinaga","rocnation","https://www.rocnation.com","2025-08-13",NULL
"5610","new","Tyler Shough","rocnation","https://www.rocnation.com","2025-08-13",NULL
"5611","new","Will Vest","rocnation","https://www.rocnation.com","2025-08-13",NULL
"5612","new","Christina Aguilera","rocnation","https://www.rocnation.com","2025-08-13",NULL
"5613","new","Lucas Paquetá","rocnation","https://www.rocnation.com","2025-08-13",NULL
"5614","new","Gabriel Davis","rocnation","https://www.rocnation.com","2025-08-13",NULL
"5615","new","Ellis Genge","rocnation","https://www.rocnation.com","2025-08-13",NULL
"5616","new","LaMelo Ball","rocnation","https://www.rocnation.com","2025-08-13",NULL
"5617","new","Baron Browning","rocnation","https://www.rocnation.com","2025-08-13",NULL
"5618","new","Rashod Bateman","rocnation","https://www.rocnation.com","2025-08-13",NULL
"5619","new","Zach Marsh","rocnation","https://www.rocnation.com","2025-08-13",NULL
"5620","new","Marc Bernal","rocnation","https://www.rocnation.com","2025-08-13",NULL
"5621","new","Boogie Basham Jr.","rocnation","https://www.rocnation.com","2025-08-13",NULL
"5622","new","Shawndale Jones","rocnation","https://www.rocnation.com","2025-08-13",NULL
"5623","new","Conway The Machine","rocnation","https://www.rocnation.com","2025-08-13",NULL
"5624","new","Mzwandile Stick","rocnation","https://www.rocnation.com","2025-08-13",NULL
"5625","new","Lucas Evangelista","rocnation","https://www.rocnation.com","2025-08-13",NULL
"5626","new","Levi Wells","rocnation","https://www.rocnation.com","2025-08-13",NULL
"5627","new","Boldy James","rocnation","https://www.rocnation.com","2025-08-13",NULL
"5628","new","Rihanna","rocnation","https://www.rocnation.com","2025-08-13",NULL
"5629","new","Antha Pantha","rocnation","https://www.rocnation.com","2025-08-13",NULL
"5630","new","Axel Witsel","rocnation","https://www.rocnation.com","2025-08-13",NULL
"5631","new","Megan Thee Stallion","rocnation","https://www.rocnation.com","2025-08-13",NULL
"5632","new","Jaylon Jones","rocnation","https://www.rocnation.com","2025-08-13",NULL
"5633","new","Kevin De Bruyne","rocnation","https://www.rocnation.com","2025-08-13",NULL
"5634","new","Masyn Winn","rocnation","https://www.rocnation.com","2025-08-13",NULL
"5635","new","Polo Perks","rocnation","https://www.rocnation.com","2025-08-13",NULL
"5636","new","Myles Smith","rocnation","https://www.rocnation.com","2025-08-13",NULL
"5637","new","Antoine Wesley","rocnation","https://www.rocnation.com","2025-08-13",NULL
"5638","new","Johnell Davis","rocnation","https://www.rocnation.com","2025-08-13",NULL
"5639","new","Lismar","rocnation","https://www.rocnation.com","2025-08-13",NULL
"5640","new","HOOPS","rocnation","https://www.rocnation.com","2025-08-13",NULL
"5641","new","Yonder Alonso","rocnation","https://www.rocnation.com","2025-08-13",NULL
"5642","new","Chris Paul","rocnation","https://www.rocnation.com","2025-08-13",NULL
"5643","new","DOROTHY","rocnation","https://www.rocnation.com","2025-08-13",NULL
"5644","new","Alicia Keys","rocnation","https://www.rocnation.com","2025-08-13",NULL
"5645","new","Julian Okwara","rocnation","https://www.rocnation.com","2025-08-13",NULL
"5646","new","Dexter Oliver","rocnation","https://www.rocnation.com","2025-08-13",NULL
"5647","new","Felipe Vieira","rocnation","https://www.rocnation.com","2025-08-13",NULL
"5648","new","Caio Amaral","rocnation","https://www.rocnation.com","2025-08-13",NULL
"5649","new","Jhuan Nunes","rocnation","https://www.rocnation.com","2025-08-13",NULL
"5650","new","Luan Andrey","rocnation","https://www.rocnation.com","2025-08-13",NULL
"5651","new","Jalyn Armour-Davis","rocnation","https://www.rocnation.com","2025-08-13",NULL
"5652","new","Erik Ezukanma","rocnation","https://www.rocnation.com","2025-08-13",NULL
"5653","new","Matheus Rossetto","rocnation","https://www.rocnation.com","2025-08-13",NULL
"5654","new","Victory","rocnation","https://www.rocnation.com","2025-08-13",NULL
"5655","new","Christopher Suero","rocnation","https://www.rocnation.com","2025-08-13",NULL
"5656","new","Cheslin Kolbe","rocnation","https://www.rocnation.com","2025-08-13",NULL
"5657","new","Aleicia Nicole","rocnation","https://www.rocnation.com","2025-08-13",NULL
"5658","new","Victor Cruz","rocnation","https://www.rocnation.com","2025-08-13",NULL
"5659","new","Alamara Djabi","rocnation","https://www.rocnation.com","2025-08-13",NULL
"5660","new","Robinson Cano","rocnation","https://www.rocnation.com","2025-08-13",NULL
"5661","new","Za’Darius Smith","rocnation","https://www.rocnation.com","2025-08-13",NULL
"5662","new","LeoRD","rocnation","https://www.rocnation.com","2025-08-13",NULL
"5663","new","J Balvin","rocnation","https://www.rocnation.com","2025-08-13",NULL
"5664","new","Natania Lalwani","rocnation","https://www.rocnation.com","2025-08-13",NULL
"5665","new","Jazz Chisholm Jr.","rocnation","https://www.rocnation.com","2025-08-13",NULL
"5666","new","Arthur Augusto","rocnation","https://www.rocnation.com","2025-08-13",NULL
"5667","new","Rome Streetz","rocnation","https://www.rocnation.com","2025-08-13",NULL
"5668","new","Ezra Carrington","rocnation","https://www.rocnation.com","2025-08-13",NULL
"5669","new","Jaden Hill","rocnation","https://www.rocnation.com","2025-08-13",NULL
"5670","new","Rapsody","rocnation","https://www.rocnation.com","2025-08-13",NULL
"5671","new","Yovngchimi","rocnation","https://www.rocnation.com","2025-08-13",NULL
"5672","new","Ian Lewis","rocnation","https://www.rocnation.com","2025-08-13",NULL
"5673","new","Lewis Orford","rocnation","https://www.rocnation.com","2025-08-13",NULL
"5674","new","Marcus Maye","rocnation","https://www.rocnation.com","2025-08-13",NULL
"5675","new","João Douglas","rocnation","https://www.rocnation.com","2025-08-13",NULL
"5676","new","Alejandro Encina","rocnation","https://www.rocnation.com","2025-08-13",NULL
"5677","new","Eduardo Carvalho","rocnation","https://www.rocnation.com","2025-08-13",NULL
"5678","new","RJAE","rocnation","https://www.rocnation.com","2025-08-13",NULL
"5679","new","Dink Pate","rocnation","https://www.rocnation.com","2025-08-13",NULL
"5680","new","Yailin La Mas Viral","rocnation","https://www.rocnation.com","2025-08-13",NULL
"5681","new","Fred Ball","rocnation","https://www.rocnation.com","2025-08-13",NULL
"5682","new","Skylar Diggins","rocnation","https://www.rocnation.com","2025-08-13",NULL
"5683","new","Ashilee Ashilee","rocnation","https://www.rocnation.com","2025-08-13",NULL
"5684","new","Michael Braswell","rocnation","https://www.rocnation.com","2025-08-13",NULL
"5685","new","Zukisani Tom","rocnation","https://www.rocnation.com","2025-08-13",NULL
"5686","new","John Mobley Jr","rocnation","https://www.rocnation.com","2025-08-13",NULL
"5687","new","Ambré","rocnation","https://www.rocnation.com","2025-08-13",NULL
"5688","new","Clay Webb","rocnation","https://www.rocnation.com","2025-08-13",NULL
"5689","new","Angie Martinez","rocnation","https://www.rocnation.com","2025-08-13",NULL
"5690","new","Albert Pujols","rocnation","https://www.rocnation.com","2025-08-13",NULL
"5691","new","Bradley Ibrahim","rocnation","https://www.rocnation.com","2025-08-13",NULL
"5692","new","Nick Gordon","rocnation","https://www.rocnation.com","2025-08-13",NULL
"5693","new","Seth Chingwaro","rocnation","https://www.rocnation.com","2025-08-13",NULL
"5694","new","Isaac Gracie","rocnation","https://www.rocnation.com","2025-08-13",NULL
"5695","new","João Henrique","rocnation","https://www.rocnation.com","2025-08-13",NULL
"5696","new","Savion Williams","rocnation","https://www.rocnation.com","2025-08-13",NULL
"5697","new","Saint Jhn","rocnation","https://www.rocnation.com","2025-08-13",NULL
"5698","new","Jeremiah Estrada","rocnation","https://www.rocnation.com","2025-08-13",NULL
"5699","new","Ykaro Toledo","rocnation","https://www.rocnation.com","2025-08-13",NULL
"5700","new","Roschon Johnson","rocnation","https://www.rocnation.com","2025-08-13",NULL
"5701","new","Marquinhos Gabriel","rocnation","https://www.rocnation.com","2025-08-13",NULL
"5702","new","Henrique Trevisan","rocnation","https://www.rocnation.com","2025-08-13",NULL
"5703","new","Zach Royse","rocnation","https://www.rocnation.com","2025-08-13",NULL
"5704","new","Jacob Mayers","rocnation","https://www.rocnation.com","2025-08-13",NULL
"5705","new","Vitor Tormena","rocnation","https://www.rocnation.com","2025-08-13",NULL
"5706","new","Jalen Rose","rocnation","https://www.rocnation.com","2025-08-13",NULL
"5707","new","Christian Dimarco","rocnation","https://www.rocnation.com","2025-08-13",NULL
"5708","new","Ezinma","rocnation","https://www.rocnation.com","2025-08-13",NULL
"5709","new","RJ Luis","rocnation","https://www.rocnation.com","2025-08-13",NULL
"5710","new","Nick Kwiatkoski","rocnation","https://www.rocnation.com","2025-08-13",NULL
"5711","new","Little Homie","rocnation","https://www.rocnation.com","2025-08-13",NULL
"5712","new","Bongiwe Msomi","rocnation","https://www.rocnation.com","2025-08-13",NULL
"5713","new","Peyton Graham","rocnation","https://www.rocnation.com","2025-08-13",NULL
"5714","new","Eddie Rosario","rocnation","https://www.rocnation.com","2025-08-13",NULL
"5715","new","Myke Towers","rocnation","https://www.rocnation.com","2025-08-13",NULL
"5716","new","Xavier Amaechi","rocnation","https://www.rocnation.com","2025-08-13",NULL
"5717","new","Ali Umar","rocnation","https://www.rocnation.com","2025-08-13",NULL
"5718","new","Gustavo Henrique","rocnation","https://www.rocnation.com","2025-08-13",NULL
"5719","new","Carter Winter","rocnation","https://www.rocnation.com","2025-08-13",NULL
"5720","new","Madison Bailey","rocnation","https://www.rocnation.com","2025-08-13",NULL
"5721","new","Murilo Camargo","rocnation","https://www.rocnation.com","2025-08-13",NULL
"5722","new","De’Von Achane","rocnation","https://www.rocnation.com","2025-08-13",NULL
"5723","new","Daniel Church","rocnation","https://www.rocnation.com","2025-08-13",NULL
"5724","new","Gustavo Reis","rocnation","https://www.rocnation.com","2025-08-13",NULL
"5725","new","Jahlil Beats","rocnation","https://www.rocnation.com","2025-08-13",NULL
"5726","new","Marcus Uberaba","rocnation","https://www.rocnation.com","2025-08-13",NULL
"5727","new","Lucas Fernandes","rocnation","https://www.rocnation.com","2025-08-13",NULL
"5728","new","Marnus Rademeyer","rocnation","https://www.rocnation.com","2025-08-13",NULL
"5729","new","Brandon Garrison","rocnation","https://www.rocnation.com","2025-08-13",NULL
"5730","new","Meleek Thomas","rocnation","https://www.rocnation.com","2025-08-13",NULL
"5731","new","Eric Bellinger","rocnation","https://www.rocnation.com","2025-08-13",NULL
"5732","new","Michael Pittman Jr.","rocnation","https://www.rocnation.com","2025-08-13",NULL
"5733","new","Pedrão","rocnation","https://www.rocnation.com","2025-08-13",NULL
"5734","new","Jamel Dean","rocnation","https://www.rocnation.com","2025-08-13",NULL
"5735","new","Leonardo de Azevedo","rocnation","https://www.rocnation.com","2025-08-13",NULL
"5736","new","Mark Vientos","rocnation","https://www.rocnation.com","2025-08-13",NULL
"5737","new","Yo Gotti","rocnation","https://www.rocnation.com","2025-08-13",NULL
"5738","new","Todd Frazier","rocnation","https://www.rocnation.com","2025-08-13",NULL
"5739","new","Carlos Ventura","rocnation","https://www.rocnation.com","2025-08-13",NULL
"5740","new","Chris Boucher","rocnation","https://www.rocnation.com","2025-08-13",NULL
"5741","new","Jeff Shum","rocnation","https://www.rocnation.com","2025-08-13",NULL
"5742","new","Nickie Jon Pabón","rocnation","https://www.rocnation.com","2025-08-13",NULL
"5743","new","Thierry Rohart-Brown","rocnation","https://www.rocnation.com","2025-08-13",NULL
"5744","new","Rudy Gay","rocnation","https://www.rocnation.com","2025-08-13",NULL
"5745","new","JAY-Z","rocnation","https://www.rocnation.com","2025-08-13",NULL
"5746","new","DIXSON","rocnation","https://www.rocnation.com","2025-08-13",NULL
"5747","new","Enzo Cardozo","rocnation","https://www.rocnation.com","2025-08-13",NULL
"5748","new","Nathan Ferguson","rocnation","https://www.rocnation.com","2025-08-13",NULL
"5749","new","Roddy Gayle","rocnation","https://www.rocnation.com","2025-08-13",NULL
"5750","new","Romeo Okwara","rocnation","https://www.rocnation.com","2025-08-13",NULL
"5751","new","Malcolm Brogdon","rocnation","https://www.rocnation.com","2025-08-13",NULL
"5752","new","Kalan.FrFr","rocnation","https://www.rocnation.com","2025-08-13",NULL
"5753","new","Tendai Mtawarira","rocnation","https://www.rocnation.com","2025-08-13",NULL
"5754","new","Reuben Vincent","rocnation","https://www.rocnation.com","2025-08-13",NULL
"5755","new","Klein","rocnation","https://www.rocnation.com","2025-08-13",NULL
"5756","new","Jonas Griffith","rocnation","https://www.rocnation.com","2025-08-13",NULL
"5757","new","Hayden Wesneski","rocnation","https://www.rocnation.com","2025-08-13",NULL
"5758","new","Andrew Sendejo","rocnation","https://www.rocnation.com","2025-08-13",NULL
"5759","new","Josh Thompson","rocnation","https://www.rocnation.com","2025-08-13",NULL
"5760","new","Ruan Assis","rocnation","https://www.rocnation.com","2025-08-13",NULL
"5761","new","Ludwig Goransson","rocnation","https://www.rocnation.com","2025-08-13",NULL
"5762","new","Kerry Hyder","rocnation","https://www.rocnation.com","2025-08-13",NULL
"5763","new","Mateus Macena","rocnation","https://www.rocnation.com","2025-08-13",NULL
"5764","new","David Fernandez","rocnation","https://www.rocnation.com","2025-08-13",NULL
"5765","new","Braden Montgomery","rocnation","https://www.rocnation.com","2025-08-13",NULL
"5766","new","Christian Little","rocnation","https://www.rocnation.com","2025-08-13",NULL
"5767","new","Chris Richards","rocnation","https://www.rocnation.com","2025-08-13",NULL
"5768","new","Ayra Starr","rocnation","https://www.rocnation.com","2025-08-13",NULL
"5769","new","Jacob Neptune","rocnation","https://www.rocnation.com","2025-08-13",NULL
"5770","new","Emersonn Correia","rocnation","https://www.rocnation.com","2025-08-13",NULL
"5771","new","Isaiah Likely","rocnation","https://www.rocnation.com","2025-08-13",NULL
"5772","new","Alan Kardec","rocnation","https://www.rocnation.com","2025-08-13",NULL
"5773","new","Cutter Boley","rocnation","https://www.rocnation.com","2025-08-13",NULL
"5774","new","Devin Duvernay","rocnation","https://www.rocnation.com","2025-08-13",NULL
"5775","new","Jay Electronica","rocnation","https://www.rocnation.com","2025-08-13",NULL
"5776","new","Zamir White","rocnation","https://www.rocnation.com","2025-08-13",NULL
"5777","new","Neo Bohloko","rocnation","https://www.rocnation.com","2025-08-13",NULL
"5778","new","Ryan Francisco","rocnation","https://www.rocnation.com","2025-08-13",NULL
"5779","new","Lil Uzi Vert","rocnation","https://www.rocnation.com","2025-08-13",NULL
"5780","new","Léo Bonatini","rocnation","https://www.rocnation.com","2025-08-13",NULL
"5781","new","Federico Dimarco","rocnation","https://www.rocnation.com","2025-08-13",NULL
"5782","new","Germaine Pratt","rocnation","https://www.rocnation.com","2025-08-13",NULL
"5783","new","Kirby Lauryen","rocnation","https://www.rocnation.com","2025-08-13",NULL
"5784","new","Aeneas Peebles","rocnation","https://www.rocnation.com","2025-08-13",NULL
"5785","new","Mamii","rocnation","https://www.rocnation.com","2025-08-13",NULL
"5786","new","Lucas Calegari","rocnation","https://www.rocnation.com","2025-08-13",NULL
"5787","new","Malik Benson","rocnation","https://www.rocnation.com","2025-08-13",NULL
"5788","new","Douglas Santos","rocnation","https://www.rocnation.com","2025-08-13",NULL
"5789","new","Neto","rocnation","https://www.rocnation.com","2025-08-13",NULL
"5790","new","Francis Gomez","rocnation","https://www.rocnation.com","2025-08-13",NULL
"5791","new","Filip Stanković","rocnation","https://www.rocnation.com","2025-08-13",NULL
"5792","new","Benny The Butcher","rocnation","https://www.rocnation.com","2025-08-13",NULL
"5793","new","Kevin Garrett","rocnation","https://www.rocnation.com","2025-08-13",NULL
"5794","new","Graham Riley","rocnation","https://www.rocnation.com","2025-08-13",NULL
"5795","new","Sa’eed Nelson","rocnation","https://www.rocnation.com","2025-08-13",NULL
"5796","new","Azeez Ojulari","rocnation","https://www.rocnation.com","2025-08-13",NULL
"5797","new","Lucas Pires","rocnation","https://www.rocnation.com","2025-08-13",NULL
"5798","new","Earl Little Jr","rocnation","https://www.rocnation.com","2025-08-13",NULL
"5799","new","Elijah Holyfield","rocnation","https://www.rocnation.com","2025-08-13",NULL
"5800","new","Jack Kochanowicz","rocnation","https://www.rocnation.com","2025-08-13",NULL
"5801","new","Fat Joe","rocnation","https://www.rocnation.com","2025-08-13",NULL
"5802","new","Andrew Thomas","rocnation","https://www.rocnation.com","2025-08-13",NULL
"5803","new","Murilo Paim","rocnation","https://www.rocnation.com","2025-08-13",NULL
"5804","new","Vinicius Nogueira","rocnation","https://www.rocnation.com","2025-08-13",NULL
"5805","new","Armando González","rocnation","https://www.rocnation.com","2025-08-13",NULL
"5806","new","Luca Fletcher","rocnation","https://www.rocnation.com","2025-08-13",NULL
"5807","new","Gabryelo Bica","rocnation","https://www.rocnation.com","2025-08-13",NULL
"5808","new","Victor Hugo","rocnation","https://www.rocnation.com","2025-08-13",NULL
"5809","new","Brandon Jones","rocnation","https://www.rocnation.com","2025-08-13",NULL
"5810","new","Josaiah Stewart","rocnation","https://www.rocnation.com","2025-08-13",NULL
"5811","new","Trakmatik","rocnation","https://www.rocnation.com","2025-08-13",NULL
"5812","new","Kevin Winston Jr","rocnation","https://www.rocnation.com","2025-08-13",NULL
"5813","new","Lorran","rocnation","https://www.rocnation.com","2025-08-13",NULL
"5814","new","Corinne Bailey Rae","rocnation","https://www.rocnation.com","2025-08-13",NULL
"5815","new","Johnny Slawinski","rocnation","https://www.rocnation.com","2025-08-13",NULL
"5816","new","Luyolo Doyi","rocnation","https://www.rocnation.com","2025-08-13",NULL
"5817","new","Aphelele Fassi","rocnation","https://www.rocnation.com","2025-08-13",NULL
"5818","new","Henrique Kastchuk","rocnation","https://www.rocnation.com","2025-08-13",NULL
"5819","new","Marcus Smith","rocnation","https://www.rocnation.com","2025-08-13",NULL
"5820","new","Terence Steele","rocnation","https://www.rocnation.com","2025-08-13",NULL
"5821","new","Diogo Leonardo","rocnation","https://www.rocnation.com","2025-08-13",NULL
"5822","new","Gustavo Jundi","rocnation","https://www.rocnation.com","2025-08-13",NULL
"5823","new","Jadakiss","rocnation","https://www.rocnation.com","2025-08-13",NULL
"5824","new","Snoh Aalegra","rocnation","https://www.rocnation.com","2025-08-13",NULL
"5825","new","Oscar Torrellas","rocnation","https://www.rocnation.com","2025-08-13",NULL
"5826","new","Termarr Johnson","rocnation","https://www.rocnation.com","2025-08-13",NULL
"5827","new","BOOTS","rocnation","https://www.rocnation.com","2025-08-13",NULL
"5828","new","Jacob Wright","rocnation","https://www.rocnation.com","2025-08-13",NULL
"5829","new","Tre Phelps","rocnation","https://www.rocnation.com","2025-08-13",NULL
"5830","new","Conor Lewis","rocnation","https://www.rocnation.com","2025-08-13",NULL
"5831","new","Quincy Guerrier","rocnation","https://www.rocnation.com","2025-08-13",NULL
"5832","new","Flau’Jae","rocnation","https://www.rocnation.com","2025-08-13",NULL
"5833","new","Joseph Narbi","rocnation","https://www.rocnation.com","2025-08-13",NULL
"5834","new","Kevyn Monteiro","rocnation","https://www.rocnation.com","2025-08-13",NULL
"5835","new","Cauã Foroni","rocnation","https://www.rocnation.com","2025-08-13",NULL
"5836","new","Brandon Coleman","rocnation","https://www.rocnation.com","2025-08-13",NULL
"5837","new","Kaiden Wilson","rocnation","https://www.rocnation.com","2025-08-13",NULL
"5838","new","Anthony Brown Jr.","rocnation","https://www.rocnation.com","2025-08-13",NULL
"5839","new","Renato Marques","rocnation","https://www.rocnation.com","2025-08-13",NULL
"5840","new","Gabriel Martinelli","rocnation","https://www.rocnation.com","2025-08-13",NULL
"5841","new","Felipe Felicio","rocnation","https://www.rocnation.com","2025-08-13",NULL
"5842","new","Walker Janek","rocnation","https://www.rocnation.com","2025-08-13",NULL
"5843","new","Josh Moreland","rocnation","https://www.rocnation.com","2025-08-13",NULL
"5844","new","Jamaree Salyer","rocnation","https://www.rocnation.com","2025-08-13",NULL
"5845","new","Robert Dias","rocnation","https://www.rocnation.com","2025-08-13",NULL
"5846","new","Patrick Paul","rocnation","https://www.rocnation.com","2025-08-13",NULL
"5847","new","Jared Kelley","rocnation","https://www.rocnation.com","2025-08-13",NULL
"5848","new","Bodega Flee","rocnation","https://www.rocnation.com","2025-08-13",NULL
"5849","new","Joaquin Bynum","rocnation","https://www.rocnation.com","2025-08-13",NULL
"5850","new","Nabil Kaaouch","rocnation","https://www.rocnation.com","2025-08-13",NULL
"5851","new","Yaisel LM","rocnation","https://www.rocnation.com","2025-08-13",NULL
"5852","new","Joseph Angel","rocnation","https://www.rocnation.com","2025-08-13",NULL
"5853","new","Zé Rafael","rocnation","https://www.rocnation.com","2025-08-13",NULL
"5854","new","Igor Toledo","rocnation","https://www.rocnation.com","2025-08-13",NULL
"5855","new","Jordyn Brooks","rocnation","https://www.rocnation.com","2025-08-13",NULL
"5856","new","Billy Gee","rocnation","https://www.rocnation.com","2025-08-13",NULL
"5857","new","M. Bronx","rocnation","https://www.rocnation.com","2025-08-13",NULL
"5858","new","Jimmy Boeheim","rocnation","https://www.rocnation.com","2025-08-13",NULL
"5859","new","Kevin Winston Jr.","rocnation","https://www.rocnation.com","2025-08-13",NULL
"5860","new","Benjmn","rocnation","https://www.rocnation.com","2025-08-13",NULL
"5861","new","Kyler Murray","rocnation","https://www.rocnation.com","2025-08-13",NULL
"5862","new","Lucas Henrique Barbosa","rocnation","https://www.rocnation.com","2025-08-13",NULL
"5863","new","Vonnte Williams","rocnation","https://www.rocnation.com","2025-08-13",NULL
"5864","new","Bennie Boatwright","rocnation","https://www.rocnation.com","2025-08-13",NULL
"5865","new","Lázaro Vinicius","rocnation","https://www.rocnation.com","2025-08-13",NULL
"5866","new","Vitor Carvalho","rocnation","https://www.rocnation.com","2025-08-13",NULL
"5867","new","Joelle James","rocnation","https://www.rocnation.com","2025-08-13",NULL
"5868","new","Justin Lamkin","rocnation","https://www.rocnation.com","2025-08-13",NULL
"5869","new","Bella Poarch","rocnation","https://www.rocnation.com","2025-08-13",NULL
"5870","new","Westside Gunn","rocnation","https://www.rocnation.com","2025-08-13",NULL
"5871","new","Tyreece John-Jules","rocnation","https://www.rocnation.com","2025-08-13",NULL
"5872","new","Nate Traveller","rocnation","https://www.rocnation.com","2025-08-13",NULL
"5873","new","Sam Ehlinger","rocnation","https://www.rocnation.com","2025-08-13",NULL
"5874","new","Samir Caetano","rocnation","https://www.rocnation.com","2025-08-13",NULL
"5875","new","Khari Ranson","rocnation","https://www.rocnation.com","2025-08-13",NULL
"5876","new","Matheus Dalsasso Dias","rocnation","https://www.rocnation.com","2025-08-13",NULL
"5877","new","DJ Khaled","rocnation","https://www.rocnation.com","2025-08-13",NULL
"5878","new","Owam Freempong","rocnation","https://www.rocnation.com","2025-08-13",NULL
"5879","new","Andre Clovis","rocnation","https://www.rocnation.com","2025-08-13",NULL
"5880","new","Anthony Murphy","rocnation","https://www.rocnation.com","2025-08-13",NULL
"5881","new","Ifeoluwa Olowoporoku","rocnation","https://www.rocnation.com","2025-08-13",NULL
"5882","new","Joel Gasco Martinez","rocnation","https://www.rocnation.com","2025-08-13",NULL
"5883","new","Siyabonga Mabena","rocnation","https://www.rocnation.com","2025-08-13",NULL
"5884","new","Tadiwa Chakuchichi","rocnation","https://www.rocnation.com","2025-08-13",NULL
"5885","new","HDBeenDope","rocnation","https://www.rocnation.com","2025-08-13",NULL
"5886","new","Luis Henrique","rocnation","https://www.rocnation.com","2025-08-13",NULL
"5887","new","Theo Adelusi","rocnation","https://www.rocnation.com","2025-08-13",NULL
"5888","new","Logan Allen","rocnation","https://www.rocnation.com","2025-08-13",NULL
"5889","new","Lincoln Henrique","rocnation","https://www.rocnation.com","2025-08-13",NULL
"5890","new","Ronnie Stanley","rocnation","https://www.rocnation.com","2025-08-13",NULL
"5891","new","Malick Fofana","rocnation","https://www.rocnation.com","2025-08-13",NULL
"5892","new","Van Jones","rocnation","https://www.rocnation.com","2025-08-13",NULL
"5893","new","Tyler Higbee","rocnation","https://www.rocnation.com","2025-08-13",NULL
"5894","new","Chad Sabo","rocnation","https://www.rocnation.com","2025-08-13",NULL
"5895","new","Jakorian Bennett","rocnation","https://www.rocnation.com","2025-08-13",NULL
"5896","new","Arthur Zanella","rocnation","https://www.rocnation.com","2025-08-13",NULL
"5897","new","André Silva","rocnation","https://www.rocnation.com","2025-08-13",NULL
"5898","new","Isaiah Greene","rocnation","https://www.rocnation.com","2025-08-13",NULL
"5899","new","Dominic Johnson","rocnation","https://www.rocnation.com","2025-08-13",NULL
"5900","new","Samuel Lusale","rocnation","https://www.rocnation.com","2025-08-13",NULL
"5901","new","Trent Taylor","rocnation","https://www.rocnation.com","2025-08-13",NULL
"5902","new","Jhoni The Voice","rocnation","https://www.rocnation.com","2025-08-13",NULL
"5903","new","Mario Williams","rocnation","https://www.rocnation.com","2025-08-13",NULL
"5904","new","Lucas Sanabria","rocnation","https://www.rocnation.com","2025-08-13",NULL
"5905","new","Alex Constanza","rocnation","https://www.rocnation.com","2025-08-13",NULL
"5906","new","Andrew Vorhees","rocnation","https://www.rocnation.com","2025-08-13",NULL
"5907","new","Mateusão","rocnation","https://www.rocnation.com","2025-08-13",NULL
"5908","new","Danny Green","rocnation","https://www.rocnation.com","2025-08-13",NULL
"5909","new","Paulo Otávio","rocnation","https://www.rocnation.com","2025-08-13",NULL
"5910","new","Bruno Duarte","rocnation","https://www.rocnation.com","2025-08-13",NULL
"5911","new","Clipse","rocnation","https://www.rocnation.com","2025-08-13",NULL
"5912","new","Gino Groover","rocnation","https://www.rocnation.com","2025-08-13",NULL
"5913","new","Andrew Dutkanych","rocnation","https://www.rocnation.com","2025-08-13",NULL
"5914","new","Mg Sleepy","rocnation","https://www.rocnation.com","2025-08-13",NULL
"5915","new","Robin Thicke","rocnation","https://www.rocnation.com","2025-08-13",NULL
"5916","new","Danny Amendola","rocnation","https://www.rocnation.com","2025-08-13",NULL
"5917","new","Vini Jr","rocnation","https://www.rocnation.com","2025-08-13",NULL
"5918","new","Omar Edwards","rocnation","https://www.rocnation.com","2025-08-13",NULL
"5919","new","Jeymes Samuel","rocnation","https://www.rocnation.com","2025-08-13",NULL
"5920","new","Joel Pleguezuelos Estor","rocnation","https://www.rocnation.com","2025-08-13",NULL
"5921","new","Brooke Norton-Cuffy","rocnation","https://www.rocnation.com","2025-08-13",NULL
"5922","new","Evertton Araújo","rocnation","https://www.rocnation.com","2025-08-13",NULL
"5923","new","Samuel Alves","rocnation","https://www.rocnation.com","2025-08-13",NULL
"5924","new","Deji Elerewe","rocnation","https://www.rocnation.com","2025-08-13",NULL
"5925","new","Volumes","atomsplitterpr","https://atomsplitterpr.com","2025-08-13",NULL
"5926","new","AUSTIN MEADE","atomsplitterpr","https://atomsplitterpr.com","2025-08-13",NULL
"5927","new","TRENCH","atomsplitterpr","https://atomsplitterpr.com","2025-08-13",NULL
"5928","new","Rise Records","atomsplitterpr","https://atomsplitterpr.com","2025-08-13",NULL
"5929","new","I Prevail","atomsplitterpr","https://atomsplitterpr.com","2025-08-13",NULL
"5930","new","KAYZO","atomsplitterpr","https://atomsplitterpr.com","2025-08-13",NULL
"5931","new","THE AMITY AFFLICTION","atomsplitterpr","https://atomsplitterpr.com","2025-08-13",NULL
"5932","new","Employed To Serve","atomsplitterpr","https://atomsplitterpr.com","2025-08-13",NULL
"5933","new","While She Sleeps","atomsplitterpr","https://atomsplitterpr.com","2025-08-13",NULL
"5934","new","MOTIONLESS IN WHITE","atomsplitterpr","https://atomsplitterpr.com","2025-08-13",NULL
"5935","new","Within Temptation","atomsplitterpr","https://atomsplitterpr.com","2025-08-13",NULL
"5936","new","Simon McBride","atomsplitterpr","https://atomsplitterpr.com","2025-08-13",NULL
"5937","new","SILENT PLANET","atomsplitterpr","https://atomsplitterpr.com","2025-08-13",NULL
"5938","new","Dead Poet Society","atomsplitterpr","https://atomsplitterpr.com","2025-08-13",NULL
"5939","new","Electric Wizard","atomsplitterpr","https://atomsplitterpr.com","2025-08-13",NULL
"5940","new","Skillet","atomsplitterpr","https://atomsplitterpr.com","2025-08-13",NULL
"5941","new","Judiciary","atomsplitterpr","https://atomsplitterpr.com","2025-08-13",NULL
"5942","new","FIT FOR A KING","atomsplitterpr","https://atomsplitterpr.com","2025-08-13",NULL
"5943","new","Imminence","atomsplitterpr","https://atomsplitterpr.com","2025-08-13",NULL
"5944","new","ONELINEDRAWING","atomsplitterpr","https://atomsplitterpr.com","2025-08-13",NULL
"5945","new","Alexisonfire","atomsplitterpr","https://atomsplitterpr.com","2025-08-13",NULL
"5946","new","MOODRING","atomsplitterpr","https://atomsplitterpr.com","2025-08-13",NULL
"5947","new","The Devil Wears Prada","atomsplitterpr","https://atomsplitterpr.com","2025-08-13",NULL
"5948","new","Frozen Soul","atomsplitterpr","https://atomsplitterpr.com","2025-08-13",NULL
"5949","new","SKYND","atomsplitterpr","https://atomsplitterpr.com","2025-08-13",NULL
"5950","new","GET THE SHOT","atomsplitterpr","https://atomsplitterpr.com","2025-08-13",NULL
"5951","new","IBARAKI","atomsplitterpr","https://atomsplitterpr.com","2025-08-13",NULL
"5952","new","Vein.FM","atomsplitterpr","https://atomsplitterpr.com","2025-08-13",NULL
"5953","new","Criminal Instinct","atomsplitterpr","https://atomsplitterpr.com","2025-08-13",NULL
"5954","new","DED","atomsplitterpr","https://atomsplitterpr.com","2025-08-13",NULL
"5955","new","DEAD TIRED","atomsplitterpr","https://atomsplitterpr.com","2025-08-13",NULL
"5956","new","The Drowned God","atomsplitterpr","https://atomsplitterpr.com","2025-08-13",NULL
"5957","new","Landmvrks","atomsplitterpr","https://atomsplitterpr.com","2025-08-13",NULL
"5958","new","IODINE RECORDINGS","atomsplitterpr","https://atomsplitterpr.com","2025-08-13",NULL
"5959","new","Shining","atomsplitterpr","https://atomsplitterpr.com","2025-08-13",NULL
"5960","new","KISS COLD GIN","atomsplitterpr","https://atomsplitterpr.com","2025-08-13",NULL
"5961","new","BECOMING THE ARCHETYPE","atomsplitterpr","https://atomsplitterpr.com","2025-08-13",NULL
"5962","new","Northlane","atomsplitterpr","https://atomsplitterpr.com","2025-08-13",NULL
"5963","new","THEORY","atomsplitterpr","https://atomsplitterpr.com","2025-08-13",NULL
"5964","new","Now That’s What I Call Rock","atomsplitterpr","https://atomsplitterpr.com","2025-08-13",NULL
"5965","new","VRSTY","atomsplitterpr","https://atomsplitterpr.com","2025-08-13",NULL
"5966","new","Make Them Suffer","atomsplitterpr","https://atomsplitterpr.com","2025-08-13",NULL
"5967","new","CHASE ATLANTIC","atomsplitterpr","https://atomsplitterpr.com","2025-08-13",NULL
"5968","new","Cane Hill","atomsplitterpr","https://atomsplitterpr.com","2025-08-13",NULL
"5969","new","Turbowolf","atomsplitterpr","https://atomsplitterpr.com","2025-08-13",NULL
"5970","new","Chevelle","atomsplitterpr","https://atomsplitterpr.com","2025-08-13",NULL
"5971","new","SANGUISUGABOGG","atomsplitterpr","https://atomsplitterpr.com","2025-08-13",NULL
"5972","new","GOJIRA","atomsplitterpr","https://atomsplitterpr.com","2025-08-13",NULL
"5973","new","Fit for an Autopsy","atomsplitterpr","https://atomsplitterpr.com","2025-08-13",NULL
"5974","new","Airbourne","atomsplitterpr","https://atomsplitterpr.com","2025-08-13",NULL
"5975","new","Music for Nations","atomsplitterpr","https://atomsplitterpr.com","2025-08-13",NULL
"5976","new","The Acacia Strain","atomsplitterpr","https://atomsplitterpr.com","2025-08-13",NULL
"5977","new","OPPONENT","atomsplitterpr","https://atomsplitterpr.com","2025-08-13",NULL
"5978","new","Coheed & Cambria","atomsplitterpr","https://atomsplitterpr.com","2025-08-13",NULL
"5979","new","SAUL","atomsplitterpr","https://atomsplitterpr.com","2025-08-13",NULL
"5980","new","HER HEAD’S ON FIRE","atomsplitterpr","https://atomsplitterpr.com","2025-08-13",NULL
"5981","new","Currents","atomsplitterpr","https://atomsplitterpr.com","2025-08-13",NULL
"5982","new","Falling In Reverse","atomsplitterpr","https://atomsplitterpr.com","2025-08-13",NULL
"5983","new","AVATAR","atomsplitterpr","https://atomsplitterpr.com","2025-08-13",NULL
"5984","new","SNAPCASE","atomsplitterpr","https://atomsplitterpr.com","2025-08-13",NULL
"5985","new","Zeal and Ardor","atomsplitterpr","https://atomsplitterpr.com","2025-08-13",NULL
"5986","new","Bury Tomorrow","atomsplitterpr","https://atomsplitterpr.com","2025-08-13",NULL
"5987","new","Stick To Your Guns","atomsplitterpr","https://atomsplitterpr.com","2025-08-13",NULL
"5988","new","DYING WISH","atomsplitterpr","https://atomsplitterpr.com","2025-08-13",NULL
"5989","new","STONE SOUR","atomsplitterpr","https://atomsplitterpr.com","2025-08-13",NULL
"5990","new","Hopsin","atomsplitterpr","https://atomsplitterpr.com","2025-08-13",NULL
"5991","new","Polaris","atomsplitterpr","https://atomsplitterpr.com","2025-08-13",NULL
"5992","new","WATASHI WA","atomsplitterpr","https://atomsplitterpr.com","2025-08-13",NULL
"5993","new","Kublai Khan TX","atomsplitterpr","https://atomsplitterpr.com","2025-08-13",NULL
"5994","new","Hatebreed","atomsplitterpr","https://atomsplitterpr.com","2025-08-13",NULL
"5995","new","Times of Grace","atomsplitterpr","https://atomsplitterpr.com","2025-08-13",NULL
"5996","new","BUCKCHERRY","atomsplitterpr","https://atomsplitterpr.com","2025-08-13",NULL
"5997","new","UNTIL I WAKE","atomsplitterpr","https://atomsplitterpr.com","2025-08-13",NULL
"5998","new","Behemoth","atomsplitterpr","https://atomsplitterpr.com","2025-08-13",NULL
"5999","new","TEETH","atomsplitterpr","https://atomsplitterpr.com","2025-08-13",NULL
"6000","new","Skid Row","atomsplitterpr","https://atomsplitterpr.com","2025-08-13",NULL
"6001","new","LGND","atomsplitterpr","https://atomsplitterpr.com","2025-08-13",NULL
"6002","new","RXPTRS","atomsplitterpr","https://atomsplitterpr.com","2025-08-13",NULL
"6003","new","Hollywood Vampires","atomsplitterpr","https://atomsplitterpr.com","2025-08-13",NULL
"6004","new","OCEANS ATE ALASKA","atomsplitterpr","https://atomsplitterpr.com","2025-08-13",NULL
"6005","new","SLEEP WAKER","atomsplitterpr","https://atomsplitterpr.com","2025-08-13",NULL
"6006","new","Varials","atomsplitterpr","https://atomsplitterpr.com","2025-08-13",NULL
"6007","new","GUNSHIP","atomsplitterpr","https://atomsplitterpr.com","2025-08-13",NULL
"6008","new","INCENDIARY","atomsplitterpr","https://atomsplitterpr.com","2025-08-13",NULL
"6009","new","P.O.D.","atomsplitterpr","https://atomsplitterpr.com","2025-08-13",NULL
"6010","new","Ear Music","atomsplitterpr","https://atomsplitterpr.com","2025-08-13",NULL
"6011","new","LIMBS","atomsplitterpr","https://atomsplitterpr.com","2025-08-13",NULL
"6012","new","American Teeth","atomsplitterpr","https://atomsplitterpr.com","2025-08-13",NULL
"6013","new","Black Foxxes","atomsplitterpr","https://atomsplitterpr.com","2025-08-13",NULL
"6014","new","Off Road Minivan","atomsplitterpr","https://atomsplitterpr.com","2025-08-13",NULL
"6015","new","EAT YOUR HEART OUT","atomsplitterpr","https://atomsplitterpr.com","2025-08-13",NULL
"6016","new","Kvelertak","atomsplitterpr","https://atomsplitterpr.com","2025-08-13",NULL
"6017","new","NORMA JEAN","atomsplitterpr","https://atomsplitterpr.com","2025-08-13",NULL
"6018","new","Light the Torch","atomsplitterpr","https://atomsplitterpr.com","2025-08-13",NULL
"6019","new","Random Acts of Violence","atomsplitterpr","https://atomsplitterpr.com","2025-08-13",NULL
"6020","new","Wage War","atomsplitterpr","https://atomsplitterpr.com","2025-08-13",NULL
"6021","new","My Kid Brother","atomsplitterpr","https://atomsplitterpr.com","2025-08-13",NULL
"6022","new","IN FLAMES","atomsplitterpr","https://atomsplitterpr.com","2025-08-13",NULL
"6023","new","Beartooth","atomsplitterpr","https://atomsplitterpr.com","2025-08-13",NULL
"6024","new","EYE FLYS","atomsplitterpr","https://atomsplitterpr.com","2025-08-13",NULL
"6025","new","Gatecreeper","atomsplitterpr","https://atomsplitterpr.com","2025-08-13",NULL
"6026","new","Spinefarm Records","atomsplitterpr","https://atomsplitterpr.com","2025-08-13",NULL
"6027","new","Saint Asonia","atomsplitterpr","https://atomsplitterpr.com","2025-08-13",NULL
"6028","new","Stepson","atomsplitterpr","https://atomsplitterpr.com","2025-08-13",NULL
"6029","new","August Burns Red","atomsplitterpr","https://atomsplitterpr.com","2025-08-13",NULL
"6030","new","Living the Dream Foundation","atomsplitterpr","https://atomsplitterpr.com","2025-08-13",NULL
"6031","new","Locket","atomsplitterpr","https://atomsplitterpr.com","2025-08-13",NULL
"6032","new","THE MAGIC OF CHRISTMAS DAY","atomsplitterpr","https://atomsplitterpr.com","2025-08-13",NULL
"6033","new","THE PRETTY RECKLESS","atomsplitterpr","https://atomsplitterpr.com","2025-08-13",NULL
"6034","new","Sleep Token","atomsplitterpr","https://atomsplitterpr.com","2025-08-13",NULL
"6035","new","RESOLVE","atomsplitterpr","https://atomsplitterpr.com","2025-08-13",NULL
"6036","new","Dreamshade","atomsplitterpr","https://atomsplitterpr.com","2025-08-13",NULL
"6037","new","Tyson Motsenbocker","atomsplitterpr","https://atomsplitterpr.com","2025-08-13",NULL
"6038","new","LOWLIVES","atomsplitterpr","https://atomsplitterpr.com","2025-08-13",NULL
"6039","new","Blessthefall","atomsplitterpr","https://atomsplitterpr.com","2025-08-13",NULL
"6040","new","Amahiru","atomsplitterpr","https://atomsplitterpr.com","2025-08-13",NULL
"6041","new","L.S. Dunes","atomsplitterpr","https://atomsplitterpr.com","2025-08-13",NULL
"6042","new","Alice Cooper","atomsplitterpr","https://atomsplitterpr.com","2025-08-13",NULL
"6043","new","Of Mice & Men","atomsplitterpr","https://atomsplitterpr.com","2025-08-13",NULL
"6044","new","The Epiphone Revolver Music Awards","atomsplitterpr","https://atomsplitterpr.com","2025-08-13",NULL
"6045","new","PARKWAY DRIVE","atomsplitterpr","https://atomsplitterpr.com","2025-08-13",NULL
"6046","new","CREEPER","atomsplitterpr","https://atomsplitterpr.com","2025-08-13",NULL
"6047","new","MOUTH FOR WAR","atomsplitterpr","https://atomsplitterpr.com","2025-08-13",NULL
"6048","new","Scorpions","atomsplitterpr","https://atomsplitterpr.com","2025-08-13",NULL
"6049","new","Dayseeker","atomsplitterpr","https://atomsplitterpr.com","2025-08-13",NULL
"6050","new","Dark Tranquillity","atomsplitterpr","https://atomsplitterpr.com","2025-08-13",NULL
"6051","new","THECITYISOURS","atomsplitterpr","https://atomsplitterpr.com","2025-08-13",NULL
"6052","new","Killing Joke","atomsplitterpr","https://atomsplitterpr.com","2025-08-13",NULL
"6053","new","TesseracT","atomsplitterpr","https://atomsplitterpr.com","2025-08-13",NULL
"6054","new","Memphis May Fire","atomsplitterpr","https://atomsplitterpr.com","2025-08-13",NULL
"6055","new","Lybica","atomsplitterpr","https://atomsplitterpr.com","2025-08-13",NULL
"6056","new","BloodBather","atomsplitterpr","https://atomsplitterpr.com","2025-08-13",NULL
"6057","new","Skeletal Remains","atomsplitterpr","https://atomsplitterpr.com","2025-08-13",NULL
"6058","new","Movements","atomsplitterpr","https://atomsplitterpr.com","2025-08-13",NULL
"6059","new","The Almost","atomsplitterpr","https://atomsplitterpr.com","2025-08-13",NULL
"6060","new","DINES X HEAFY","atomsplitterpr","https://atomsplitterpr.com","2025-08-13",NULL
"6061","new","DEATH RAY VISION","atomsplitterpr","https://atomsplitterpr.com","2025-08-13",NULL
"6062","new","Phinehas","atomsplitterpr","https://atomsplitterpr.com","2025-08-13",NULL
"6063","new","Chunk! No, Captain Chunk!","atomsplitterpr","https://atomsplitterpr.com","2025-08-13",NULL
"6064","new","God’s Hate","atomsplitterpr","https://atomsplitterpr.com","2025-08-13",NULL
"6065","new","LOATHE","atomsplitterpr","https://atomsplitterpr.com","2025-08-13",NULL
"6066","new","BOSTON MANOR","atomsplitterpr","https://atomsplitterpr.com","2025-08-13",NULL
"6067","new","Punk Goes Acoustic","atomsplitterpr","https://atomsplitterpr.com","2025-08-13",NULL
"6068","new","Tarja Turunen","atomsplitterpr","https://atomsplitterpr.com","2025-08-13",NULL
"6069","new","INVENT ANIMATE","atomsplitterpr","https://atomsplitterpr.com","2025-08-13",NULL
"6070","new","All That Remains","atomsplitterpr","https://atomsplitterpr.com","2025-08-13",NULL
"6071","new","Bullet for My Valentine","atomsplitterpr","https://atomsplitterpr.com","2025-08-13",NULL
"6072","new","Azusa","atomsplitterpr","https://atomsplitterpr.com","2025-08-13",NULL
"6073","new","WINDWAKER","atomsplitterpr","https://atomsplitterpr.com","2025-08-13",NULL
"6074","new","Refused","atomsplitterpr","https://atomsplitterpr.com","2025-08-13",NULL
"6075","new","Laura Cox","atomsplitterpr","https://atomsplitterpr.com","2025-08-13",NULL
"6076","new","Trivium","atomsplitterpr","https://atomsplitterpr.com","2025-08-13",NULL
"6077","new","Venom","atomsplitterpr","https://atomsplitterpr.com","2025-08-13",NULL
"6078","new","VENUES","atomsplitterpr","https://atomsplitterpr.com","2025-08-13",NULL
"6079","new","ERRA","atomsplitterpr","https://atomsplitterpr.com","2025-08-13",NULL
"6080","new","Fearless Records","atomsplitterpr","https://atomsplitterpr.com","2025-08-13",NULL
"6081","new","Kill The Lights","atomsplitterpr","https://atomsplitterpr.com","2025-08-13",NULL
"6082","new","STARSET","atomsplitterpr","https://atomsplitterpr.com","2025-08-13",NULL
"6083","new","Killswitch Engage","atomsplitterpr","https://atomsplitterpr.com","2025-08-13",NULL
"6084","new","Pierce The Veil","atomsplitterpr","https://atomsplitterpr.com","2025-08-13",NULL
"6085","new","Closed Casket Activities","atomsplitterpr","https://atomsplitterpr.com","2025-08-13",NULL
"6086","new","As It Is","atomsplitterpr","https://atomsplitterpr.com","2025-08-13",NULL
"6087","new","Insane Clown Posse","atomsplitterpr","https://atomsplitterpr.com","2025-08-13",NULL
"6088","new","DEATH FROM ABOVE 1979","atomsplitterpr","https://atomsplitterpr.com","2025-08-13",NULL
"6089","new","NOBRO","atomsplitterpr","https://atomsplitterpr.com","2025-08-13",NULL
"6090","new","HURTWAVE","atomsplitterpr","https://atomsplitterpr.com","2025-08-13",NULL
"6091","new","KING 810","atomsplitterpr","https://atomsplitterpr.com","2025-08-13",NULL
"6092","new","Earth Groans","atomsplitterpr","https://atomsplitterpr.com","2025-08-13",NULL
"6093","new","END","atomsplitterpr","https://atomsplitterpr.com","2025-08-13",NULL
"6094","new","EGO KILL TALENT","atomsplitterpr","https://atomsplitterpr.com","2025-08-13",NULL
"6095","new","Capstan","atomsplitterpr","https://atomsplitterpr.com","2025-08-13",NULL
"6096","new","Will Putney","atomsplitterpr","https://atomsplitterpr.com","2025-08-13",NULL
"6097","new","JARHEAD FERTILIZER","atomsplitterpr","https://atomsplitterpr.com","2025-08-13",NULL
"6098","new","Jonah Matranga","atomsplitterpr","https://atomsplitterpr.com","2025-08-13",NULL
