"id","status","artist_name","agency_name","website_link","date_added","date_removed"
"9110","new","Beltran","","https://www.caa.com","2025-07-16",NULL
"9111","new","Paramore","","https://www.caa.com","2025-07-16",NULL
"9112","new","Ryan Bingham","","https://www.caa.com","2025-07-16",NULL
"9113","new","The Format","","https://www.caa.com","2025-07-16",NULL
"9114","new","Deaf Havana","","https://www.caa.com","2025-07-16",NULL
"9115","new","Knox","","https://www.caa.com","2025-07-16",NULL
"9116","new","Slowly Slowly","","https://www.caa.com","2025-07-16",NULL
"9117","new","Paul Kalkbrenner","","https://www.caa.com","2025-07-16",NULL
"9118","new","T Bone Burnett","","https://www.caa.com","2025-07-16",NULL
"9119","new","Hozier","","https://www.caa.com","2025-07-16",NULL
"9120","new","Blake Whiten","","https://www.caa.com","2025-07-16",NULL
"9121","new","Leslie Odom, Jr","","https://www.caa.com","2025-07-16",NULL
"9122","new","Joe Walsh","","https://www.caa.com","2025-07-16",NULL
"9123","new","Johnny Flynn and The Sussex Wit","","https://www.caa.com","2025-07-16",NULL
"9124","new","Andruss","","https://www.caa.com","2025-07-16",NULL
"9125","new","James McVey","","https://www.caa.com","2025-07-16",NULL
"9126","new","Abby Quinn","","https://www.caa.com","2025-07-16",NULL
"9127","new","Jay Leno","","https://www.caa.com","2025-07-16",NULL
"9128","new","Reid Haughton","","https://www.caa.com","2025-07-16",NULL
"9129","new","Kid Bookie","","https://www.caa.com","2025-07-16",NULL
"9130","new","John Martin","","https://www.caa.com","2025-07-16",NULL
"9131","new","Djo","","https://www.caa.com","2025-07-16",NULL
"9132","new","Von Boch","","https://www.caa.com","2025-07-16",NULL
"9133","new","Kanii","","https://www.caa.com","2025-07-16",NULL
"9134","new","Melanie Martinez","","https://www.caa.com","2025-07-16",NULL
"9135","new","Paris Paloma","","https://www.caa.com","2025-07-16",NULL
"9136","new","Warren Hue","","https://www.caa.com","2025-07-16",NULL
"9137","new","KiiiKiii","","https://www.caa.com","2025-07-16",NULL
"9138","new","YOASOBI","","https://www.caa.com","2025-07-16",NULL
"9139","new","Goldroom","","https://www.caa.com","2025-07-16",NULL
"9140","new","Todrick Hall","","https://www.caa.com","2025-07-16",NULL
"9141","new","Isabella Peschardt","","https://www.caa.com","2025-07-16",NULL
"9142","new","Father John Misty","","https://www.caa.com","2025-07-16",NULL
"9143","new","Jason Robert Brown","","https://www.caa.com","2025-07-16",NULL
"9144","new","Devin Dawson","","https://www.caa.com","2025-07-16",NULL
"9145","new","John Mellencamp","","https://www.caa.com","2025-07-16",NULL
"9146","new","Jay Bezzy","","https://www.caa.com","2025-07-16",NULL
"9147","new","Steve Lemme & Kevin Heffernan","","https://www.caa.com","2025-07-16",NULL
"9148","new","The Linda Lindas","","https://www.caa.com","2025-07-16",NULL
"9149","new","Ray Wylie Hubbard","","https://www.caa.com","2025-07-16",NULL
"9150","new","Darren Criss","","https://www.caa.com","2025-07-16",NULL
"9151","new","Alex Serra","","https://www.caa.com","2025-07-16",NULL
"9152","new","Architects","","https://www.caa.com","2025-07-16",NULL
"9153","new","John-Robert","","https://www.caa.com","2025-07-16",NULL
"9154","new","London Cheshire","","https://www.caa.com","2025-07-16",NULL
"9155","new","Brooklyn Queen","","https://www.caa.com","2025-07-16",NULL
"9156","new","Jamestown Revival","","https://www.caa.com","2025-07-16",NULL
"9157","new","Zara Larsson","","https://www.caa.com","2025-07-16",NULL
"9158","new","Noeline Hofmann","","https://www.caa.com","2025-07-16",NULL
"9159","new","Martin Ikin","","https://www.caa.com","2025-07-16",NULL
"9160","new","aprtment life","","https://www.caa.com","2025-07-16",NULL
"9161","new","Bodine","","https://www.caa.com","2025-07-16",NULL
"9162","new","Trevor Daniel","","https://www.caa.com","2025-07-16",NULL
"9163","new","Tituss Burgess","","https://www.caa.com","2025-07-16",NULL
"9164","new","Breaking Benjamin","","https://www.caa.com","2025-07-16",NULL
"9165","new","Lola Moxom","","https://www.caa.com","2025-07-16",NULL
"9166","new","Morcheeba","","https://www.caa.com","2025-07-16",NULL
"9167","new","Randall King","","https://www.caa.com","2025-07-16",NULL
"9168","new","The Compozers","","https://www.caa.com","2025-07-16",NULL
"9169","new","Bette Midler","","https://www.caa.com","2025-07-16",NULL
"9170","new","Metric","","https://www.caa.com","2025-07-16",NULL
"9171","new","Modest Mouse","","https://www.caa.com","2025-07-16",NULL
"9172","new","Karen O","","https://www.caa.com","2025-07-16",NULL
"9173","new","McFly","","https://www.caa.com","2025-07-16",NULL
"9174","new","Trevor Noah","","https://www.caa.com","2025-07-16",NULL
"9175","new","Sugababes","","https://www.caa.com","2025-07-16",NULL
"9176","new","Winston Surfshirt","","https://www.caa.com","2025-07-16",NULL
"9177","new","lovelytheband","","https://www.caa.com","2025-07-16",NULL
"9178","new","Nessa Barrett","","https://www.caa.com","2025-07-16",NULL
"9179","new","Sleepy Hallow","","https://www.caa.com","2025-07-16",NULL
"9180","new","Madison Bailey","","https://www.caa.com","2025-07-16",NULL
"9181","new","Ambrr","","https://www.caa.com","2025-07-16",NULL
"9182","new","Sophie Ellis Bextor","","https://www.caa.com","2025-07-16",NULL
"9183","new","New World Punx","","https://www.caa.com","2025-07-16",NULL
"9184","new","Terry Fator","","https://www.caa.com","2025-07-16",NULL
"9185","new","Lady Gaga","","https://www.caa.com","2025-07-16",NULL
"9186","new","Lizzy McAlpine","","https://www.caa.com","2025-07-16",NULL
"9187","new","Kiss","","https://www.caa.com","2025-07-16",NULL
"9188","new","Clayton Mullen","","https://www.caa.com","2025-07-16",NULL
"9189","new","Hearts2Hearts","","https://www.caa.com","2025-07-16",NULL
"9190","new","Serj Tankian","","https://www.caa.com","2025-07-16",NULL
"9191","new","The Walkmen","","https://www.caa.com","2025-07-16",NULL
"9192","new","Alison Krauss & Union Station","","https://www.caa.com","2025-07-16",NULL
"9193","new","Mumford & Sons","","https://www.caa.com","2025-07-16",NULL
"9194","new","Rini","","https://www.caa.com","2025-07-16",NULL
"9195","new","Princess Goes","","https://www.caa.com","2025-07-16",NULL
"9196","new","Mike Phillips","","https://www.caa.com","2025-07-16",NULL
"9197","new","GAWD","","https://www.caa.com","2025-07-16",NULL
"9198","new","Tinlicker","","https://www.caa.com","2025-07-16",NULL
"9199","new","Gore.","","https://www.caa.com","2025-07-16",NULL
"9200","new","Tom Morello","","https://www.caa.com","2025-07-16",NULL
"9201","new","Vanessa Williams","","https://www.caa.com","2025-07-16",NULL
"9202","new","Jodie Harsh","","https://www.caa.com","2025-07-16",NULL
"9203","new","Wesko","","https://www.caa.com","2025-07-16",NULL
"9204","new","La La Land in Concert","","https://www.caa.com","2025-07-16",NULL
"9205","new","Kylie Cantrall","","https://www.caa.com","2025-07-16",NULL
"9206","new","Yazmin Lacey","","https://www.caa.com","2025-07-16",NULL
"9207","new","Gavin Magnus","","https://www.caa.com","2025-07-16",NULL
"9208","new","Lennon Stella","","https://www.caa.com","2025-07-16",NULL
"9209","new","Rachel Foxx","","https://www.caa.com","2025-07-16",NULL
"9210","new","Aristotle Athari","","https://www.caa.com","2025-07-16",NULL
"9211","new","Francis of Delirium","","https://www.caa.com","2025-07-16",NULL
"9212","new","SIIGHTS","","https://www.caa.com","2025-07-16",NULL
"9213","new","Rozzi","","https://www.caa.com","2025-07-16",NULL
"9214","new","Franz Ferdinand","","https://www.caa.com","2025-07-16",NULL
"9215","new","Adam Devine","","https://www.caa.com","2025-07-16",NULL
"9216","new","Inayah","","https://www.caa.com","2025-07-16",NULL
"9217","new","Night Cap","","https://www.caa.com","2025-07-16",NULL
"9218","new","Jason Mraz","","https://www.caa.com","2025-07-16",NULL
"9219","new","Jessarae","","https://www.caa.com","2025-07-16",NULL
"9220","new","JR De Guzman","","https://www.caa.com","2025-07-16",NULL
"9221","new","Against Me!","","https://www.caa.com","2025-07-16",NULL
"9222","new","Vedo","","https://www.caa.com","2025-07-16",NULL
"9223","new","Armando Pantoja","","https://www.caa.com","2025-07-16",NULL
"9224","new","Dustin Tebbutt","","https://www.caa.com","2025-07-16",NULL
"9225","new","Miyu","","https://www.caa.com","2025-07-16",NULL
"9226","new","Cults","","https://www.caa.com","2025-07-16",NULL
"9227","new","Mr. Hudson","","https://www.caa.com","2025-07-16",NULL
"9228","new","Meghan Trainor","","https://www.caa.com","2025-07-16",NULL
"9229","new","Sebastian Schub","","https://www.caa.com","2025-07-16",NULL
"9230","new","Radiohead","","https://www.caa.com","2025-07-16",NULL
"9231","new","Phantogram","","https://www.caa.com","2025-07-16",NULL
"9232","new","Stella Lefty","","https://www.caa.com","2025-07-16",NULL
"9233","new","BIA","","https://www.caa.com","2025-07-16",NULL
"9234","new","Big Red Machine","","https://www.caa.com","2025-07-16",NULL
"9235","new","Jasiel Nuñez","","https://www.caa.com","2025-07-16",NULL
"9236","new","Kocky Ka","","https://www.caa.com","2025-07-16",NULL
"9237","new","Phoenix","","https://www.caa.com","2025-07-16",NULL
"9238","new","Robin Thicke","","https://www.caa.com","2025-07-16",NULL
"9239","new","Donavan’s Yard","","https://www.caa.com","2025-07-16",NULL
"9240","new","Hugel","","https://www.caa.com","2025-07-16",NULL
"9241","new","Triple One","","https://www.caa.com","2025-07-16",NULL
"9242","new","Chris Shiflett","","https://www.caa.com","2025-07-16",NULL
"9243","new","Little Big Town","","https://www.caa.com","2025-07-16",NULL
"9244","new","Lindsey Buckingham","","https://www.caa.com","2025-07-16",NULL
"9245","new","Michael Bolton","","https://www.caa.com","2025-07-16",NULL
"9246","new","Vegyn","","https://www.caa.com","2025-07-16",NULL
"9247","new","Tale Of Us","","https://www.caa.com","2025-07-16",NULL
"9248","new","GROUPLOVE","","https://www.caa.com","2025-07-16",NULL
"9249","new","A Legendary Night","","https://www.caa.com","2025-07-16",NULL
"9250","new","Marlon Craft","","https://www.caa.com","2025-07-16",NULL
"9251","new","Lyra","","https://www.caa.com","2025-07-16",NULL
"9252","new","Maverick Sabre","","https://www.caa.com","2025-07-16",NULL
"9253","new","FLY","","https://www.caa.com","2025-07-16",NULL
"9254","new","JVCK JAMES","","https://www.caa.com","2025-07-16",NULL
"9255","new","Khruangbin","","https://www.caa.com","2025-07-16",NULL
"9256","new","ELIZA","","https://www.caa.com","2025-07-16",NULL
"9257","new","James Davis","","https://www.caa.com","2025-07-16",NULL
"9258","new","Bobby & Jehnny","","https://www.caa.com","2025-07-16",NULL
"9259","new","Pixie Lott","","https://www.caa.com","2025-07-16",NULL
"9260","new","Renao","","https://www.caa.com","2025-07-16",NULL
"9261","new","BNXN (fka BUJU)","","https://www.caa.com","2025-07-16",NULL
"9262","new","Jeff Wright","","https://www.caa.com","2025-07-16",NULL
"9263","new","Paul Westerberg","","https://www.caa.com","2025-07-16",NULL
"9264","new","Adrienne Warren","","https://www.caa.com","2025-07-16",NULL
"9265","new","Will Heard","","https://www.caa.com","2025-07-16",NULL
"9266","new","Yamaneika Saunders","","https://www.caa.com","2025-07-16",NULL
"9267","new","JAM Jr.","","https://www.caa.com","2025-07-16",NULL
"9268","new","Chromeo","","https://www.caa.com","2025-07-16",NULL
"9269","new","Sofia Camara","","https://www.caa.com","2025-07-16",NULL
"9270","new","Krooked Kings","","https://www.caa.com","2025-07-16",NULL
"9271","new","Kölsch","","https://www.caa.com","2025-07-16",NULL
"9272","new","dEUS","","https://www.caa.com","2025-07-16",NULL
"9273","new","Bryan Adams","","https://www.caa.com","2025-07-16",NULL
"9274","new","Gladys Knight","","https://www.caa.com","2025-07-16",NULL
"9275","new","Niall Horan","","https://www.caa.com","2025-07-16",NULL
"9276","new","Hayes Warner","","https://www.caa.com","2025-07-16",NULL
"9277","new","Adam Lambert","","https://www.caa.com","2025-07-16",NULL
"9278","new","The Scarlet Opera","","https://www.caa.com","2025-07-16",NULL
"9279","new","Annabel Jones","","https://www.caa.com","2025-07-16",NULL
"9280","new","Josh Ritter","","https://www.caa.com","2025-07-16",NULL
"9281","new","Shaylen","","https://www.caa.com","2025-07-16",NULL
"9282","new","HANA","","https://www.caa.com","2025-07-16",NULL
"9283","new","Evanescence","","https://www.caa.com","2025-07-16",NULL
"9284","new","Matt Nathanson","","https://www.caa.com","2025-07-16",NULL
"9285","new","Nova Wav","","https://www.caa.com","2025-07-16",NULL
"9286","new","TWIN XL","","https://www.caa.com","2025-07-16",NULL
"9287","new","Paloma Faith","","https://www.caa.com","2025-07-16",NULL
"9288","new","Bryant Barnes","","https://www.caa.com","2025-07-16",NULL
"9289","new","Kitti","","https://www.caa.com","2025-07-16",NULL
"9290","new","Eagles","","https://www.caa.com","2025-07-16",NULL
"9291","new","Becky Robinson","","https://www.caa.com","2025-07-16",NULL
"9292","new","Pablo Francisco","","https://www.caa.com","2025-07-16",NULL
"9293","new","SuperJazzClub","","https://www.caa.com","2025-07-16",NULL
"9294","new","Counting Crows","","https://www.caa.com","2025-07-16",NULL
"9295","new","Anthony Hamilton","","https://www.caa.com","2025-07-16",NULL
"9296","new","Carole King","","https://www.caa.com","2025-07-16",NULL
"9297","new","Demi Lovato","","https://www.caa.com","2025-07-16",NULL
"9298","new","Austin Snell","","https://www.caa.com","2025-07-16",NULL
"9299","new","Ben Howard","","https://www.caa.com","2025-07-16",NULL
"9300","new","binki","","https://www.caa.com","2025-07-16",NULL
"9301","new","Elm","","https://www.caa.com","2025-07-16",NULL
"9302","new","Ian Edwards","","https://www.caa.com","2025-07-16",NULL
"9303","new","Lauren Alaina","","https://www.caa.com","2025-07-16",NULL
"9304","new","Mercer Henderson","","https://www.caa.com","2025-07-16",NULL
"9305","new","Jeff Dunham","","https://www.caa.com","2025-07-16",NULL
"9306","new","Eurythmics","","https://www.caa.com","2025-07-16",NULL
"9307","new","Ben Böhmer","","https://www.caa.com","2025-07-16",NULL
"9308","new","Tokin","","https://www.caa.com","2025-07-16",NULL
"9309","new","Chris Lorenzo","","https://www.caa.com","2025-07-16",NULL
"9310","new","Chvrches","","https://www.caa.com","2025-07-16",NULL
"9311","new","Samaria","","https://www.caa.com","2025-07-16",NULL
"9312","new","Yarden","","https://www.caa.com","2025-07-16",NULL
"9313","new","Paul Simon","","https://www.caa.com","2025-07-16",NULL
"9314","new","River Matthews","","https://www.caa.com","2025-07-16",NULL
"9315","new","Ian Brown","","https://www.caa.com","2025-07-16",NULL
"9316","new","Ismo","","https://www.caa.com","2025-07-16",NULL
"9317","new","Craig Ferguson","","https://www.caa.com","2025-07-16",NULL
"9318","new","Madlib","","https://www.caa.com","2025-07-16",NULL
"9319","new","Jonwayne","","https://www.caa.com","2025-07-16",NULL
"9320","new","Xu Xingyou","","https://www.caa.com","2025-07-16",NULL
"9321","new","The Four Tops","","https://www.caa.com","2025-07-16",NULL
"9322","new","Beck","","https://www.caa.com","2025-07-16",NULL
"9323","new","Maluma","","https://www.caa.com","2025-07-16",NULL
"9324","new","Jenny Slate","","https://www.caa.com","2025-07-16",NULL
"9325","new","Molly Kearney","","https://www.caa.com","2025-07-16",NULL
"9326","new","Nubya Garcia","","https://www.caa.com","2025-07-16",NULL
"9327","new","Donel","","https://www.caa.com","2025-07-16",NULL
"9328","new","Cole LC","","https://www.caa.com","2025-07-16",NULL
"9329","new","Sheff G","","https://www.caa.com","2025-07-16",NULL
"9330","new","Dylan Cotrone","","https://www.caa.com","2025-07-16",NULL
"9331","new","REN","","https://www.caa.com","2025-07-16",NULL
"9332","new","The Antlers","","https://www.caa.com","2025-07-16",NULL
"9333","new","Gizmo Varillas","","https://www.caa.com","2025-07-16",NULL
"9334","new","Grace Ives","","https://www.caa.com","2025-07-16",NULL
"9335","new","Zach Sang","","https://www.caa.com","2025-07-16",NULL
"9336","new","XOMG POP!","","https://www.caa.com","2025-07-16",NULL
"9337","new","Miss June","","https://www.caa.com","2025-07-16",NULL
"9338","new","Billie Joe Armstrong","","https://www.caa.com","2025-07-16",NULL
"9339","new","RAAHiiM","","https://www.caa.com","2025-07-16",NULL
"9340","new","Asleep At The Wheel","","https://www.caa.com","2025-07-16",NULL
"9341","new","IDLES","","https://www.caa.com","2025-07-16",NULL
"9342","new","Billy Tibbals","","https://www.caa.com","2025-07-16",NULL
"9343","new","Jessie Murph","","https://www.caa.com","2025-07-16",NULL
"8806","new","The Dresden Dolls","","https://www.highroadtouring.com","2025-07-16",NULL
"9344","new","Citizen Four","","https://www.caa.com","2025-07-16",NULL
"9345","new","Real Boston Richey","","https://www.caa.com","2025-07-16",NULL
"9346","new","NAVVY","","https://www.caa.com","2025-07-16",NULL
"9347","new","Michael McIntyre","","https://www.caa.com","2025-07-16",NULL
"9348","new","deryk","","https://www.caa.com","2025-07-16",NULL
"9349","new","Three Dog Night","","https://www.caa.com","2025-07-16",NULL
"9350","new","Deux Visages","","https://www.caa.com","2025-07-16",NULL
"9351","new","Taylor Hawkins and the Coattail Riders","","https://www.caa.com","2025-07-16",NULL
"9352","new","Tiffany Calver","","https://www.caa.com","2025-07-16",NULL
"9353","new","Set It Off","","https://www.caa.com","2025-07-16",NULL
"9354","new","Bren Joy","","https://www.caa.com","2025-07-16",NULL
"9355","new","Dayglow","","https://www.caa.com","2025-07-16",NULL
"9356","new","Isabelle Brown","","https://www.caa.com","2025-07-16",NULL
"9357","new","Cristoph","","https://www.caa.com","2025-07-16",NULL
"9358","new","Jon Stewart","","https://www.caa.com","2025-07-16",NULL
"9359","new","We Are Scientists","","https://www.caa.com","2025-07-16",NULL
"9360","new","Andrew Lopez","","https://www.caa.com","2025-07-16",NULL
"9361","new","Kevin Garrett","","https://www.caa.com","2025-07-16",NULL
"9362","new","Herobust","","https://www.caa.com","2025-07-16",NULL
"9363","new","The Night Game","","https://www.caa.com","2025-07-16",NULL
"9364","new","Dewayne Perkins","","https://www.caa.com","2025-07-16",NULL
"9365","new","Wyatt Flores","","https://www.caa.com","2025-07-16",NULL
"9366","new","Ethan Regan","","https://www.caa.com","2025-07-16",NULL
"9367","new","Rise Against","","https://www.caa.com","2025-07-16",NULL
"9368","new","Kevin Drew","","https://www.caa.com","2025-07-16",NULL
"9369","new","Casey Lowry","","https://www.caa.com","2025-07-16",NULL
"9370","new","Miley Cyrus","","https://www.caa.com","2025-07-16",NULL
"9371","new","Tyler Braden","","https://www.caa.com","2025-07-16",NULL
"9372","new","Rhyan Douglas","","https://www.caa.com","2025-07-16",NULL
"9373","new","Grandaddy","","https://www.caa.com","2025-07-16",NULL
"9374","new","Aubory Bugg","","https://www.caa.com","2025-07-16",NULL
"9375","new","Devan","","https://www.caa.com","2025-07-16",NULL
"9376","new","Bonnie Raitt","","https://www.caa.com","2025-07-16",NULL
"9377","new","Steven Castillo","","https://www.caa.com","2025-07-16",NULL
"9378","new","Brandon Jenner","","https://www.caa.com","2025-07-16",NULL
"9379","new","Joey Avery","","https://www.caa.com","2025-07-16",NULL
"9380","new","Anfisa Letyago","","https://www.caa.com","2025-07-16",NULL
"9381","new","Luke Borchelt","","https://www.caa.com","2025-07-16",NULL
"9382","new","Konyikeh","","https://www.caa.com","2025-07-16",NULL
"9383","new","The Paradox","","https://www.caa.com","2025-07-16",NULL
"9384","new","Qveen Herby","","https://www.caa.com","2025-07-16",NULL
"9385","new","Alexisonfire","","https://www.caa.com","2025-07-16",NULL
"9386","new","Natasha Leggero","","https://www.caa.com","2025-07-16",NULL
"9387","new","Mariah Carey","","https://www.caa.com","2025-07-16",NULL
"9388","new","2woBunnies","","https://www.caa.com","2025-07-16",NULL
"9389","new","Leigh-Anne Pinnock","","https://www.caa.com","2025-07-16",NULL
"9390","new","AViVA","","https://www.caa.com","2025-07-16",NULL
"9391","new","4 Non Blondes","","https://www.caa.com","2025-07-16",NULL
"9392","new","Foggieraw","","https://www.caa.com","2025-07-16",NULL
"9393","new","Andrew Schulz","","https://www.caa.com","2025-07-16",NULL
"9394","new","Muni Long","","https://www.caa.com","2025-07-16",NULL
"9395","new","ShxtsNGigs","","https://www.caa.com","2025-07-16",NULL
"9396","new","aespa","","https://www.caa.com","2025-07-16",NULL
"9397","new","Lola Lennox","","https://www.caa.com","2025-07-16",NULL
"9398","new","Shawn Mendes","","https://www.caa.com","2025-07-16",NULL
"9399","new","The Fray","","https://www.caa.com","2025-07-16",NULL
"9400","new","G Jones","","https://www.caa.com","2025-07-16",NULL
"9401","new","Sasha Colby","","https://www.caa.com","2025-07-16",NULL
"9402","new","Sooshi Mango","","https://www.caa.com","2025-07-16",NULL
"9403","new","Sasha Calle","","https://www.caa.com","2025-07-16",NULL
"9404","new","Eliot Sumner","","https://www.caa.com","2025-07-16",NULL
"9405","new","Dave Stewart","","https://www.caa.com","2025-07-16",NULL
"9406","new","Discip","","https://www.caa.com","2025-07-16",NULL
"9407","new","Gavin Turek","","https://www.caa.com","2025-07-16",NULL
"9408","new","Katt Williams","","https://www.caa.com","2025-07-16",NULL
"9409","new","Cecily Strong","","https://www.caa.com","2025-07-16",NULL
"9410","new","REO Speedwagon","","https://www.caa.com","2025-07-16",NULL
"9411","new","half•alive","","https://www.caa.com","2025-07-16",NULL
"9412","new","RuPaul's Drag Race","","https://www.caa.com","2025-07-16",NULL
"9413","new","ARXX","","https://www.caa.com","2025-07-16",NULL
"9414","new","Dermot Kennedy","","https://www.caa.com","2025-07-16",NULL
"9415","new","Superheaven","","https://www.caa.com","2025-07-16",NULL
"9416","new","Thelma & James","","https://www.caa.com","2025-07-16",NULL
"9417","new","Ady Suleiman","","https://www.caa.com","2025-07-16",NULL
"9418","new","Slow Joy","","https://www.caa.com","2025-07-16",NULL
"9419","new","The Replacements","","https://www.caa.com","2025-07-16",NULL
"9420","new","Bayker Blankenship","","https://www.caa.com","2025-07-16",NULL
"9421","new","Danzig","","https://www.caa.com","2025-07-16",NULL
"9422","new","I Prevail","","https://www.caa.com","2025-07-16",NULL
"9423","new","Bloom Twins","","https://www.caa.com","2025-07-16",NULL
"9424","new","Matt Bellamy","","https://www.caa.com","2025-07-16",NULL
"9425","new","Sophie May","","https://www.caa.com","2025-07-16",NULL
"9426","new","Frank Iero","","https://www.caa.com","2025-07-16",NULL
"9427","new","City and Colour","","https://www.caa.com","2025-07-16",NULL
"9428","new","Garth Brooks","","https://www.caa.com","2025-07-16",NULL
"9429","new","Ezra Collective","","https://www.caa.com","2025-07-16",NULL
"9430","new","Bruce Springsteen","","https://www.caa.com","2025-07-16",NULL
"9431","new","Matt Friend","","https://www.caa.com","2025-07-16",NULL
"9432","new","Eelke Kleijn","","https://www.caa.com","2025-07-16",NULL
"9433","new","Flying Mojito Bros","","https://www.caa.com","2025-07-16",NULL
"9434","new","Night Ranger","","https://www.caa.com","2025-07-16",NULL
"9435","new","Garbage","","https://www.caa.com","2025-07-16",NULL
"9436","new","Mitch Rowland","","https://www.caa.com","2025-07-16",NULL
"9437","new","The Hanseroth Twins","","https://www.caa.com","2025-07-16",NULL
"9438","new","Nurse John","","https://www.caa.com","2025-07-16",NULL
"9439","new","Brandy Norwood","","https://www.caa.com","2025-07-16",NULL
"9440","new","Imogen Heap","","https://www.caa.com","2025-07-16",NULL
"9441","new","5 Seconds Of Summer","","https://www.caa.com","2025-07-16",NULL
"9442","new","Ramirez","","https://www.caa.com","2025-07-16",NULL
"9443","new","Lasso","","https://www.caa.com","2025-07-16",NULL
"9444","new","Luis Fonsi","","https://www.caa.com","2025-07-16",NULL
"9445","new","John O'Callaghan","","https://www.caa.com","2025-07-16",NULL
"9446","new","Reece Bibby","","https://www.caa.com","2025-07-16",NULL
"9447","new","The Chicks","","https://www.caa.com","2025-07-16",NULL
"9448","new","Brody Dalle","","https://www.caa.com","2025-07-16",NULL
"9449","new","Westlife","","https://www.caa.com","2025-07-16",NULL
"9450","new","Aidan Bissett","","https://www.caa.com","2025-07-16",NULL
"9451","new","Gabriel Iglesias","","https://www.caa.com","2025-07-16",NULL
"9452","new","Janelle James","","https://www.caa.com","2025-07-16",NULL
"9453","new","Sarah McLachlan","","https://www.caa.com","2025-07-16",NULL
"9454","new","Ed O'Brien","","https://www.caa.com","2025-07-16",NULL
"9455","new","Bryan Ferry","","https://www.caa.com","2025-07-16",NULL
"9456","new","Crosby, Stills & Nash","","https://www.caa.com","2025-07-16",NULL
"9457","new","ANOHNI and the Johnsons","","https://www.caa.com","2025-07-16",NULL
"9458","new","Obongjayar","","https://www.caa.com","2025-07-16",NULL
"9459","new","A Tribe Called Quest","","https://www.caa.com","2025-07-16",NULL
"9460","new","DannyLux","","https://www.caa.com","2025-07-16",NULL
"9461","new","MOY","","https://www.caa.com","2025-07-16",NULL
"9462","new","Collective Soul","","https://www.caa.com","2025-07-16",NULL
"9463","new","Jamie Cullum","","https://www.caa.com","2025-07-16",NULL
"9464","new","Texas","","https://www.caa.com","2025-07-16",NULL
"9465","new","Maggie Rogers","","https://www.caa.com","2025-07-16",NULL
"9466","new","Hello August","","https://www.caa.com","2025-07-16",NULL
"9467","new","Diana Krall","","https://www.caa.com","2025-07-16",NULL
"9468","new","Radio Free Alice","","https://www.caa.com","2025-07-16",NULL
"9469","new","Sabrina Brier","","https://www.caa.com","2025-07-16",NULL
"9470","new","Rammstein","","https://www.caa.com","2025-07-16",NULL
"9471","new","Lana Lubany","","https://www.caa.com","2025-07-16",NULL
"9472","new","Isabella Lovestory","","https://www.caa.com","2025-07-16",NULL
"9473","new","Paulina Rubio","","https://www.caa.com","2025-07-16",NULL
"9474","new","Jennifer Nettles","","https://www.caa.com","2025-07-16",NULL
"9475","new","Harry Styles","","https://www.caa.com","2025-07-16",NULL
"9476","new","Tori Amos","","https://www.caa.com","2025-07-16",NULL
"9477","new","Zainab Johnson","","https://www.caa.com","2025-07-16",NULL
"9478","new","James McCann","","https://www.caa.com","2025-07-16",NULL
"9479","new","B Young","","https://www.caa.com","2025-07-16",NULL
"9480","new","Bang Yongguk","","https://www.caa.com","2025-07-16",NULL
"9481","new","The McElroys","","https://www.caa.com","2025-07-16",NULL
"9482","new","Kesha","","https://www.caa.com","2025-07-16",NULL
"9483","new","Raveena","","https://www.caa.com","2025-07-16",NULL
"9484","new","STONE","","https://www.caa.com","2025-07-16",NULL
"9485","new","Tones and I","","https://www.caa.com","2025-07-16",NULL
"9486","new","Gipsy Kings featuring Nicolas Reyes","","https://www.caa.com","2025-07-16",NULL
"9487","new","San Pacho","","https://www.caa.com","2025-07-16",NULL
"9488","new","Busted","","https://www.caa.com","2025-07-16",NULL
"9489","new","Alex Coles","","https://www.caa.com","2025-07-16",NULL
"9490","new","Kelsey Cook","","https://www.caa.com","2025-07-16",NULL
"9491","new","Post Malone","","https://www.caa.com","2025-07-16",NULL
"9492","new","Hollywood Vampires","","https://www.caa.com","2025-07-16",NULL
"9493","new","Cobra Starship","","https://www.caa.com","2025-07-16",NULL
"9494","new","L.Mayland","","https://www.caa.com","2025-07-16",NULL
"9495","new","This Is Important Podcast","","https://www.caa.com","2025-07-16",NULL
"9496","new","Ben Sterling","","https://www.caa.com","2025-07-16",NULL
"9497","new","H.E.R.","","https://www.caa.com","2025-07-16",NULL
"9498","new","Scott Hoying","","https://www.caa.com","2025-07-16",NULL
"9499","new","Sarz","","https://www.caa.com","2025-07-16",NULL
"9500","new","Lifehouse","","https://www.caa.com","2025-07-16",NULL
"9501","new","Club Heart Broken","","https://www.caa.com","2025-07-16",NULL
"9502","new","Blake Mills","","https://www.caa.com","2025-07-16",NULL
"9503","new","Tion Wayne","","https://www.caa.com","2025-07-16",NULL
"9504","new","The Roots","","https://www.caa.com","2025-07-16",NULL
"9505","new","We the Kings","","https://www.caa.com","2025-07-16",NULL
"9506","new","Green Day","","https://www.caa.com","2025-07-16",NULL
"9507","new","Tone Bell","","https://www.caa.com","2025-07-16",NULL
"9508","new","Foals","","https://www.caa.com","2025-07-16",NULL
"9509","new","Michael W. Smith","","https://www.caa.com","2025-07-16",NULL
"9510","new","DREAMCAR","","https://www.caa.com","2025-07-16",NULL
"9511","new","Nelly Furtado","","https://www.caa.com","2025-07-16",NULL
"9512","new","Scarlett Loran","","https://www.caa.com","2025-07-16",NULL
"9513","new","RZA","","https://www.caa.com","2025-07-16",NULL
"9514","new","Cat Clyde","","https://www.caa.com","2025-07-16",NULL
"9515","new","Bora Uzer","","https://www.caa.com","2025-07-16",NULL
"9516","new","Lion","","https://www.caa.com","2025-07-16",NULL
"9517","new","Tommy Holohan","","https://www.caa.com","2025-07-16",NULL
"9518","new","Wu Tang Clan","","https://www.caa.com","2025-07-16",NULL
"9519","new","Yannis & The Yaw","","https://www.caa.com","2025-07-16",NULL
"9520","new","Millkzy","","https://www.caa.com","2025-07-16",NULL
"9521","new","Poe Leos","","https://www.caa.com","2025-07-16",NULL
"9522","new","Gerry Cinnamon","","https://www.caa.com","2025-07-16",NULL
"9523","new","Vibeline","","https://www.caa.com","2025-07-16",NULL
"9524","new","Marlon Hoffstadt","","https://www.caa.com","2025-07-16",NULL
"9525","new","Tia Wood","","https://www.caa.com","2025-07-16",NULL
"9526","new","deadmau5","","https://www.caa.com","2025-07-16",NULL
"9527","new","Betty Who","","https://www.caa.com","2025-07-16",NULL
"9528","new","Martina Stoessel","","https://www.caa.com","2025-07-16",NULL
"9529","new","Death Cab For Cutie","","https://www.caa.com","2025-07-16",NULL
"9530","new","Ellie Goulding","","https://www.caa.com","2025-07-16",NULL
"233","new","KLOUD","","https://www.spinartistagency.com","2025-07-16",NULL
"9531","new","Tim Dillon","","https://www.caa.com","2025-07-16",NULL
"9532","new","Bleachers","","https://www.caa.com","2025-07-16",NULL
"9533","new","Kungs","","https://www.caa.com","2025-07-16",NULL
"9534","new","Jungleboi","","https://www.caa.com","2025-07-16",NULL
"9535","new","The Melvins","","https://www.caa.com","2025-07-16",NULL
"9536","new","Ashton Irwin","","https://www.caa.com","2025-07-16",NULL
"9537","new","Marcus Mumford","","https://www.caa.com","2025-07-16",NULL
"9538","new","Ambré","","https://www.caa.com","2025-07-16",NULL
"9539","new","Norah Jones","","https://www.caa.com","2025-07-16",NULL
"9540","new","Jellybean Benitez","","https://www.caa.com","2025-07-16",NULL
"9541","new","Erika Kullberg","","https://www.caa.com","2025-07-16",NULL
"9542","new","Stolen Nova","","https://www.caa.com","2025-07-16",NULL
"9543","new","Culture Club","","https://www.caa.com","2025-07-16",NULL
"9544","new","Peter Kim","","https://www.caa.com","2025-07-16",NULL
"9545","new","Adam Friedland","","https://www.caa.com","2025-07-16",NULL
"9546","new","Band of Horses","","https://www.caa.com","2025-07-16",NULL
"9547","new","Shakes & Les","","https://www.caa.com","2025-07-16",NULL
"9548","new","The Black Angels","","https://www.caa.com","2025-07-16",NULL
"9549","new","Joba","","https://www.caa.com","2025-07-16",NULL
"9550","new","Air","","https://www.caa.com","2025-07-16",NULL
"9551","new","Jim Belushi & The Board of Comedy","","https://www.caa.com","2025-07-16",NULL
"9552","new","Queen Extravaganza","","https://www.caa.com","2025-07-16",NULL
"9553","new","Kolby Cooper","","https://www.caa.com","2025-07-16",NULL
"9554","new","The Elevator Boys","","https://www.caa.com","2025-07-16",NULL
"9555","new","Pond","","https://www.caa.com","2025-07-16",NULL
"9556","new","David Rawlings","","https://www.caa.com","2025-07-16",NULL
"9557","new","Ludovico Einaudi","","https://www.caa.com","2025-07-16",NULL
"9558","new","Niall Breslin","","https://www.caa.com","2025-07-16",NULL
"9559","new","Myles Stephenson","","https://www.caa.com","2025-07-16",NULL
"9560","new","Slipknot","","https://www.caa.com","2025-07-16",NULL
"9561","new","Maroon 5","","https://www.caa.com","2025-07-16",NULL
"9562","new","Kevin Cronin","","https://www.caa.com","2025-07-16",NULL
"9563","new","Marlon Funaki","","https://www.caa.com","2025-07-16",NULL
"9564","new","Maya Hawke","","https://www.caa.com","2025-07-16",NULL
"9565","new","BXKS","","https://www.caa.com","2025-07-16",NULL
"9566","new","Tim Robinson","","https://www.caa.com","2025-07-16",NULL
"9567","new","The Postal Service & Death Cab for Cutie","","https://www.caa.com","2025-07-16",NULL
"9568","new","Rosey Gold","","https://www.caa.com","2025-07-16",NULL
"9569","new","Danae Hays","","https://www.caa.com","2025-07-16",NULL
"9570","new","Joaquina Kalukango","","https://www.caa.com","2025-07-16",NULL
"9571","new","ADMT","","https://www.caa.com","2025-07-16",NULL
"9572","new","ChaseWest","","https://www.caa.com","2025-07-16",NULL
"9573","new","HOSH","","https://www.caa.com","2025-07-16",NULL
"9574","new","The Big Pink","","https://www.caa.com","2025-07-16",NULL
"9575","new","Hilary Duff","","https://www.caa.com","2025-07-16",NULL
"9576","new","Yulia Niko","","https://www.caa.com","2025-07-16",NULL
"9577","new","Venus & the Flytraps","","https://www.caa.com","2025-07-16",NULL
"9578","new","Blame My Youth","","https://www.caa.com","2025-07-16",NULL
"9579","new","James Morrison","","https://www.caa.com","2025-07-16",NULL
"9580","new","Method Man & Redman","","https://www.caa.com","2025-07-16",NULL
"9581","new","Joshwa","","https://www.caa.com","2025-07-16",NULL
"9582","new","Parallelle","","https://www.caa.com","2025-07-16",NULL
"9583","new","Brooke Fraser","","https://www.caa.com","2025-07-16",NULL
"9584","new","Ben Rector","","https://www.caa.com","2025-07-16",NULL
"9585","new","Carl Broemel","","https://www.caa.com","2025-07-16",NULL
"9586","new","Kojey Radical","","https://www.caa.com","2025-07-16",NULL
"9587","new","Mouth Culture","","https://www.caa.com","2025-07-16",NULL
"9588","new","Kountry Wayne","","https://www.caa.com","2025-07-16",NULL
"9589","new","Kate Hudson","","https://www.caa.com","2025-07-16",NULL
"9590","new","Henry Moodie","","https://www.caa.com","2025-07-16",NULL
"9591","new","Fivio Foreign","","https://www.caa.com","2025-07-16",NULL
"9592","new","Monsta X","","https://www.caa.com","2025-07-16",NULL
"9593","new","Alice Phoebe Lou","","https://www.caa.com","2025-07-16",NULL
"9594","new","Naomi Ekperigin","","https://www.caa.com","2025-07-16",NULL
"9595","new","Rema","","https://www.caa.com","2025-07-16",NULL
"9596","new","Anna Akana","","https://www.caa.com","2025-07-16",NULL
"9597","new","Yoke Lore","","https://www.caa.com","2025-07-16",NULL
"9598","new","Dylan John Thomas","","https://www.caa.com","2025-07-16",NULL
"9599","new","Liza Treyger","","https://www.caa.com","2025-07-16",NULL
"9600","new","Topic","","https://www.caa.com","2025-07-16",NULL
"9601","new","Citizen Queen","","https://www.caa.com","2025-07-16",NULL
"9602","new","Anthony Ramos","","https://www.caa.com","2025-07-16",NULL
"9603","new","The Temper Trap","","https://www.caa.com","2025-07-16",NULL
"9604","new","Bobby","","https://www.caa.com","2025-07-16",NULL
"9605","new","Concrete Boys","","https://www.caa.com","2025-07-16",NULL
"9606","new","Jax Jones","","https://www.caa.com","2025-07-16",NULL
"9607","new","Ximena Sarinana","","https://www.caa.com","2025-07-16",NULL
"9608","new","Stefanie Sun","","https://www.caa.com","2025-07-16",NULL
"9609","new","Miguel","","https://www.caa.com","2025-07-16",NULL
"9610","new","Marten Lou","","https://www.caa.com","2025-07-16",NULL
"9611","new","Wynn Williams","","https://www.caa.com","2025-07-16",NULL
"9612","new","Blaccmass","","https://www.caa.com","2025-07-16",NULL
"9613","new","D.I.D.","","https://www.caa.com","2025-07-16",NULL
"9614","new","Aerosmith","","https://www.caa.com","2025-07-16",NULL
"9615","new","STS9","","https://www.caa.com","2025-07-16",NULL
"9616","new","CLIP","","https://www.caa.com","2025-07-16",NULL
"9617","new","Ashley Thomas","","https://www.caa.com","2025-07-16",NULL
"9618","new","Khalid","","https://www.caa.com","2025-07-16",NULL
"9619","new","L.O.L. Surprise! Live","","https://www.caa.com","2025-07-16",NULL
"9620","new","Sherry Cola","","https://www.caa.com","2025-07-16",NULL
"9621","new","Landon Parker","","https://www.caa.com","2025-07-16",NULL
"9622","new","Ben Platt","","https://www.caa.com","2025-07-16",NULL
"9623","new","Justina Valentine","","https://www.caa.com","2025-07-16",NULL
"9624","new","SAINt JHN","","https://www.caa.com","2025-07-16",NULL
"9625","new","August Charles","","https://www.caa.com","2025-07-16",NULL
"9626","new","MUNA","","https://www.caa.com","2025-07-16",NULL
"9627","new","Carter Faith","","https://www.caa.com","2025-07-16",NULL
"9628","new","Krept & Konan","","https://www.caa.com","2025-07-16",NULL
"9629","new","Phoebe AXA","","https://www.caa.com","2025-07-16",NULL
"9630","new","The Mars Volta","","https://www.caa.com","2025-07-16",NULL
"9631","new","Sea Girls","","https://www.caa.com","2025-07-16",NULL
"9632","new","James Bay","","https://www.caa.com","2025-07-16",NULL
"9633","new","Steven Curtis Chapman","","https://www.caa.com","2025-07-16",NULL
"9634","new","Head Automatica","","https://www.caa.com","2025-07-16",NULL
"9635","new","Mau P","","https://www.caa.com","2025-07-16",NULL
"9636","new","Tommy Chong","","https://www.caa.com","2025-07-16",NULL
"9637","new","Dan Harmon","","https://www.caa.com","2025-07-16",NULL
"9638","new","Lala Hayden","","https://www.caa.com","2025-07-16",NULL
"9639","new","Suho","","https://www.caa.com","2025-07-16",NULL
"9640","new","Jodeci","","https://www.caa.com","2025-07-16",NULL
"9641","new","Pardison Fontaine","","https://www.caa.com","2025-07-16",NULL
"9642","new","Salt-N-Pepa","","https://www.caa.com","2025-07-16",NULL
"9643","new","HighSchool","","https://www.caa.com","2025-07-16",NULL
"9644","new","Luke Grimes","","https://www.caa.com","2025-07-16",NULL
"9645","new","Nathan Davis Jr","","https://www.caa.com","2025-07-16",NULL
"9646","new","Sparoh","","https://www.caa.com","2025-07-16",NULL
"9647","new","Purple Disco Machine","","https://www.caa.com","2025-07-16",NULL
"9648","new","SAYGRACE","","https://www.caa.com","2025-07-16",NULL
"9649","new","Paul Simonon","","https://www.caa.com","2025-07-16",NULL
"9650","new","Etta Marcus","","https://www.caa.com","2025-07-16",NULL
"9651","new","Elliphant","","https://www.caa.com","2025-07-16",NULL
"9652","new","Bauhaus","","https://www.caa.com","2025-07-16",NULL
"9653","new","Karen Chee","","https://www.caa.com","2025-07-16",NULL
"9654","new","Sigur Ros","","https://www.caa.com","2025-07-16",NULL
"9655","new","MIYAVI","","https://www.caa.com","2025-07-16",NULL
"9656","new","girl in red","","https://www.caa.com","2025-07-16",NULL
"9657","new","Lil Mabu","","https://www.caa.com","2025-07-16",NULL
"9658","new","Mary Lambert","","https://www.caa.com","2025-07-16",NULL
"9659","new","Seb Lowe","","https://www.caa.com","2025-07-16",NULL
"9660","new","Loreen","","https://www.caa.com","2025-07-16",NULL
"9661","new","Darren Kiely","","https://www.caa.com","2025-07-16",NULL
"9662","new","Ward Thomas","","https://www.caa.com","2025-07-16",NULL
"9663","new","Pentatonix","","https://www.caa.com","2025-07-16",NULL
"9664","new","Blake.08","","https://www.caa.com","2025-07-16",NULL
"9665","new","Petey Martin","","https://www.caa.com","2025-07-16",NULL
"9666","new","Bullet For My Valentine","","https://www.caa.com","2025-07-16",NULL
"8807","new","The Fiery Furnaces","","https://www.highroadtouring.com","2025-07-16",NULL
"9667","new","Osh","","https://www.caa.com","2025-07-16",NULL
"9668","new","Day We Ran","","https://www.caa.com","2025-07-16",NULL
"9669","new","Drayton Farley","","https://www.caa.com","2025-07-16",NULL
"9670","new","Starr Parodi","","https://www.caa.com","2025-07-16",NULL
"9671","new","Still Blank","","https://www.caa.com","2025-07-16",NULL
"9672","new","James Corden","","https://www.caa.com","2025-07-16",NULL
"9673","new","Mark Ronson","","https://www.caa.com","2025-07-16",NULL
"9674","new","Steve Treviño","","https://www.caa.com","2025-07-16",NULL
"9675","new","The Wanted","","https://www.caa.com","2025-07-16",NULL
"9676","new","Blitz Bazawule","","https://www.caa.com","2025-07-16",NULL
"9677","new","Dino Ranch Live!","","https://www.caa.com","2025-07-16",NULL
"9678","new","Njomza","","https://www.caa.com","2025-07-16",NULL
"9679","new","Noah Kahan","","https://www.caa.com","2025-07-16",NULL
"9680","new","Oliver Heldens","","https://www.caa.com","2025-07-16",NULL
"9681","new","Rufus Du Sol","","https://www.caa.com","2025-07-16",NULL
"9682","new","Willie Jones","","https://www.caa.com","2025-07-16",NULL
"9683","new","JACOTÉNE","","https://www.caa.com","2025-07-16",NULL
"9684","new","Dylan Mulvaney","","https://www.caa.com","2025-07-16",NULL
"9685","new","CTRL","","https://www.caa.com","2025-07-16",NULL
"9686","new","Deftones","","https://www.caa.com","2025-07-16",NULL
"9687","new","Jewel","","https://www.caa.com","2025-07-16",NULL
"9688","new","Tamino","","https://www.caa.com","2025-07-16",NULL
"9689","new","Jonas Blue","","https://www.caa.com","2025-07-16",NULL
"9690","new","Agents of Time DJ","","https://www.caa.com","2025-07-16",NULL
"9691","new","Hans Zimmer","","https://www.caa.com","2025-07-16",NULL
"9692","new","PRETTYMUCH","","https://www.caa.com","2025-07-16",NULL
"9693","new","Nadeem Din-Gabisi","","https://www.caa.com","2025-07-16",NULL
"9694","new","Dane Cook","","https://www.caa.com","2025-07-16",NULL
"9695","new","Orbital","","https://www.caa.com","2025-07-16",NULL
"9696","new","The Offspring","","https://www.caa.com","2025-07-16",NULL
"9697","new","Donald Fagen","","https://www.caa.com","2025-07-16",NULL
"8808","new","Wilco","","https://www.highroadtouring.com","2025-07-16",NULL
"9698","new","Moon Taxi","","https://www.caa.com","2025-07-16",NULL
"9699","new","Party101","","https://www.caa.com","2025-07-16",NULL
"9700","new","Aaron Hibell","","https://www.caa.com","2025-07-16",NULL
"9701","new","T.J. Miller","","https://www.caa.com","2025-07-16",NULL
"9702","new","Jai'Len Josey","","https://www.caa.com","2025-07-16",NULL
"9703","new","Brett Eldredge","","https://www.caa.com","2025-07-16",NULL
"9704","new","Gracie Abrams","","https://www.caa.com","2025-07-16",NULL
"9705","new","The 502s","","https://www.caa.com","2025-07-16",NULL
"9706","new","Hueston","","https://www.caa.com","2025-07-16",NULL
"9707","new","Descendants","","https://www.caa.com","2025-07-16",NULL
"9708","new","Sam Smith","","https://www.caa.com","2025-07-16",NULL
"9709","new","The Righteous Young","","https://www.caa.com","2025-07-16",NULL
"9710","new","Pevova","","https://www.caa.com","2025-07-16",NULL
"9711","new","Just Mustard","","https://www.caa.com","2025-07-16",NULL
"9712","new","The Price Is Right Live","","https://www.caa.com","2025-07-16",NULL
"9713","new","Ioanna Gika","","https://www.caa.com","2025-07-16",NULL
"9714","new","Sophie Truax","","https://www.caa.com","2025-07-16",NULL
"9715","new","Sarah Brightman","","https://www.caa.com","2025-07-16",NULL
"9716","new","Joan Jett and The Blackhearts","","https://www.caa.com","2025-07-16",NULL
"9717","new","Dolly Parton","","https://www.caa.com","2025-07-16",NULL
"9718","new","Ma Yinyin","","https://www.caa.com","2025-07-16",NULL
"9719","new","James Taylor","","https://www.caa.com","2025-07-16",NULL
"9720","new","Lee Burridge","","https://www.caa.com","2025-07-16",NULL
"9721","new","Sky Ferreira","","https://www.caa.com","2025-07-16",NULL
"9722","new","Charlie Wilson","","https://www.caa.com","2025-07-16",NULL
"9723","new","Obskür","","https://www.caa.com","2025-07-16",NULL
"9724","new","Speakers Corners Quartet","","https://www.caa.com","2025-07-16",NULL
"9725","new","Rumer","","https://www.caa.com","2025-07-16",NULL
"9726","new","Twenty One Pilots","","https://www.caa.com","2025-07-16",NULL
"9727","new","Dido","","https://www.caa.com","2025-07-16",NULL
"9728","new","Flogging Molly","","https://www.caa.com","2025-07-16",NULL
"9729","new","Feathered Sun","","https://www.caa.com","2025-07-16",NULL
"9730","new","Five","","https://www.caa.com","2025-07-16",NULL
"9731","new","Lyn Lapid","","https://www.caa.com","2025-07-16",NULL
"9732","new","Keith Urban","","https://www.caa.com","2025-07-16",NULL
"9733","new","mau5trap","","https://www.caa.com","2025-07-16",NULL
"9734","new","Fat Tony","","https://www.caa.com","2025-07-16",NULL
"9735","new","Allison Russell","","https://www.caa.com","2025-07-16",NULL
"9736","new","Logan Rex","","https://www.caa.com","2025-07-16",NULL
"9737","new","Disney Junior Live","","https://www.caa.com","2025-07-16",NULL
"9738","new","Jimmy O. Yang","","https://www.caa.com","2025-07-16",NULL
"9739","new","Sydney Rose","","https://www.caa.com","2025-07-16",NULL
"9740","new","CVBZ","","https://www.caa.com","2025-07-16",NULL
"9741","new","Sam Hunt","","https://www.caa.com","2025-07-16",NULL
"9742","new","Sub Urban","","https://www.caa.com","2025-07-16",NULL
"9743","new","Niambi","","https://www.caa.com","2025-07-16",NULL
"9744","new","Nicky Romero","","https://www.caa.com","2025-07-16",NULL
"9745","new","The Mavericks","","https://www.caa.com","2025-07-16",NULL
"9746","new","Darkoo","","https://www.caa.com","2025-07-16",NULL
"9747","new","Sara Landry","","https://www.caa.com","2025-07-16",NULL
"9748","new","Qendresa","","https://www.caa.com","2025-07-16",NULL
"9749","new","Kaeto","","https://www.caa.com","2025-07-16",NULL
"9750","new","Steve Winwood","","https://www.caa.com","2025-07-16",NULL
"9751","new","John Vincent III","","https://www.caa.com","2025-07-16",NULL
"9752","new","Henry Morris","","https://www.caa.com","2025-07-16",NULL
"9753","new","Huddy","","https://www.caa.com","2025-07-16",NULL
"9754","new","WhoMadeWho","","https://www.caa.com","2025-07-16",NULL
"9755","new","Atlus","","https://www.caa.com","2025-07-16",NULL
"9756","new","Harry Connick, Jr.","","https://www.caa.com","2025-07-16",NULL
"9757","new","O.A.R.","","https://www.caa.com","2025-07-16",NULL
"9758","new","Abigail Barlow","","https://www.caa.com","2025-07-16",NULL
"9759","new","Michael Sanzone","","https://www.caa.com","2025-07-16",NULL
"9760","new","JoJo Siwa","","https://www.caa.com","2025-07-16",NULL
"9761","new","Recover","","https://www.caa.com","2025-07-16",NULL
"9762","new","Asif Ali","","https://www.caa.com","2025-07-16",NULL
"9763","new","Vanessa Hudgens","","https://www.caa.com","2025-07-16",NULL
"9764","new","Sharon Van Etten","","https://www.caa.com","2025-07-16",NULL
"9765","new","Spacey Jane","","https://www.caa.com","2025-07-16",NULL
"9766","new","Tonic","","https://www.caa.com","2025-07-16",NULL
"9767","new","CEO Trayle","","https://www.caa.com","2025-07-16",NULL
"9768","new","Bashy","","https://www.caa.com","2025-07-16",NULL
"9769","new","Aleman","","https://www.caa.com","2025-07-16",NULL
"9770","new","The Script","","https://www.caa.com","2025-07-16",NULL
"9771","new","Tamar Braxton","","https://www.caa.com","2025-07-16",NULL
"9772","new","Gretta Ray","","https://www.caa.com","2025-07-16",NULL
"9773","new","Menudo","","https://www.caa.com","2025-07-16",NULL
"9774","new","Ken Jeong","","https://www.caa.com","2025-07-16",NULL
"9775","new","The Murder Capital","","https://www.caa.com","2025-07-16",NULL
"9776","new","Alexander 23","","https://www.caa.com","2025-07-16",NULL
"9777","new","Rak-Su","","https://www.caa.com","2025-07-16",NULL
"9778","new","Olivia Dean","","https://www.caa.com","2025-07-16",NULL
"9779","new","Ed Kowalczyk","","https://www.caa.com","2025-07-16",NULL
"1356","new","Matt Corby","","https://www.teamwass.com","2025-07-16",NULL
"9780","new","Gym Class Heroes","","https://www.caa.com","2025-07-16",NULL
"9781","new","Skip Marley","","https://www.caa.com","2025-07-16",NULL
"9782","new","Maty Noyes","","https://www.caa.com","2025-07-16",NULL
"9783","new","Nick Hexum","","https://www.caa.com","2025-07-16",NULL
"9784","new","Desi Lydic","","https://www.caa.com","2025-07-16",NULL
"8809","new","Django Django","","https://www.highroadtouring.com","2025-07-16",NULL
"9785","new","Walker Montgomery","","https://www.caa.com","2025-07-16",NULL
"9786","new","Brooke Lee","","https://www.caa.com","2025-07-16",NULL
"9787","new","ENNY","","https://www.caa.com","2025-07-16",NULL
"9788","new","Seven Hours After Violet","","https://www.caa.com","2025-07-16",NULL
"9789","new","Darius Rucker","","https://www.caa.com","2025-07-16",NULL
"9790","new","Annie DiRusso","","https://www.caa.com","2025-07-16",NULL
"8810","new","Coco","","https://www.highroadtouring.com","2025-07-16",NULL
"9791","new","Jason Derulo","","https://www.caa.com","2025-07-16",NULL
"9792","new","Pecos and the Rooftops","","https://www.caa.com","2025-07-16",NULL
"9793","new","parismatiq","","https://www.caa.com","2025-07-16",NULL
"9794","new","KSI","","https://www.caa.com","2025-07-16",NULL
"9795","new","TJR","","https://www.caa.com","2025-07-16",NULL
"9796","new","The Arcs","","https://www.caa.com","2025-07-16",NULL
"9797","new","Iron Maiden","","https://www.caa.com","2025-07-16",NULL
"9798","new","Marfa","","https://www.caa.com","2025-07-16",NULL
"9799","new","David Guetta","","https://www.caa.com","2025-07-16",NULL
"9800","new","Nick Mulvey","","https://www.caa.com","2025-07-16",NULL
"9801","new","Tears For Fears","","https://www.caa.com","2025-07-16",NULL
"9802","new","Kaleb Cohen","","https://www.caa.com","2025-07-16",NULL
"9803","new","Babyxsosa","","https://www.caa.com","2025-07-16",NULL
"9804","new","Paloma Mami","","https://www.caa.com","2025-07-16",NULL
"9805","new","Sol Heilo","","https://www.caa.com","2025-07-16",NULL
"9806","new","The Future X","","https://www.caa.com","2025-07-16",NULL
"9807","new","Mato Wayuhi","","https://www.caa.com","2025-07-16",NULL
"9808","new","311","","https://www.caa.com","2025-07-16",NULL
"9809","new","Ariana DeBose","","https://www.caa.com","2025-07-16",NULL
"9810","new","Blackberry Smoke","","https://www.caa.com","2025-07-16",NULL
"9811","new","Jordan Klepper","","https://www.caa.com","2025-07-16",NULL
"9812","new","Tipper","","https://www.caa.com","2025-07-16",NULL
"9813","new","SAKYI","","https://www.caa.com","2025-07-16",NULL
"9814","new","Gucci Mane","","https://www.caa.com","2025-07-16",NULL
"9815","new","Marlon Williams","","https://www.caa.com","2025-07-16",NULL
"9816","new","Derrick Westbrook","","https://www.caa.com","2025-07-16",NULL
"9817","new","Method Man","","https://www.caa.com","2025-07-16",NULL
"9818","new","Laila!","","https://www.caa.com","2025-07-16",NULL
"9819","new","Bobby Lee","","https://www.caa.com","2025-07-16",NULL
"9820","new","Russell Dickerson","","https://www.caa.com","2025-07-16",NULL
"9821","new","Honky Tonkin’ in Queens","","https://www.caa.com","2025-07-16",NULL
"9822","new","My Chemical Romance","","https://www.caa.com","2025-07-16",NULL
"9823","new","Collard","","https://www.caa.com","2025-07-16",NULL
"9824","new","Chuck D","","https://www.caa.com","2025-07-16",NULL
"8811","new","Hand Habits","","https://www.highroadtouring.com","2025-07-16",NULL
"9825","new","Kelsea Ballerini","","https://www.caa.com","2025-07-16",NULL
"9826","new","Samara Joy","","https://www.caa.com","2025-07-16",NULL
"9827","new","Judi Jackson","","https://www.caa.com","2025-07-16",NULL
"9828","new","Good Charlotte","","https://www.caa.com","2025-07-16",NULL
"9829","new","Smino","","https://www.caa.com","2025-07-16",NULL
"9830","new","Prunk","","https://www.caa.com","2025-07-16",NULL
"9831","new","Jimmy Eat World","","https://www.caa.com","2025-07-16",NULL
"9832","new","Celeste","","https://www.caa.com","2025-07-16",NULL
"9833","new","Aaron Bruno","","https://www.caa.com","2025-07-16",NULL
"9834","new","Hoodie Allen","","https://www.caa.com","2025-07-16",NULL
"9835","new","Pegassi","","https://www.caa.com","2025-07-16",NULL
"9836","new","Mark Tuan","","https://www.caa.com","2025-07-16",NULL
"9837","new","Devo","","https://www.caa.com","2025-07-16",NULL
"9838","new","Kim Petras","","https://www.caa.com","2025-07-16",NULL
"9839","new","Abi Carter","","https://www.caa.com","2025-07-16",NULL
"9840","new","Holmes","","https://www.caa.com","2025-07-16",NULL
"9841","new","Lykke Li","","https://www.caa.com","2025-07-16",NULL
"9842","new","Taiaysha","","https://www.caa.com","2025-07-16",NULL
"9843","new","Edie Brickell & New Bohemians","","https://www.caa.com","2025-07-16",NULL
"9844","new","Beattie","","https://www.caa.com","2025-07-16",NULL
"9845","new","Kae Tempest","","https://www.caa.com","2025-07-16",NULL
"9846","new","Louise Redknapp","","https://www.caa.com","2025-07-16",NULL
"9847","new","Karley Scott Collins","","https://www.caa.com","2025-07-16",NULL
"9848","new","CHXRRY","","https://www.caa.com","2025-07-16",NULL
"9849","new","Natalie Jane","","https://www.caa.com","2025-07-16",NULL
"9850","new","Bat For Lashes","","https://www.caa.com","2025-07-16",NULL
"9851","new","Max George","","https://www.caa.com","2025-07-16",NULL
"9852","new","Keshi","","https://www.caa.com","2025-07-16",NULL
"9853","new","Kee Nola","","https://www.caa.com","2025-07-16",NULL
"9854","new","Belle Frantz","","https://www.caa.com","2025-07-16",NULL
"9855","new","Bob Dylan","","https://www.caa.com","2025-07-16",NULL
"9856","new","Beverley Knight","","https://www.caa.com","2025-07-16",NULL
"9857","new","Anderson .Paak & The Free Nationals","","https://www.caa.com","2025-07-16",NULL
"9858","new","Chiiild","","https://www.caa.com","2025-07-16",NULL
"9859","new","Star Wars: In Concert","","https://www.caa.com","2025-07-16",NULL
"9860","new","Travie McCoy","","https://www.caa.com","2025-07-16",NULL
"9861","new","Philip Bowen","","https://www.caa.com","2025-07-16",NULL
"9862","new","Tove Lo","","https://www.caa.com","2025-07-16",NULL
"9863","new","Yves Jarvis","","https://www.caa.com","2025-07-16",NULL
"9864","new","LOVRA","","https://www.caa.com","2025-07-16",NULL
"9865","new","Steven Battelle","","https://www.caa.com","2025-07-16",NULL
"9866","new","Yungblud","","https://www.caa.com","2025-07-16",NULL
"9867","new","Dan + Shay","","https://www.caa.com","2025-07-16",NULL
"9868","new","The Aubreys","","https://www.caa.com","2025-07-16",NULL
"9869","new","Eden Joel","","https://www.caa.com","2025-07-16",NULL
"9870","new","DejaVu","","https://www.caa.com","2025-07-16",NULL
"9871","new","David Arlo","","https://www.caa.com","2025-07-16",NULL
"9872","new","A Blaze Of Feather","","https://www.caa.com","2025-07-16",NULL
"9873","new","The National","","https://www.caa.com","2025-07-16",NULL
"9874","new","Gunnar Latham","","https://www.caa.com","2025-07-16",NULL
"9875","new","Fall Out Boy","","https://www.caa.com","2025-07-16",NULL
"9876","new","Max Silvestri","","https://www.caa.com","2025-07-16",NULL
"9877","new","Violent Vira","","https://www.caa.com","2025-07-16",NULL
"9878","new","Cruza","","https://www.caa.com","2025-07-16",NULL
"9879","new","R3HAB","","https://www.caa.com","2025-07-16",NULL
"9880","new","The Rescues","","https://www.caa.com","2025-07-16",NULL
"9881","new","Max & Harvey","","https://www.caa.com","2025-07-16",NULL
"9882","new","Tennis","","https://www.caa.com","2025-07-16",NULL
"9883","new","LULU","","https://www.caa.com","2025-07-16",NULL
"9884","new","LOONY","","https://www.caa.com","2025-07-16",NULL
"9885","new","The Heavy Heavy","","https://www.caa.com","2025-07-16",NULL
"9886","new","Benjamin Scheuer","","https://www.caa.com","2025-07-16",NULL
"9887","new","Will Smith","","https://www.caa.com","2025-07-16",NULL
"9888","new","Barbra Streisand","","https://www.caa.com","2025-07-16",NULL
"9889","new","Heidi Gardner","","https://www.caa.com","2025-07-16",NULL
"9890","new","Jonny Greenwood","","https://www.caa.com","2025-07-16",NULL
"9891","new","Sean O'Connor","","https://www.caa.com","2025-07-16",NULL
"9892","new","Hailey Knox","","https://www.caa.com","2025-07-16",NULL
"9893","new","Now More Than Ever","","https://www.caa.com","2025-07-16",NULL
"9894","new","LS Dunes","","https://www.caa.com","2025-07-16",NULL
"8812","new","THE THE","","https://www.highroadtouring.com","2025-07-16",NULL
"9895","new","Binker and Moses","","https://www.caa.com","2025-07-16",NULL
"9896","new","Chromatics","","https://www.caa.com","2025-07-16",NULL
"9897","new","Nick Murphy","","https://www.caa.com","2025-07-16",NULL
"9898","new","Whiplash in Concert","","https://www.caa.com","2025-07-16",NULL
"9899","new","Carly Pearce","","https://www.caa.com","2025-07-16",NULL
"9900","new","Hailee Steinfeld","","https://www.caa.com","2025-07-16",NULL
"9901","new","Emo Nite LA","","https://www.caa.com","2025-07-16",NULL
"9902","new","Cat Power","","https://www.caa.com","2025-07-16",NULL
"9903","new","Tiny Habits","","https://www.caa.com","2025-07-16",NULL
"9904","new","Polyphia","","https://www.caa.com","2025-07-16",NULL
"9905","new","okgiorgio","","https://www.caa.com","2025-07-16",NULL
"9906","new","James Arthur","","https://www.caa.com","2025-07-16",NULL
"9907","new","Joe","","https://www.caa.com","2025-07-16",NULL
"9908","new","Elkan","","https://www.caa.com","2025-07-16",NULL
"9909","new","Rita Wilson","","https://www.caa.com","2025-07-16",NULL
"9910","new","Hypaton","","https://www.caa.com","2025-07-16",NULL
"9911","new","Winnie Raeder","","https://www.caa.com","2025-07-16",NULL
"9912","new","PARTYOF2","","https://www.caa.com","2025-07-16",NULL
"9913","new","Nick Swardson","","https://www.caa.com","2025-07-16",NULL
"9914","new","Damon Wayans","","https://www.caa.com","2025-07-16",NULL
"9915","new","Kevin Olusola","","https://www.caa.com","2025-07-16",NULL
"9916","new","The Japanese House","","https://www.caa.com","2025-07-16",NULL
"9917","new","Neil Giraldo","","https://www.caa.com","2025-07-16",NULL
"9918","new","Patrick Murphy","","https://www.caa.com","2025-07-16",NULL
"9919","new","Silversun Pickups","","https://www.caa.com","2025-07-16",NULL
"9920","new","Natalie Palamides","","https://www.caa.com","2025-07-16",NULL
"9921","new","NoMBe","","https://www.caa.com","2025-07-16",NULL
"9922","new","Ryan Woods","","https://www.caa.com","2025-07-16",NULL
"9923","new","Chris Ryan","","https://www.caa.com","2025-07-16",NULL
"9924","new","Hannah Bronfman","","https://www.caa.com","2025-07-16",NULL
"9925","new","Gowan","","https://www.caa.com","2025-07-16",NULL
"9926","new","Hardcastle","","https://www.caa.com","2025-07-16",NULL
"9927","new","Peach Pit","","https://www.caa.com","2025-07-16",NULL
"9928","new","Anti-General","","https://www.caa.com","2025-07-16",NULL
"9929","new","CHINCHILLA","","https://www.caa.com","2025-07-16",NULL
"9930","new","Southall","","https://www.caa.com","2025-07-16",NULL
"9931","new","Will Butler","","https://www.caa.com","2025-07-16",NULL
"9932","new","John K","","https://www.caa.com","2025-07-16",NULL
"9933","new","Amy Manford","","https://www.caa.com","2025-07-16",NULL
"9934","new","Jay Mohr","","https://www.caa.com","2025-07-16",NULL
"9935","new","Jameson Rodgers","","https://www.caa.com","2025-07-16",NULL
"9936","new","Sad Summer Festival","","https://www.caa.com","2025-07-16",NULL
"9937","new","Sam Fender","","https://www.caa.com","2025-07-16",NULL
"9938","new","USNA","","https://www.caa.com","2025-07-16",NULL
"9939","new","Absnt Mind","","https://www.caa.com","2025-07-16",NULL
"9940","new","India Shawn","","https://www.caa.com","2025-07-16",NULL
"9941","new","Witch Post","","https://www.caa.com","2025-07-16",NULL
"9942","new","SuperM","","https://www.caa.com","2025-07-16",NULL
"9943","new","Jennifer Hudson","","https://www.caa.com","2025-07-16",NULL
"9944","new","LIZZEN","","https://www.caa.com","2025-07-16",NULL
"9945","new","Mia Wray","","https://www.caa.com","2025-07-16",NULL
"9946","new","Bilmuri","","https://www.caa.com","2025-07-16",NULL
"9947","new","New Medicine","","https://www.caa.com","2025-07-16",NULL
"9948","new","Isaac Gibson","","https://www.caa.com","2025-07-16",NULL
"9949","new","Mona","","https://www.caa.com","2025-07-16",NULL
"9950","new","Baby Rose","","https://www.caa.com","2025-07-16",NULL
"9951","new","Eve","","https://www.caa.com","2025-07-16",NULL
"9952","new","Haiden Henderson","","https://www.caa.com","2025-07-16",NULL
"9953","new","The Backseat Lovers","","https://www.caa.com","2025-07-16",NULL
"9954","new","James Austin Johnson","","https://www.caa.com","2025-07-16",NULL
"9955","new","Matt Mathews","","https://www.caa.com","2025-07-16",NULL
"9956","new","Flyana Boss","","https://www.caa.com","2025-07-16",NULL
"9957","new","Chevelle","","https://www.caa.com","2025-07-16",NULL
"9958","new","Kem","","https://www.caa.com","2025-07-16",NULL
"9959","new","Zeddy Will","","https://www.caa.com","2025-07-16",NULL
"9960","new","DJ Windows 98","","https://www.caa.com","2025-07-16",NULL
"9961","new","Declan McKenna","","https://www.caa.com","2025-07-16",NULL
"9962","new","Hello Yello","","https://www.caa.com","2025-07-16",NULL
"9963","new","Sophia Galaté","","https://www.caa.com","2025-07-16",NULL
"9964","new","Brendan Walter","","https://www.caa.com","2025-07-16",NULL
"9965","new","Alice Wetterlund","","https://www.caa.com","2025-07-16",NULL
"9966","new","Corey Taylor","","https://www.caa.com","2025-07-16",NULL
"9967","new","Enrique Iglesias","","https://www.caa.com","2025-07-16",NULL
"9968","new","Lucy Dacus","","https://www.caa.com","2025-07-16",NULL
"9969","new","Barry Gibb","","https://www.caa.com","2025-07-16",NULL
"9970","new","XSCAP3","","https://www.caa.com","2025-07-16",NULL
"9971","new","Poppy","","https://www.caa.com","2025-07-16",NULL
"9972","new","Susan Tedeschi","","https://www.caa.com","2025-07-16",NULL
"9973","new","The Smile","","https://www.caa.com","2025-07-16",NULL
"9974","new","Chaka Khan","","https://www.caa.com","2025-07-16",NULL
"9975","new","Dawn Richard","","https://www.caa.com","2025-07-16",NULL
"9976","new","Jack Garratt","","https://www.caa.com","2025-07-16",NULL
"9977","new","Aaron Tveit","","https://www.caa.com","2025-07-16",NULL
"9978","new","PNAU","","https://www.caa.com","2025-07-16",NULL
"9979","new","Galimatias","","https://www.caa.com","2025-07-16",NULL
"9980","new","H3Rizon","","https://www.caa.com","2025-07-16",NULL
"9981","new","Erika Jayne","","https://www.caa.com","2025-07-16",NULL
"9982","new","Dyllón Burnside","","https://www.caa.com","2025-07-16",NULL
"9983","new","BabyChiefDoit","","https://www.caa.com","2025-07-16",NULL
"8813","new","Anna B Savage","","https://www.highroadtouring.com","2025-07-16",NULL
"9984","new","Cornelia Jakobs","","https://www.caa.com","2025-07-16",NULL
"9985","new","Froy Gutierrez","","https://www.caa.com","2025-07-16",NULL
"9986","new","Rose Gray","","https://www.caa.com","2025-07-16",NULL
"9987","new","At The Drive In","","https://www.caa.com","2025-07-16",NULL
"9988","new","Minke","","https://www.caa.com","2025-07-16",NULL
"9989","new","Girl Group","","https://www.caa.com","2025-07-16",NULL
"9990","new","Chris Garcia","","https://www.caa.com","2025-07-16",NULL
"9991","new","Clap Your Hands Say, Yeah!","","https://www.caa.com","2025-07-16",NULL
"9992","new","Will Young","","https://www.caa.com","2025-07-16",NULL
"9993","new","Michelle Buteau","","https://www.caa.com","2025-07-16",NULL
"9994","new","19 Keys","","https://www.caa.com","2025-07-16",NULL
"9995","new","Gallant","","https://www.caa.com","2025-07-16",NULL
"9996","new","Olivia O’Brien","","https://www.caa.com","2025-07-16",NULL
"9997","new","veggi","","https://www.caa.com","2025-07-16",NULL
"9998","new","The Smashing Pumpkins","","https://www.caa.com","2025-07-16",NULL
"9999","new","Tommy Newport","","https://www.caa.com","2025-07-16",NULL
"10000","new","Jazmin Bean","","https://www.caa.com","2025-07-16",NULL
"10001","new","Mya","","https://www.caa.com","2025-07-16",NULL
"10002","new","Avril Lavigne","","https://www.caa.com","2025-07-16",NULL
"10003","new","Carlos Mencia","","https://www.caa.com","2025-07-16",NULL
"10004","new","The Rapture","","https://www.caa.com","2025-07-16",NULL
"10005","new","Bon Iver","","https://www.caa.com","2025-07-16",NULL
"10006","new","Chained Saint","","https://www.caa.com","2025-07-16",NULL
"10007","new","Iration","","https://www.caa.com","2025-07-16",NULL
"10008","new","Kim Dracula","","https://www.caa.com","2025-07-16",NULL
"10009","new","Pardyalone","","https://www.caa.com","2025-07-16",NULL
"10010","new","NIKI","","https://www.caa.com","2025-07-16",NULL
"10011","new","Thom Yorke","","https://www.caa.com","2025-07-16",NULL
"10012","new","Soulection","","https://www.caa.com","2025-07-16",NULL
"10013","new","Kofi Stone","","https://www.caa.com","2025-07-16",NULL
"10014","new","Conexión Divina","","https://www.caa.com","2025-07-16",NULL
"10015","new","Nina Utashiro","","https://www.caa.com","2025-07-16",NULL
"10016","new","Jay Pharoah","","https://www.caa.com","2025-07-16",NULL
"10017","new","Silva Bumpa","","https://www.caa.com","2025-07-16",NULL
"10018","new","Deb Never","","https://www.caa.com","2025-07-16",NULL
"10019","new","Charlotte Lawrence","","https://www.caa.com","2025-07-16",NULL
"10020","new","Atoms for Peace","","https://www.caa.com","2025-07-16",NULL
"10021","new","Robert DeLong","","https://www.caa.com","2025-07-16",NULL
"10022","new","Caroline Jones","","https://www.caa.com","2025-07-16",NULL
"10023","new","Gary Sinise and The Lt. Dan Band","","https://www.caa.com","2025-07-16",NULL
"10024","new","Matt Koziol","","https://www.caa.com","2025-07-16",NULL
"10025","new","EMEREE","","https://www.caa.com","2025-07-16",NULL
"10026","new","Kip Moore","","https://www.caa.com","2025-07-16",NULL
"10027","new","Boots","","https://www.caa.com","2025-07-16",NULL
"10028","new","Mick Jenkins","","https://www.caa.com","2025-07-16",NULL
"10029","new","Mick Hucknall","","https://www.caa.com","2025-07-16",NULL
"10030","new","Arcade Fire","","https://www.caa.com","2025-07-16",NULL
"10031","new","Bon Jovi","","https://www.caa.com","2025-07-16",NULL
"10032","new","Lavell Crawford","","https://www.caa.com","2025-07-16",NULL
"10033","new","MistaJam","","https://www.caa.com","2025-07-16",NULL
"10034","new","Grayscale","","https://www.caa.com","2025-07-16",NULL
"10035","new","Chy Anne","","https://www.caa.com","2025-07-16",NULL
"10036","new","Googoosh","","https://www.caa.com","2025-07-16",NULL
"10037","new","Femi Koleoso","","https://www.caa.com","2025-07-16",NULL
"10038","new","Sofia Nino De Rivera","","https://www.caa.com","2025-07-16",NULL
"10039","new","Glass Animals","","https://www.caa.com","2025-07-16",NULL
"10040","new","Jessimae Peluso","","https://www.caa.com","2025-07-16",NULL
"10041","new","Shania Twain","","https://www.caa.com","2025-07-16",NULL
"10042","new","Chance Peña","","https://www.caa.com","2025-07-16",NULL
"10043","new","Drew Parker","","https://www.caa.com","2025-07-16",NULL
"10044","new","Mallu Magalhães","","https://www.caa.com","2025-07-16",NULL
"10045","new","tobi lou","","https://www.caa.com","2025-07-16",NULL
"10046","new","Twinnie","","https://www.caa.com","2025-07-16",NULL
"10047","new","Minus Gravity","","https://www.caa.com","2025-07-16",NULL
"10048","new","Cloonee","","https://www.caa.com","2025-07-16",NULL
"10049","new","Mo Amer","","https://www.caa.com","2025-07-16",NULL
"10050","new","Wayne Brady","","https://www.caa.com","2025-07-16",NULL
"10051","new","Emmy Blotnick","","https://www.caa.com","2025-07-16",NULL
"10052","new","Michael Bublé","","https://www.caa.com","2025-07-16",NULL
"10053","new","Nicole Scherzinger","","https://www.caa.com","2025-07-16",NULL
"10054","new","BJ The Chicago Kid","","https://www.caa.com","2025-07-16",NULL
"10055","new","Jessy Blakemore","","https://www.caa.com","2025-07-16",NULL
"10056","new","Sanni M'Mairura","","https://www.caa.com","2025-07-16",NULL
"10057","new","Janani K. Jha","","https://www.caa.com","2025-07-16",NULL
"10058","new","Ryan & Rory","","https://www.caa.com","2025-07-16",NULL
"10059","new","Ian Karmel","","https://www.caa.com","2025-07-16",NULL
"10060","new","Anyma","","https://www.caa.com","2025-07-16",NULL
"10061","new","9lives","","https://www.caa.com","2025-07-16",NULL
"10062","new","Bedouin","","https://www.caa.com","2025-07-16",NULL
"10063","new","Ayo Edebiri","","https://www.caa.com","2025-07-16",NULL
"10064","new","Lorde","","https://www.caa.com","2025-07-16",NULL
"10065","new","Conan Gray","","https://www.caa.com","2025-07-16",NULL
"10066","new","Greg Davies","","https://www.caa.com","2025-07-16",NULL
"10067","new","Billy Raffoul","","https://www.caa.com","2025-07-16",NULL
"10068","new","Cameron A G","","https://www.caa.com","2025-07-16",NULL
"10069","new","Yumi Zouma","","https://www.caa.com","2025-07-16",NULL
"10070","new","ICYTWAT","","https://www.caa.com","2025-07-16",NULL
"10071","new","William Clark Green","","https://www.caa.com","2025-07-16",NULL
"10072","new","Hernan Cattaneo","","https://www.caa.com","2025-07-16",NULL
"10073","new","Billy Porter","","https://www.caa.com","2025-07-16",NULL
"10074","new","Dylan","","https://www.caa.com","2025-07-16",NULL
"10075","new","Brijean","","https://www.caa.com","2025-07-16",NULL
"10076","new","Alice In Chains","","https://www.caa.com","2025-07-16",NULL
"10077","new","Chad Daniels","","https://www.caa.com","2025-07-16",NULL
"10078","new","Lance Bass","","https://www.caa.com","2025-07-16",NULL
"10079","new","Priya Ragu","","https://www.caa.com","2025-07-16",NULL
"10080","new","Steven James","","https://www.caa.com","2025-07-16",NULL
"10081","new","Towa Bird","","https://www.caa.com","2025-07-16",NULL
"10082","new","JAIN","","https://www.caa.com","2025-07-16",NULL
"10083","new","Keir","","https://www.caa.com","2025-07-16",NULL
"10084","new","Ken Carson","","https://www.caa.com","2025-07-16",NULL
"10085","new","Lauren Mayberry","","https://www.caa.com","2025-07-16",NULL
"10086","new","Liyah Katana","","https://www.caa.com","2025-07-16",NULL
"10087","new","Metro Boomin","","https://www.caa.com","2025-07-16",NULL
"10088","new","Jonsi","","https://www.caa.com","2025-07-16",NULL
"10089","new","Willie Nelson","","https://www.caa.com","2025-07-16",NULL
"10090","new","Ghostemane","","https://www.caa.com","2025-07-16",NULL
"10091","new","Jordan Temple","","https://www.caa.com","2025-07-16",NULL
"10092","new","Chrissy Metz","","https://www.caa.com","2025-07-16",NULL
"10093","new","Howie Mandel","","https://www.caa.com","2025-07-16",NULL
"10094","new","Little Dragon","","https://www.caa.com","2025-07-16",NULL
"10095","new","Amelie Lens","","https://www.caa.com","2025-07-16",NULL
"10096","new","Elizabeth Nichols","","https://www.caa.com","2025-07-16",NULL
"10097","new","Nick Mullen","","https://www.caa.com","2025-07-16",NULL
"10098","new","Colyn","","https://www.caa.com","2025-07-16",NULL
"10099","new","Francis and the Lights","","https://www.caa.com","2025-07-16",NULL
"10100","new","Annie Lederman","","https://www.caa.com","2025-07-16",NULL
"10101","new","Melanie De Biasio","","https://www.caa.com","2025-07-16",NULL
"10102","new","The Saturdays","","https://www.caa.com","2025-07-16",NULL
"10103","new","Stone Roses","","https://www.caa.com","2025-07-16",NULL
"10104","new","Arcadia Spectacular","","https://www.caa.com","2025-07-16",NULL
"10105","new","TEMS","","https://www.caa.com","2025-07-16",NULL
"10106","new","Ashe","","https://www.caa.com","2025-07-16",NULL
"10107","new","Bianca Del Rio","","https://www.caa.com","2025-07-16",NULL
"10108","new","Of Monsters and Men","","https://www.caa.com","2025-07-16",NULL
"10109","new","Lionel Richie","","https://www.caa.com","2025-07-16",NULL
"10110","new","Tame Impala","","https://www.caa.com","2025-07-16",NULL
"10111","new","Julia Michaels","","https://www.caa.com","2025-07-16",NULL
"10112","new","Carlita","","https://www.caa.com","2025-07-16",NULL
"10113","new","kryptogram","","https://www.caa.com","2025-07-16",NULL
"10114","new","Lady Leshurr","","https://www.caa.com","2025-07-16",NULL
"10115","new","Henry Rollins","","https://www.caa.com","2025-07-16",NULL
"10116","new","Straylight Run","","https://www.caa.com","2025-07-16",NULL
"10117","new","dodie","","https://www.caa.com","2025-07-16",NULL
"10118","new","Hayley Kiyoko","","https://www.caa.com","2025-07-16",NULL
"10119","new","The Summer Set","","https://www.caa.com","2025-07-16",NULL
"10120","new","Claire Rosinkranz","","https://www.caa.com","2025-07-16",NULL
"10121","new","Grace Gaustad","","https://www.caa.com","2025-07-16",NULL
"10122","new","The Vamps","","https://www.caa.com","2025-07-16",NULL
"10123","new","NF","","https://www.caa.com","2025-07-16",NULL
"10124","new","Jean-Michel Jarre","","https://www.caa.com","2025-07-16",NULL
"10125","new","Sid Shyne","","https://www.caa.com","2025-07-16",NULL
"10126","new","Jason Lytle","","https://www.caa.com","2025-07-16",NULL
"10127","new","Amira Elfeky","","https://www.caa.com","2025-07-16",NULL
"10128","new","Billy Crystal","","https://www.caa.com","2025-07-16",NULL
"10129","new","Dan Gill","","https://www.caa.com","2025-07-16",NULL
"10130","new","WanMor","","https://www.caa.com","2025-07-16",NULL
"10131","new","Chloe Jane","","https://www.caa.com","2025-07-16",NULL
"10132","new","Coleman Jennings","","https://www.caa.com","2025-07-16",NULL
"10133","new","Mat Franco","","https://www.caa.com","2025-07-16",NULL
"10134","new","Bilal","","https://www.caa.com","2025-07-16",NULL
"10135","new","Hannah McFarland","","https://www.caa.com","2025-07-16",NULL
"10136","new","Angus & Julia Stone","","https://www.caa.com","2025-07-16",NULL
"10137","new","Lianne La Havas","","https://www.caa.com","2025-07-16",NULL
"10138","new","B.ROB","","https://www.caa.com","2025-07-16",NULL
"10139","new","Essam Sasa","","https://www.caa.com","2025-07-16",NULL
"10140","new","Sofiane Pamart","","https://www.caa.com","2025-07-16",NULL
"10141","new","Beau Cruz","","https://www.caa.com","2025-07-16",NULL
"10142","new","Alan Cumming","","https://www.caa.com","2025-07-16",NULL
"1702","new","Sunflower Bean","","https://www.teamwass.com","2025-07-16",NULL
"10143","new","Rap Game","","https://www.caa.com","2025-07-16",NULL
"10144","new","William Shatner Presents Star Trek II: Wrath of Khan","","https://www.caa.com","2025-07-16",NULL
"10145","new","Bishop Briggs","","https://www.caa.com","2025-07-16",NULL
"10146","new","Benjamin Joseph","","https://www.caa.com","2025-07-16",NULL
"10147","new","Ryn Weaver","","https://www.caa.com","2025-07-16",NULL
"10148","new","Joel McHale","","https://www.caa.com","2025-07-16",NULL
"10149","new","Lenny Kravitz","","https://www.caa.com","2025-07-16",NULL
"10150","new","Charley Crockett","","https://www.caa.com","2025-07-16",NULL
"10151","new","Anthony Rodia","","https://www.caa.com","2025-07-16",NULL
"10152","new","PVRIS","","https://www.caa.com","2025-07-16",NULL
"10153","new","Full Circle Boys","","https://www.caa.com","2025-07-16",NULL
"10154","new","John Fogerty","","https://www.caa.com","2025-07-16",NULL
"10155","new","Coco & Clair Clair","","https://www.caa.com","2025-07-16",NULL
"10156","new","Dana Vicci","","https://www.caa.com","2025-07-16",NULL
"10157","new","Catherine Cohen","","https://www.caa.com","2025-07-16",NULL
"10158","new","Andy Garcia and The CineSon All Stars","","https://www.caa.com","2025-07-16",NULL
"10159","new","ZZ Top","","https://www.caa.com","2025-07-16",NULL
"10160","new","Tim McGraw","","https://www.caa.com","2025-07-16",NULL
"10161","new","Drex Carter","","https://www.caa.com","2025-07-16",NULL
"10162","new","Majestic","","https://www.caa.com","2025-07-16",NULL
"10163","new","Dubfire","","https://www.caa.com","2025-07-16",NULL
"10164","new","Kerri Chandler","","https://www.caa.com","2025-07-16",NULL
"10165","new","Roy Blair","","https://www.caa.com","2025-07-16",NULL
"10166","new","Two Friends","","https://www.caa.com","2025-07-16",NULL
"10167","new","Syence","","https://www.caa.com","2025-07-16",NULL
"10168","new","Malcolm Todd","","https://www.caa.com","2025-07-16",NULL
"10169","new","ERRE","","https://www.caa.com","2025-07-16",NULL
"10170","new","Breez Kennedy","","https://www.caa.com","2025-07-16",NULL
"10171","new","Hundred Waters","","https://www.caa.com","2025-07-16",NULL
"10172","new","Charlotte Dos Santos","","https://www.caa.com","2025-07-16",NULL
"10173","new","Tones on Tail","","https://www.caa.com","2025-07-16",NULL
"10174","new","Jessica Winter","","https://www.caa.com","2025-07-16",NULL
"10175","new","Playboi Carti","","https://www.caa.com","2025-07-16",NULL
"10176","new","Cody Johnson","","https://www.caa.com","2025-07-16",NULL
"10177","new","Chris O'Connor","","https://www.caa.com","2025-07-16",NULL
"10178","new","Saara","","https://www.caa.com","2025-07-16",NULL
"10179","new","Gok Wan","","https://www.caa.com","2025-07-16",NULL
"10180","new","Heidi Curtis","","https://www.caa.com","2025-07-16",NULL
"10181","new","Drew Afualo","","https://www.caa.com","2025-07-16",NULL
"10182","new","Brandi Carlile","","https://www.caa.com","2025-07-16",NULL
"10183","new","Annie Bosko","","https://www.caa.com","2025-07-16",NULL
"10184","new","Lucy Hale","","https://www.caa.com","2025-07-16",NULL
"10185","new","Xavier Rudd","","https://www.caa.com","2025-07-16",NULL
"10186","new","Tim McGraw & Faith Hill","","https://www.caa.com","2025-07-16",NULL
"10187","new","Tool","","https://www.caa.com","2025-07-16",NULL
"10188","new","Ape Chimba","","https://www.caa.com","2025-07-16",NULL
"10189","new","Raiche","","https://www.caa.com","2025-07-16",NULL
"10190","new","The Runarounds","","https://www.caa.com","2025-07-16",NULL
"10191","new","Maisie Peters","","https://www.caa.com","2025-07-16",NULL
"10192","new","Needtobreathe","","https://www.caa.com","2025-07-16",NULL
"10193","new","Tracy Chapman","","https://www.caa.com","2025-07-16",NULL
"10194","new","Joe Nichols","","https://www.caa.com","2025-07-16",NULL
"10195","new","The 1975","","https://www.caa.com","2025-07-16",NULL
"10196","new","Kyle Gass Band","","https://www.caa.com","2025-07-16",NULL
"10197","new","Southside","","https://www.caa.com","2025-07-16",NULL
"10198","new","Kelsey Hart","","https://www.caa.com","2025-07-16",NULL
"10199","new","Kashus Culpepper","","https://www.caa.com","2025-07-16",NULL
"10200","new","Steam Down","","https://www.caa.com","2025-07-16",NULL
"10201","new","SadBoi","","https://www.caa.com","2025-07-16",NULL
"10202","new","Charlie Simpson","","https://www.caa.com","2025-07-16",NULL
"10203","new","Hayley Williams","","https://www.caa.com","2025-07-16",NULL
"10204","new","Dean Pony","","https://www.caa.com","2025-07-16",NULL
"10205","new","Pixie Geldof","","https://www.caa.com","2025-07-16",NULL
"10206","new","Sam Simmons","","https://www.caa.com","2025-07-16",NULL
"10207","new","The Wallflowers","","https://www.caa.com","2025-07-16",NULL
"10208","new","Stevie Wonder","","https://www.caa.com","2025-07-16",NULL
"10209","new","Mike Sabath & The Moongirls","","https://www.caa.com","2025-07-16",NULL
"10210","new","Lo Down Loretta Brown","","https://www.caa.com","2025-07-16",NULL
"10211","new","Sugarland","","https://www.caa.com","2025-07-16",NULL
"10212","new","SXMPRA","","https://www.caa.com","2025-07-16",NULL
"10213","new","Steve Lemme","","https://www.caa.com","2025-07-16",NULL
"10214","new","Panic! At The Disco","","https://www.caa.com","2025-07-16",NULL
"10215","new","Koffee","","https://www.caa.com","2025-07-16",NULL
"10216","new","Saint Demarcus","","https://www.caa.com","2025-07-16",NULL
"10217","new","Lanna","","https://www.caa.com","2025-07-16",NULL
"10218","new","robbietheused","","https://www.caa.com","2025-07-16",NULL
"10219","new","Sinéad Harnett","","https://www.caa.com","2025-07-16",NULL
"10220","new","Misfits","","https://www.caa.com","2025-07-16",NULL
"10221","new","Joey Diaz","","https://www.caa.com","2025-07-16",NULL
"10222","new","Britney Spears","","https://www.caa.com","2025-07-16",NULL
"10223","new","Gabriels","","https://www.caa.com","2025-07-16",NULL
"10224","new","Deer Jade","","https://www.caa.com","2025-07-16",NULL
"10225","new","The Weeknd","","https://www.caa.com","2025-07-16",NULL
"10226","new","Jake Scott","","https://www.caa.com","2025-07-16",NULL
"10227","new","PIV","","https://www.caa.com","2025-07-16",NULL
"10228","new","Artikal Sound System","","https://www.caa.com","2025-07-16",NULL
"10229","new","AC/DC","","https://www.caa.com","2025-07-16",NULL
"10230","new","Gramatik","","https://www.caa.com","2025-07-16",NULL
"10231","new","Holly Williams","","https://www.caa.com","2025-07-16",NULL
"10232","new","NCT 127","","https://www.caa.com","2025-07-16",NULL
"10233","new","Bananarama","","https://www.caa.com","2025-07-16",NULL
"10234","new","Leslie Grace","","https://www.caa.com","2025-07-16",NULL
"10235","new","Lyrah","","https://www.caa.com","2025-07-16",NULL
"10236","new","Bruce Gray","","https://www.caa.com","2025-07-16",NULL
"10237","new","Foxes","","https://www.caa.com","2025-07-16",NULL
"10238","new","Travis Barker","","https://www.caa.com","2025-07-16",NULL
"10239","new","Kevin de Vries","","https://www.caa.com","2025-07-16",NULL
"10240","new","Zac Brown Band","","https://www.caa.com","2025-07-16",NULL
"10241","new","Roy Wood Jr.","","https://www.caa.com","2025-07-16",NULL
"10242","new","Bear Hands","","https://www.caa.com","2025-07-16",NULL
"10243","new","TiaCorine","","https://www.caa.com","2025-07-16",NULL
"10244","new","Midtown","","https://www.caa.com","2025-07-16",NULL
"10245","new","Kele Okereke","","https://www.caa.com","2025-07-16",NULL
"10246","new","Seori","","https://www.caa.com","2025-07-16",NULL
"10247","new","Ann Wilson of Heart","","https://www.caa.com","2025-07-16",NULL
"10248","new","Dylan Conrique","","https://www.caa.com","2025-07-16",NULL
"10249","new","Kevin Heffernan","","https://www.caa.com","2025-07-16",NULL
"10250","new","Sugar Ray","","https://www.caa.com","2025-07-16",NULL
"10251","new","Bad Rabbits","","https://www.caa.com","2025-07-16",NULL
"10252","new","Cymande","","https://www.caa.com","2025-07-16",NULL
"10253","new","Omarion","","https://www.caa.com","2025-07-16",NULL
"10254","new","Fridayy","","https://www.caa.com","2025-07-16",NULL
"10255","new","New Edition","","https://www.caa.com","2025-07-16",NULL
"10256","new","Jorja Smith","","https://www.caa.com","2025-07-16",NULL
"10257","new","Ray Benson","","https://www.caa.com","2025-07-16",NULL
"10258","new","Kevin Morby","","https://www.caa.com","2025-07-16",NULL
"10259","new","The Darkness","","https://www.caa.com","2025-07-16",NULL
"10260","new","Siobhan Winifred","","https://www.caa.com","2025-07-16",NULL
"10261","new","Pete Lee","","https://www.caa.com","2025-07-16",NULL
"10262","new","Bellah","","https://www.caa.com","2025-07-16",NULL
"10263","new","You+Me","","https://www.caa.com","2025-07-16",NULL
"10264","new","Jay Webb","","https://www.caa.com","2025-07-16",NULL
"10265","new","Roxy Music","","https://www.caa.com","2025-07-16",NULL
"10266","new","Ava Max","","https://www.caa.com","2025-07-16",NULL
"10267","new","Honey Revenge","","https://www.caa.com","2025-07-16",NULL
"10268","new","Lissie","","https://www.caa.com","2025-07-16",NULL
"10269","new","Craig Conant","","https://www.caa.com","2025-07-16",NULL
"10270","new","Jean Deaux","","https://www.caa.com","2025-07-16",NULL
"10271","new","Nate Ruess","","https://www.caa.com","2025-07-16",NULL
"10272","new","Brett Dennen","","https://www.caa.com","2025-07-16",NULL
"10273","new","Bassem Youssef","","https://www.caa.com","2025-07-16",NULL
"10274","new","Gorillaz","","https://www.caa.com","2025-07-16",NULL
"10275","new","RVSHVD","","https://www.caa.com","2025-07-16",NULL
"10276","new","Ezra Ray Hart","","https://www.caa.com","2025-07-16",NULL
"10277","new","Sage The Gemini","","https://www.caa.com","2025-07-16",NULL
"10278","new","All Day I Dream","","https://www.caa.com","2025-07-16",NULL
"10279","new","Of Mice & Men","","https://www.caa.com","2025-07-16",NULL
"10280","new","Nick Grant","","https://www.caa.com","2025-07-16",NULL
"10281","new","Pete Wentz","","https://www.caa.com","2025-07-16",NULL
"10282","new","Robbie Williams","","https://www.caa.com","2025-07-16",NULL
"10283","new","Freya Ridings","","https://www.caa.com","2025-07-16",NULL
"10284","new","Avenged Sevenfold","","https://www.caa.com","2025-07-16",NULL
"10285","new","Kylie Minogue","","https://www.caa.com","2025-07-16",NULL
"10286","new","Gary Owen","","https://www.caa.com","2025-07-16",NULL
"10287","new","Noname","","https://www.caa.com","2025-07-16",NULL
"10288","new","Fairground Attraction","","https://www.caa.com","2025-07-16",NULL
"10289","new","Gabby Martin","","https://www.caa.com","2025-07-16",NULL
"10290","new","Banoffee","","https://www.caa.com","2025-07-16",NULL
"10291","new","Apollo 440","","https://www.caa.com","2025-07-16",NULL
"8814","new","White Lies","","https://www.highroadtouring.com","2025-07-16",NULL
"8815","new","Joanna Sternberg","","https://www.highroadtouring.com","2025-07-16",NULL
"10292","new","The Stickmen Project","","https://www.caa.com","2025-07-16",NULL
"10293","new","Dennis Cruz","","https://www.caa.com","2025-07-16",NULL
"10294","new","Isaac Dunbar","","https://www.caa.com","2025-07-16",NULL
"10295","new","Golden Girls: The Laughs Continue","","https://www.caa.com","2025-07-16",NULL
"10296","new","Dave Attell","","https://www.caa.com","2025-07-16",NULL
"10297","new","Jersey","","https://www.caa.com","2025-07-16",NULL
"10298","new","Mavado","","https://www.caa.com","2025-07-16",NULL
"10299","new","Redman","","https://www.caa.com","2025-07-16",NULL
"10300","new","Ellen DeGeneres","","https://www.caa.com","2025-07-16",NULL
"10301","new","Angels & Airwaves","","https://www.caa.com","2025-07-16",NULL
"10302","new","Big Time Rush","","https://www.caa.com","2025-07-16",NULL
"10303","new","Naomi Sharon","","https://www.caa.com","2025-07-16",NULL
"10304","new","Vanilla is Black","","https://www.caa.com","2025-07-16",NULL
"10305","new","Art Vs. Science","","https://www.caa.com","2025-07-16",NULL
"10306","new","Jasper Tygner","","https://www.caa.com","2025-07-16",NULL
"10307","new","Nino Paid","","https://www.caa.com","2025-07-16",NULL
"10308","new","Isaac Gracie","","https://www.caa.com","2025-07-16",NULL
"10309","new","Mollie King","","https://www.caa.com","2025-07-16",NULL
"10310","new","DAP The Contract","","https://www.caa.com","2025-07-16",NULL
"10311","new","Flo Rida","","https://www.caa.com","2025-07-16",NULL
"10312","new","Solea Pfeiffer","","https://www.caa.com","2025-07-16",NULL
"10313","new","Amber Liu","","https://www.caa.com","2025-07-16",NULL
"10314","new","Paco","","https://www.caa.com","2025-07-16",NULL
"10315","new","TTSSFU","","https://www.caa.com","2025-07-16",NULL
"10316","new","Friday Pilots Club","","https://www.caa.com","2025-07-16",NULL
"10317","new","ADÉLA","","https://www.caa.com","2025-07-16",NULL
"10318","new","Sarcastic Sounds","","https://www.caa.com","2025-07-16",NULL
"10319","new","Jimmy Fallon","","https://www.caa.com","2025-07-16",NULL
"10320","new","Squid","","https://www.caa.com","2025-07-16",NULL
"10321","new","K-Ci Hailey","","https://www.caa.com","2025-07-16",NULL
"10322","new","Black Sabbath","","https://www.caa.com","2025-07-16",NULL
"10323","new","HNTR","","https://www.caa.com","2025-07-16",NULL
"10324","new","Chloe x Halle","","https://www.caa.com","2025-07-16",NULL
"10325","new","Rachel Chinouriri","","https://www.caa.com","2025-07-16",NULL
"10326","new","Will Sass","","https://www.caa.com","2025-07-16",NULL
"10327","new","Drew Holcomb and The Neighbors","","https://www.caa.com","2025-07-16",NULL
"10328","new","Tracey Ashley","","https://www.caa.com","2025-07-16",NULL
"10329","new","Deep Dish","","https://www.caa.com","2025-07-16",NULL
"10330","new","Powers Pleasant","","https://www.caa.com","2025-07-16",NULL
"10331","new","Eli Brown","","https://www.caa.com","2025-07-16",NULL
"10332","new","Saba","","https://www.caa.com","2025-07-16",NULL
"10333","new","AJ Mitchell","","https://www.caa.com","2025-07-16",NULL
"10334","new","Dreezy","","https://www.caa.com","2025-07-16",NULL
"10335","new","Mason Collective","","https://www.caa.com","2025-07-16",NULL
"10336","new","Funk Tribu","","https://www.caa.com","2025-07-16",NULL
"10337","new","Free Nationals","","https://www.caa.com","2025-07-16",NULL
"10338","new","Don Strapzy","","https://www.caa.com","2025-07-16",NULL
"10339","new","Fightstar","","https://www.caa.com","2025-07-16",NULL
"10340","new","Day Wave","","https://www.caa.com","2025-07-16",NULL
"10341","new","Noah Rinker","","https://www.caa.com","2025-07-16",NULL
"10342","new","Alexander Stewart","","https://www.caa.com","2025-07-16",NULL
"10343","new","GROSSOMODDO","","https://www.caa.com","2025-07-16",NULL
"10344","new","The Takes","","https://www.caa.com","2025-07-16",NULL
"10345","new","Elio","","https://www.caa.com","2025-07-16",NULL
"10346","new","Lily Allen","","https://www.caa.com","2025-07-16",NULL
"10347","new","Fyfe Dangerfield","","https://www.caa.com","2025-07-16",NULL
"10348","new","Common Saints","","https://www.caa.com","2025-07-16",NULL
"10349","new","Mimi Webb","","https://www.caa.com","2025-07-16",NULL
"10350","new","Bad Neighbors","","https://www.caa.com","2025-07-16",NULL
"10351","new","Ellise","","https://www.caa.com","2025-07-16",NULL
"10352","new","Stephen Stills","","https://www.caa.com","2025-07-16",NULL
"10353","new","Eric Clapton","","https://www.caa.com","2025-07-16",NULL
"10354","new","Diana Vickers","","https://www.caa.com","2025-07-16",NULL
"10355","new","Alexandra Burke","","https://www.caa.com","2025-07-16",NULL
"10356","new","glassjaw","","https://www.caa.com","2025-07-16",NULL
"10357","new","Rhodes","","https://www.caa.com","2025-07-16",NULL
"10358","new","Syd Taylor","","https://www.caa.com","2025-07-16",NULL
"10359","new","Il Volo","","https://www.caa.com","2025-07-16",NULL
"10360","new","The Gaslight Anthem","","https://www.caa.com","2025-07-16",NULL
"10361","new","The Cure","","https://www.caa.com","2025-07-16",NULL
"10362","new","Vittorio Grigolo","","https://www.caa.com","2025-07-16",NULL
"10363","new","Lady London","","https://www.caa.com","2025-07-16",NULL
"10364","new","Christina Perri","","https://www.caa.com","2025-07-16",NULL
"10365","new","Nurse Blake","","https://www.caa.com","2025-07-16",NULL
"10366","new","Chase Atlantic","","https://www.caa.com","2025-07-16",NULL
"10367","new","Maddie & Tae","","https://www.caa.com","2025-07-16",NULL
"10368","new","Alex Garcia","","https://www.caa.com","2025-07-16",NULL
"10369","new","Mei River","","https://www.caa.com","2025-07-16",NULL
"10370","new","RIIZE","","https://www.caa.com","2025-07-16",NULL
"10371","new","KARRAHBOOO","","https://www.caa.com","2025-07-16",NULL
"10372","new","Phosphorescent","","https://www.caa.com","2025-07-16",NULL
"10373","new","Kellie Pickler","","https://www.caa.com","2025-07-16",NULL
"10374","new","MAY-A","","https://www.caa.com","2025-07-16",NULL
"10375","new","Never Ending 90s","","https://www.caa.com","2025-07-16",NULL
"10376","new","Clare Bowen","","https://www.caa.com","2025-07-16",NULL
"10377","new","Mudvayne","","https://www.caa.com","2025-07-16",NULL
"10378","new","803Fresh","","https://www.caa.com","2025-07-16",NULL
"10379","new","McBusted","","https://www.caa.com","2025-07-16",NULL
"10380","new","Styx","","https://www.caa.com","2025-07-16",NULL
"10381","new","Fin Taylor","","https://www.caa.com","2025-07-16",NULL
"10382","new","Gunnr","","https://www.caa.com","2025-07-16",NULL
"10383","new","John Mayer","","https://www.caa.com","2025-07-16",NULL
"10384","new","A$AP Rocky","","https://www.caa.com","2025-07-16",NULL
"10385","new","Benny Blanco","","https://www.caa.com","2025-07-16",NULL
"10386","new","Innocent Masuku","","https://www.caa.com","2025-07-16",NULL
"10387","new","Jenna Ortega","","https://www.caa.com","2025-07-16",NULL
"10388","new","Muse","","https://www.caa.com","2025-07-16",NULL
"10389","new","Leon Bridges","","https://www.caa.com","2025-07-16",NULL
"10390","new","Red Velvet","","https://www.caa.com","2025-07-16",NULL
"10391","new","Lil Tecca","","https://www.caa.com","2025-07-16",NULL
"10392","new","Ashlee & Evan","","https://www.caa.com","2025-07-16",NULL
"10393","new","Mayelli","","https://www.caa.com","2025-07-16",NULL
"10394","new","Cam Allen","","https://www.caa.com","2025-07-16",NULL
"10395","new","J.B. Smoove","","https://www.caa.com","2025-07-16",NULL
"10396","new","Madison Cunningham","","https://www.caa.com","2025-07-16",NULL
"10397","new","Austin Williams","","https://www.caa.com","2025-07-16",NULL
"10398","new","Baby Fisher","","https://www.caa.com","2025-07-16",NULL
"10399","new","MEG MAC","","https://www.caa.com","2025-07-16",NULL
"10400","new","Envy on the Coast","","https://www.caa.com","2025-07-16",NULL
"10401","new","Nile Rodgers & CHIC","","https://www.caa.com","2025-07-16",NULL
"10402","new","Jessica Sanchez","","https://www.caa.com","2025-07-16",NULL
"10403","new","No Guidnce","","https://www.caa.com","2025-07-16",NULL
"10404","new","Jo Koy","","https://www.caa.com","2025-07-16",NULL
"10405","new","Sophie Thatcher","","https://www.caa.com","2025-07-16",NULL
"10406","new","CIL","","https://www.caa.com","2025-07-16",NULL
"10407","new","The London Suede","","https://www.caa.com","2025-07-16",NULL
"10408","new","Frances Bean Cobain","","https://www.caa.com","2025-07-16",NULL
"10409","new","Zero 7","","https://www.caa.com","2025-07-16",NULL
"10410","new","Tom Jones","","https://www.caa.com","2025-07-16",NULL
"10411","new","Olly Murs","","https://www.caa.com","2025-07-16",NULL
"10412","new","KEY","","https://www.caa.com","2025-07-16",NULL
"10413","new","Moses Boyd","","https://www.caa.com","2025-07-16",NULL
"10414","new","Ric Wilson","","https://www.caa.com","2025-07-16",NULL
"10415","new","Ron White","","https://www.caa.com","2025-07-16",NULL
"10416","new","RUN DMC","","https://www.caa.com","2025-07-16",NULL
"10417","new","Sam Dew","","https://www.caa.com","2025-07-16",NULL
"10418","new","Our Lady Peace","","https://www.caa.com","2025-07-16",NULL
"10419","new","Brutalismus 3000","","https://www.caa.com","2025-07-16",NULL
"10420","new","Hoodcelebrityy","","https://www.caa.com","2025-07-16",NULL
"10421","new","Tommy Richman","","https://www.caa.com","2025-07-16",NULL
"10422","new","Kirstin Maldonado","","https://www.caa.com","2025-07-16",NULL
"10423","new","MonoNeon","","https://www.caa.com","2025-07-16",NULL
"10424","new","Pem","","https://www.caa.com","2025-07-16",NULL
"10425","new","Nala Sinephro","","https://www.caa.com","2025-07-16",NULL
"10426","new","Ty Myers","","https://www.caa.com","2025-07-16",NULL
"10427","new","Matroda","","https://www.caa.com","2025-07-16",NULL
"10428","new","Dwight Yoakam","","https://www.caa.com","2025-07-16",NULL
"10429","new","Amelia Moore","","https://www.caa.com","2025-07-16",NULL
"10430","new","21 Savage","","https://www.caa.com","2025-07-16",NULL
"10431","new","Clairo","","https://www.caa.com","2025-07-16",NULL
"10432","new","On The Radar","","https://www.caa.com","2025-07-16",NULL
"10433","new","Brian Fallon","","https://www.caa.com","2025-07-16",NULL
"10434","new","Simple Minds","","https://www.caa.com","2025-07-16",NULL
"10435","new","Katzenjammer","","https://www.caa.com","2025-07-16",NULL
"10436","new","RBD","","https://www.caa.com","2025-07-16",NULL
"10437","new","Fences","","https://www.caa.com","2025-07-16",NULL
"10438","new","Colin Jost","","https://www.caa.com","2025-07-16",NULL
"10439","new","The Band Camino","","https://www.caa.com","2025-07-16",NULL
"10440","new","Satya","","https://www.caa.com","2025-07-16",NULL
"10441","new","Tracy Morgan","","https://www.caa.com","2025-07-16",NULL
"10442","new","Daniel Keyes","","https://www.caa.com","2025-07-16",NULL
"10443","new","King Leg","","https://www.caa.com","2025-07-16",NULL
"10444","new","Incubus","","https://www.caa.com","2025-07-16",NULL
"10445","new","Animal Kingdom","","https://www.caa.com","2025-07-16",NULL
"10446","new","MGMT","","https://www.caa.com","2025-07-16",NULL
"10447","new","G Herbo","","https://www.caa.com","2025-07-16",NULL
"10448","new","Baby Tate","","https://www.caa.com","2025-07-16",NULL
"10449","new","Jammer","","https://www.caa.com","2025-07-16",NULL
"10450","new","Clüb De Combat","","https://www.caa.com","2025-07-16",NULL
"10451","new","Ariana Grande","","https://www.caa.com","2025-07-16",NULL
"10452","new","Looney Tunes Live","","https://www.caa.com","2025-07-16",NULL
"10453","new","Chris Isaak","","https://www.caa.com","2025-07-16",NULL
"10454","new","Santana","","https://www.caa.com","2025-07-16",NULL
"10455","new","Goth Babe","","https://www.caa.com","2025-07-16",NULL
"10456","new","The Shires","","https://www.caa.com","2025-07-16",NULL
"10457","new","Chandler Moore","","https://www.caa.com","2025-07-16",NULL
"10458","new","Alesso","","https://www.caa.com","2025-07-16",NULL
"10459","new","Paul Dally","","https://www.caa.com","2025-07-16",NULL
"10460","new","The Coverups","","https://www.caa.com","2025-07-16",NULL
"10461","new","Jordan Peele","","https://www.caa.com","2025-07-16",NULL
"10462","new","Scors","","https://www.caa.com","2025-07-16",NULL
"10463","new","beabadoobee","","https://www.caa.com","2025-07-16",NULL
"10464","new","Marc Roberge","","https://www.caa.com","2025-07-16",NULL
"10465","new","Oz Pearlman","","https://www.caa.com","2025-07-16",NULL
"10466","new","Raul Malo","","https://www.caa.com","2025-07-16",NULL
"10467","new","Piebald","","https://www.caa.com","2025-07-16",NULL
"10468","new","Eric Stonestreet","","https://www.caa.com","2025-07-16",NULL
"10469","new","The Lemon Twigs","","https://www.caa.com","2025-07-16",NULL
"10470","new","ROSTAM","","https://www.caa.com","2025-07-16",NULL
"10471","new","Isaiah Falls","","https://www.caa.com","2025-07-16",NULL
"10472","new","Becca Means","","https://www.caa.com","2025-07-16",NULL
"10473","new","Two Another","","https://www.caa.com","2025-07-16",NULL
"10474","new","Maz Jobrani","","https://www.caa.com","2025-07-16",NULL
"10475","new","UB40","","https://www.caa.com","2025-07-16",NULL
"10476","new","Geri Halliwell","","https://www.caa.com","2025-07-16",NULL
"10477","new","Róisín Murphy","","https://www.caa.com","2025-07-16",NULL
"10478","new","Pretty Sick","","https://www.caa.com","2025-07-16",NULL
"10479","new","Winona Oak","","https://www.caa.com","2025-07-16",NULL
"10480","new","Magdalena Bay","","https://www.caa.com","2025-07-16",NULL
"10481","new","Ozzy Osbourne","","https://www.caa.com","2025-07-16",NULL
"10482","new","Lori McKenna","","https://www.caa.com","2025-07-16",NULL
"10483","new","Lauren Bannon","","https://www.caa.com","2025-07-16",NULL
"10484","new","Kraftwerk","","https://www.caa.com","2025-07-16",NULL
"10485","new","Tyler Lewis","","https://www.caa.com","2025-07-16",NULL
"10486","new","Korn","","https://www.caa.com","2025-07-16",NULL
"10487","new","Bryce Leatherwood","","https://www.caa.com","2025-07-16",NULL
"10488","new","Gloria Estefan","","https://www.caa.com","2025-07-16",NULL
"10489","new","Guapdad 4000","","https://www.caa.com","2025-07-16",NULL
"10490","new","Steve Rannazzisi","","https://www.caa.com","2025-07-16",NULL
"10491","new","Alesha Dixon","","https://www.caa.com","2025-07-16",NULL
"10492","new","Emily Bear","","https://www.caa.com","2025-07-16",NULL
"10493","new","Seramic","","https://www.caa.com","2025-07-16",NULL
"10494","new","Mannywellz","","https://www.caa.com","2025-07-16",NULL
"10495","new","LaPorsha Renae","","https://www.caa.com","2025-07-16",NULL
"10496","new","Luna Li","","https://www.caa.com","2025-07-16",NULL
"10497","new","Dustin Ybarra","","https://www.caa.com","2025-07-16",NULL
"10498","new","Amy Grant","","https://www.caa.com","2025-07-16",NULL
"10499","new","Mel Brooks","","https://www.caa.com","2025-07-16",NULL
"10500","new","Anna Graves","","https://www.caa.com","2025-07-16",NULL
"10501","new","Luke Burr","","https://www.caa.com","2025-07-16",NULL
"10502","new","A Drag Queen Christmas","","https://www.caa.com","2025-07-16",NULL
"10503","new","Sheff G & Sleepy Hallow","","https://www.caa.com","2025-07-16",NULL
"10504","new","Pat Benatar & Neil Giraldo","","https://www.caa.com","2025-07-16",NULL
"10505","new","Giggs","","https://www.caa.com","2025-07-16",NULL
"10506","new","LEKAN","","https://www.caa.com","2025-07-16",NULL
"10507","new","Gavin Matts","","https://www.caa.com","2025-07-16",NULL
"10508","new","Suprême NTM","","https://www.caa.com","2025-07-16",NULL
"10509","new","Doobie Brothers","","https://www.caa.com","2025-07-16",NULL
"10510","new","Áine Deane","","https://www.caa.com","2025-07-16",NULL
"10511","new","Tenille Townes","","https://www.caa.com","2025-07-16",NULL
"10512","new","Dylan And The Moon","","https://www.caa.com","2025-07-16",NULL
"10513","new","Maeta","","https://www.caa.com","2025-07-16",NULL
"10514","new","Antoni Porowski","","https://www.caa.com","2025-07-16",NULL
"8816","new","Mitski","","https://www.highroadtouring.com","2025-07-16",NULL
"10515","new","Patrick Stump","","https://www.caa.com","2025-07-16",NULL
"10516","new","Faith Hill","","https://www.caa.com","2025-07-16",NULL
"10517","new","Arkuen Wolf","","https://www.caa.com","2025-07-16",NULL
"10518","new","JoeyStarr","","https://www.caa.com","2025-07-16",NULL
"10519","new","Jamila Woods","","https://www.caa.com","2025-07-16",NULL
"10520","new","Ryan Long","","https://www.caa.com","2025-07-16",NULL
"10521","new","July Talk","","https://www.caa.com","2025-07-16",NULL
"10522","new","Natalie Merchant","","https://www.caa.com","2025-07-16",NULL
"10523","new","Julien Baker","","https://www.caa.com","2025-07-16",NULL
"10524","new","Dakota","","https://www.caa.com","2025-07-16",NULL
"10525","new","DOLDER","","https://www.caa.com","2025-07-16",NULL
"10526","new","Good Old War","","https://www.caa.com","2025-07-16",NULL
"10527","new","TisaKorean","","https://www.caa.com","2025-07-16",NULL
"10528","new","Whipped Cream","","https://www.caa.com","2025-07-16",NULL
"10529","new","King George","","https://www.caa.com","2025-07-16",NULL
"10530","new","Maia Reficco","","https://www.caa.com","2025-07-16",NULL
"10531","new","Kolter","","https://www.caa.com","2025-07-16",NULL
"10532","new","MaRynn Taylor","","https://www.caa.com","2025-07-16",NULL
"10533","new","Chris Tomlin","","https://www.caa.com","2025-07-16",NULL
"10534","new","Alex Winston","","https://www.caa.com","2025-07-16",NULL
"10535","new","††† (CROSSES)","","https://www.caa.com","2025-07-16",NULL
"10536","new","Hemlocke Springs","","https://www.caa.com","2025-07-16",NULL
"10537","new","Childish Major","","https://www.caa.com","2025-07-16",NULL
"8817","new","Lydia Loveless","","https://www.highroadtouring.com","2025-07-16",NULL
"10538","new","Tien Tran","","https://www.caa.com","2025-07-16",NULL
"10539","new","Rita Rudner","","https://www.caa.com","2025-07-16",NULL
"10540","new","Mereba","","https://www.caa.com","2025-07-16",NULL
"10541","new","Atsuko Okatsuka","","https://www.caa.com","2025-07-16",NULL
"10542","new","Dariell Cano","","https://www.caa.com","2025-07-16",NULL
"10543","new","Brad Garrett","","https://www.caa.com","2025-07-16",NULL
"10544","new","Whiskey Myers","","https://www.caa.com","2025-07-16",NULL
"10545","new","Pete Yorn","","https://www.caa.com","2025-07-16",NULL
"10546","new","Lukas Graham","","https://www.caa.com","2025-07-16",NULL
"10547","new","Sammy Hagar","","https://www.caa.com","2025-07-16",NULL
"10548","new","Björn Again","","https://www.caa.com","2025-07-16",NULL
"10549","new","Sam Wilkinson","","https://www.caa.com","2025-07-16",NULL
"10550","new","David Spade","","https://www.caa.com","2025-07-16",NULL
"10551","new","Justin Hayward","","https://www.caa.com","2025-07-16",NULL
"10552","new","Black Eyed Peas","","https://www.caa.com","2025-07-16",NULL
"10553","new","Amber Ruffin","","https://www.caa.com","2025-07-16",NULL
"10554","new","SheLaiLai","","https://www.caa.com","2025-07-16",NULL
"10555","new","All Time Low","","https://www.caa.com","2025-07-16",NULL
"10556","new","Emmy Meli","","https://www.caa.com","2025-07-16",NULL
"10557","new","Hillary Scott","","https://www.caa.com","2025-07-16",NULL
"10558","new","Hume Collective","","https://www.caa.com","2025-07-16",NULL
"10559","new","Petey USA","","https://www.caa.com","2025-07-16",NULL
"10560","new","Stefflon Don","","https://www.caa.com","2025-07-16",NULL
"10561","new","RAC","","https://www.caa.com","2025-07-16",NULL
"10562","new","Tobymac","","https://www.caa.com","2025-07-16",NULL
"10563","new","Trey Lewis","","https://www.caa.com","2025-07-16",NULL
"10564","new","Tom Walker","","https://www.caa.com","2025-07-16",NULL
"10565","new","Melody Gardot","","https://www.caa.com","2025-07-16",NULL
"10566","new","Sir Chloe","","https://www.caa.com","2025-07-16",NULL
"10567","new","Jeff Garlin","","https://www.caa.com","2025-07-16",NULL
"10568","new","Corto.Alto","","https://www.caa.com","2025-07-16",NULL
"10569","new","Farrago","","https://www.caa.com","2025-07-16",NULL
"10570","new","Au/Ra","","https://www.caa.com","2025-07-16",NULL
"10571","new","Alex Chapman","","https://www.caa.com","2025-07-16",NULL
"10572","new","Ego Nwodim","","https://www.caa.com","2025-07-16",NULL
"10573","new","Neon Trees","","https://www.caa.com","2025-07-16",NULL
"10574","new","Big Joanie","","https://www.caa.com","2025-07-16",NULL
"10575","new","Alan Walker","","https://www.caa.com","2025-07-16",NULL
"10576","new","The Cranberries","","https://www.caa.com","2025-07-16",NULL
"10577","new","Little Image","","https://www.caa.com","2025-07-16",NULL
"10578","new","Osunlade","","https://www.caa.com","2025-07-16",NULL
"10579","new","Sink The Pink","","https://www.caa.com","2025-07-16",NULL
"10580","new","Eyedress","","https://www.caa.com","2025-07-16",NULL
"10581","new","Jonathan Hutcherson","","https://www.caa.com","2025-07-16",NULL
"10582","new","Cooper Ramsey","","https://www.caa.com","2025-07-16",NULL
"10583","new","Dua Lipa","","https://www.caa.com","2025-07-16",NULL
"10584","new","Evan Ross","","https://www.caa.com","2025-07-16",NULL
"10585","new","Omar Rudberg","","https://www.caa.com","2025-07-16",NULL
"10586","new","Ricky Dillon","","https://www.caa.com","2025-07-16",NULL
"10587","new","Mac Ayres","","https://www.caa.com","2025-07-16",NULL
"10588","new","4batz","","https://www.caa.com","2025-07-16",NULL
"10589","new","Bella Poarch","","https://www.caa.com","2025-07-16",NULL
"10590","new","Patrick Droney","","https://www.caa.com","2025-07-16",NULL
"10591","new","WHOKILLEDXIX","","https://www.caa.com","2025-07-16",NULL
"10592","new","Juls","","https://www.caa.com","2025-07-16",NULL
"10593","new","The Brudi Brothers","","https://www.caa.com","2025-07-16",NULL
"10594","new","Triumph the Insult Comic Dog","","https://www.caa.com","2025-07-16",NULL
"10595","new","Alison Krauss","","https://www.caa.com","2025-07-16",NULL
"10596","new","Baby Queen","","https://www.caa.com","2025-07-16",NULL
"10597","new","Emotional Oranges","","https://www.caa.com","2025-07-16",NULL
"10598","new","Caamp","","https://www.caa.com","2025-07-16",NULL
"10599","new","Gray Fagan","","https://www.caa.com","2025-07-16",NULL
"10600","new","Staind","","https://www.caa.com","2025-07-16",NULL
"10601","new","Emily Wilson","","https://www.caa.com","2025-07-16",NULL
"10602","new","Romeo Testa","","https://www.caa.com","2025-07-16",NULL
"10603","new","Maceo Plex","","https://www.caa.com","2025-07-16",NULL
"10604","new","M. Ward","","https://www.caa.com","2025-07-16",NULL
"10605","new","Homixide Gang","","https://www.caa.com","2025-07-16",NULL
"10606","new","Taio Cruz","","https://www.caa.com","2025-07-16",NULL
"10607","new","The Head and the Heart","","https://www.caa.com","2025-07-16",NULL
"10608","new","Hootie & The Blowfish","","https://www.caa.com","2025-07-16",NULL
"8818","new","Interpol","","https://www.highroadtouring.com","2025-07-16",NULL
"10609","new","Darren Hayes","","https://www.caa.com","2025-07-16",NULL
"10610","new","King Bach","","https://www.caa.com","2025-07-16",NULL
"10611","new","KAIRO","","https://www.caa.com","2025-07-16",NULL
"10612","new","Taylah Elaine","","https://www.caa.com","2025-07-16",NULL
"10613","new","Josh Gondelman","","https://www.caa.com","2025-07-16",NULL
"10614","new","Feist","","https://www.caa.com","2025-07-16",NULL
"10615","new","Wakyin","","https://www.caa.com","2025-07-16",NULL
"10616","new","Striking Matches","","https://www.caa.com","2025-07-16",NULL
"10617","new","Charlotte Sands","","https://www.caa.com","2025-07-16",NULL
"10618","new","Mogli","","https://www.caa.com","2025-07-16",NULL
"10619","new","Hayden Thorpe","","https://www.caa.com","2025-07-16",NULL
"10620","new","SahBabii","","https://www.caa.com","2025-07-16",NULL
"10621","new","Kevin Abstract","","https://www.caa.com","2025-07-16",NULL
"10622","new","Scott Stapp","","https://www.caa.com","2025-07-16",NULL
"10623","new","SNBRN","","https://www.caa.com","2025-07-16",NULL
"10624","new","Searows","","https://www.caa.com","2025-07-16",NULL
"10625","new","Tumua","","https://www.caa.com","2025-07-16",NULL
"10626","new","Courtney Marie Andrews","","https://www.caa.com","2025-07-16",NULL
"10627","new","Gavin DeGraw","","https://www.caa.com","2025-07-16",NULL
"10628","new","Vicetone","","https://www.caa.com","2025-07-16",NULL
"10629","new","Kayla Nicole","","https://www.caa.com","2025-07-16",NULL
"10630","new","MXGPU","","https://www.caa.com","2025-07-16",NULL
"10631","new","Yung Miami","","https://www.caa.com","2025-07-16",NULL
"10632","new","Restless Road","","https://www.caa.com","2025-07-16",NULL
"10633","new","Buena Vista All Stars","","https://www.caa.com","2025-07-16",NULL
"10634","new","Cheap Trick","","https://www.caa.com","2025-07-16",NULL
"10635","new","Jan Blomqvist","","https://www.caa.com","2025-07-16",NULL
"10636","new","Trisha Paytas","","https://www.caa.com","2025-07-16",NULL
"10637","new","Dope Lemon","","https://www.caa.com","2025-07-16",NULL
"10638","new","Mon Laferte","","https://www.caa.com","2025-07-16",NULL
"10639","new","Uncle Waffles","","https://www.caa.com","2025-07-16",NULL
"10640","new","Two Door Cinema Club","","https://www.caa.com","2025-07-16",NULL
"10641","new","Zikai","","https://www.caa.com","2025-07-16",NULL
"10642","new","Dead Pony","","https://www.caa.com","2025-07-16",NULL
"10643","new","Matt Berninger","","https://www.caa.com","2025-07-16",NULL
"10644","new","Laura Marano","","https://www.caa.com","2025-07-16",NULL
"10645","new","Rob Zombie","","https://www.caa.com","2025-07-16",NULL
"10646","new","Mahmut Orhan","","https://www.caa.com","2025-07-16",NULL
"10647","new","Troye Sivan","","https://www.caa.com","2025-07-16",NULL
"10648","new","Jon Bon Jovi","","https://www.caa.com","2025-07-16",NULL
"10649","new","David Morris","","https://www.caa.com","2025-07-16",NULL
"10650","new","Thalia","","https://www.caa.com","2025-07-16",NULL
"10651","new","Dhruv","","https://www.caa.com","2025-07-16",NULL
"10652","new","Jake Owen","","https://www.caa.com","2025-07-16",NULL
"10653","new","Citi Limitz","","https://www.caa.com","2025-07-16",NULL
"10654","new","The Used","","https://www.caa.com","2025-07-16",NULL
"10655","new","Baby Kia","","https://www.caa.com","2025-07-16",NULL
"10656","new","The Decemberists","","https://www.caa.com","2025-07-16",NULL
"10657","new","Karri","","https://www.caa.com","2025-07-16",NULL
"10658","new","Sienna Spiro","","https://www.caa.com","2025-07-16",NULL
"10659","new","Timeflies","","https://www.caa.com","2025-07-16",NULL
"10660","new","Lily Tomlin","","https://www.caa.com","2025-07-16",NULL
"10661","new","Messer","","https://www.caa.com","2025-07-16",NULL
"10662","new","Kasbo","","https://www.caa.com","2025-07-16",NULL
"10663","new","The Maine","","https://www.caa.com","2025-07-16",NULL
"10664","new","Pixies","","https://www.caa.com","2025-07-16",NULL
"10665","new","Larry June","","https://www.caa.com","2025-07-16",NULL
"10666","new","Chris Lyons","","https://www.caa.com","2025-07-16",NULL
"10667","new","Fetty Wap","","https://www.caa.com","2025-07-16",NULL
"10668","new","S Club","","https://www.caa.com","2025-07-16",NULL
"10669","new","MisterWives","","https://www.caa.com","2025-07-16",NULL
"10670","new","MRAK","","https://www.caa.com","2025-07-16",NULL
"10671","new","Kodaline","","https://www.caa.com","2025-07-16",NULL
"10672","new","Daft Punk","","https://www.caa.com","2025-07-16",NULL
"10673","new","OneRepublic","","https://www.caa.com","2025-07-16",NULL
"10674","new","Prince EA","","https://www.caa.com","2025-07-16",NULL
"10675","new","Angus Stone","","https://www.caa.com","2025-07-16",NULL
"10676","new","Cruz Beckham","","https://www.caa.com","2025-07-16",NULL
"10677","new","Nate Sib","","https://www.caa.com","2025-07-16",NULL
"10678","new","Gabriel Jacoby","","https://www.caa.com","2025-07-16",NULL
"10679","new","Allie Colleen","","https://www.caa.com","2025-07-16",NULL
"10680","new","Jess Connelly","","https://www.caa.com","2025-07-16",NULL
"10681","new","Wonho","","https://www.caa.com","2025-07-16",NULL
"5692","new","Wade MacNeil","","https://www.unitedtalent.com","2025-07-16",NULL
"5706","new","Orbit Culture","","https://www.unitedtalent.com","2025-07-16",NULL
"5760","new","EMPIRICAL","","https://www.unitedtalent.com","2025-07-16",NULL
"5770","new","Juhn","","https://www.unitedtalent.com","2025-07-16",NULL
"5742","new","Silk City","","https://www.unitedtalent.com","2025-07-16",NULL
"5743","new","Elijah & Skilliam","","https://www.unitedtalent.com","2025-07-16",NULL
"5739","new","George Benson","","https://www.unitedtalent.com","2025-07-16",NULL
"5759","new","Bret Michaels","","https://www.unitedtalent.com","2025-07-16",NULL
"10682","new","Jordan Rakei","","https://www.caa.com","2025-07-16",NULL
"10683","new","Elephant Heart","","https://www.caa.com","2025-07-16",NULL
"10684","new","Flight Facilities","","https://www.caa.com","2025-07-16",NULL
"10685","new","Darci","","https://www.caa.com","2025-07-16",NULL
"10686","new","La Femme","","https://www.caa.com","2025-07-16",NULL
"10687","new","Beren Olivia","","https://www.caa.com","2025-07-16",NULL
"10688","new","Sting","","https://www.caa.com","2025-07-16",NULL
"10689","new","LORYN","","https://www.caa.com","2025-07-16",NULL
"10690","new","Dipper","","https://www.caa.com","2025-07-16",NULL
"8819","new","Lloyd Cole","","https://www.highroadtouring.com","2025-07-16",NULL
"10691","new","Roger Creager","","https://www.caa.com","2025-07-16",NULL
"10692","new","Pretty Lights","","https://www.caa.com","2025-07-16",NULL
"10693","new","3LAU","","https://www.caa.com","2025-07-16",NULL
"10694","new","Miles Caton","","https://www.caa.com","2025-07-16",NULL
"10695","new","Rainbow Kitten Surprise","","https://www.caa.com","2025-07-16",NULL
"10696","new","Remi Wolf","","https://www.caa.com","2025-07-16",NULL
"10697","new","Kiana Ledé","","https://www.caa.com","2025-07-16",NULL
"10698","new","Fleetwood Mac","","https://www.caa.com","2025-07-16",NULL
"10699","new","Dizzy Fae","","https://www.caa.com","2025-07-16",NULL
"10700","new","Jeff Lynne's ELO","","https://www.caa.com","2025-07-16",NULL
"10701","new","Jesus Molina","","https://www.caa.com","2025-07-16",NULL
"10702","new","Pink Siifu","","https://www.caa.com","2025-07-16",NULL
"10703","new","Red Hot Chili Peppers","","https://www.caa.com","2025-07-16",NULL
"10704","new","Cathy Chen Yimiao","","https://www.caa.com","2025-07-16",NULL
"10705","new","Amindi","","https://www.caa.com","2025-07-16",NULL
"10706","new","Orla Gartland","","https://www.caa.com","2025-07-16",NULL
"10707","new","Niko Moon","","https://www.caa.com","2025-07-16",NULL
"10708","new","Lindsey Lomis","","https://www.caa.com","2025-07-16",NULL
"10709","new","Shermanology","","https://www.caa.com","2025-07-16",NULL
"10710","new","Matchbox Twenty","","https://www.caa.com","2025-07-16",NULL
"10711","new","FLETCHER","","https://www.caa.com","2025-07-16",NULL
"10712","new","Icona Pop","","https://www.caa.com","2025-07-16",NULL
"10713","new","Queen Naija","","https://www.caa.com","2025-07-16",NULL
"10714","new","Curren$y","","https://www.caa.com","2025-07-16",NULL
"10715","new","JT","","https://www.caa.com","2025-07-16",NULL
"10716","new","Suicide Silence","","https://www.caa.com","2025-07-16",NULL
"10717","new","charlieonnafriday","","https://www.caa.com","2025-07-16",NULL
"10718","new","Grace Gachot","","https://www.caa.com","2025-07-16",NULL
"10719","new","Girl Named Tom","","https://www.caa.com","2025-07-16",NULL
"10720","new","Laura Mvula","","https://www.caa.com","2025-07-16",NULL
"10721","new","Pia Toscano","","https://www.caa.com","2025-07-16",NULL
"10722","new","Samm Henshaw","","https://www.caa.com","2025-07-16",NULL
"10723","new","Nick Tangorra","","https://www.caa.com","2025-07-16",NULL
"10724","new","Silk City","","https://www.caa.com","2025-07-16",NULL
"10725","new","Chris Stussy","","https://www.caa.com","2025-07-16",NULL
"10726","new","Simple Plan","","https://www.caa.com","2025-07-16",NULL
"10727","new","Queen","","https://www.caa.com","2025-07-16",NULL
"10728","new","Citizen Papes","","https://www.caa.com","2025-07-16",NULL
"10729","new","Corinne Bailey Rae","","https://www.caa.com","2025-07-16",NULL
"10730","new","Lele Pons","","https://www.caa.com","2025-07-16",NULL
"10731","new","Chris Kirkpatrick","","https://www.caa.com","2025-07-16",NULL
"10732","new","Josh Groban","","https://www.caa.com","2025-07-16",NULL
"10733","new","TWO LANES","","https://www.caa.com","2025-07-16",NULL
"10734","new","Cheer Live!","","https://www.caa.com","2025-07-16",NULL
"10735","new","Love and Rockets","","https://www.caa.com","2025-07-16",NULL
"10736","new","Joywave","","https://www.caa.com","2025-07-16",NULL
"10737","new","MY","","https://www.caa.com","2025-07-16",NULL
"10738","new","Iris Copperman","","https://www.caa.com","2025-07-16",NULL
"10739","new","Lana Del Rey","","https://www.caa.com","2025-07-16",NULL
"10740","new","No Rome","","https://www.caa.com","2025-07-16",NULL
"10741","new","A. K. Paul","","https://www.caa.com","2025-07-16",NULL
"10742","new","Hamilton Leithauser","","https://www.caa.com","2025-07-16",NULL
"10743","new","Maple Glider","","https://www.caa.com","2025-07-16",NULL
"10744","new","WesGhost","","https://www.caa.com","2025-07-16",NULL
"10745","new","Marti Pellow","","https://www.caa.com","2025-07-16",NULL
"10746","new","Forrest Nolan","","https://www.caa.com","2025-07-16",NULL
"10747","new","Aspen Crawford","","https://www.caa.com","2025-07-16",NULL
"10748","new","Grace Enger","","https://www.caa.com","2025-07-16",NULL
"10749","new","Redferrin","","https://www.caa.com","2025-07-16",NULL
"10750","new","Freddie Gibbs","","https://www.caa.com","2025-07-16",NULL
"10751","new","Orion Sun","","https://www.caa.com","2025-07-16",NULL
"10752","new","Billy Strings","","https://www.caa.com","2025-07-16",NULL
"10753","new","Damage","","https://www.caa.com","2025-07-16",NULL
"10754","new","Charlotte Gainsbourg","","https://www.caa.com","2025-07-16",NULL
"10755","new","FFS (Franz Ferdinand & Sparks)","","https://www.caa.com","2025-07-16",NULL
"10756","new","Peter Dreimanis","","https://www.caa.com","2025-07-16",NULL
"10757","new","Seal","","https://www.caa.com","2025-07-16",NULL
"10758","new","Turbonegro","","https://www.caa.com","2025-07-16",NULL
"10759","new","Nate Jackson","","https://www.caa.com","2025-07-16",NULL
"10760","new","Arsenio Hall","","https://www.caa.com","2025-07-16",NULL
"10761","new","Emma Bunton","","https://www.caa.com","2025-07-16",NULL
"10762","new","Asake","","https://www.caa.com","2025-07-16",NULL
"10763","new","M-22","","https://www.caa.com","2025-07-16",NULL
"10764","new","Jon Secada","","https://www.caa.com","2025-07-16",NULL
"10765","new","Thirty Seconds to Mars","","https://www.caa.com","2025-07-16",NULL
"10766","new","Zak Abel","","https://www.caa.com","2025-07-16",NULL
"10767","new","New Order","","https://www.caa.com","2025-07-16",NULL
"10768","new","IShowSpeed","","https://www.caa.com","2025-07-16",NULL
"10769","new","Marcello Hernandez","","https://www.caa.com","2025-07-16",NULL
"10770","new","Bussin With The Boys Podcast","","https://www.caa.com","2025-07-16",NULL
"10771","new","Aries","","https://www.caa.com","2025-07-16",NULL
"10772","new","Lewis Blissett","","https://www.caa.com","2025-07-16",NULL
"10773","new","Gabrielle","","https://www.caa.com","2025-07-16",NULL
"10774","new","Derek Sanders","","https://www.caa.com","2025-07-16",NULL
"10775","new","NoSo","","https://www.caa.com","2025-07-16",NULL
"10776","new","Peytan Porter","","https://www.caa.com","2025-07-16",NULL
"10777","new","Bloc Party","","https://www.caa.com","2025-07-16",NULL
"10778","new","Cigarettes After Sex","","https://www.caa.com","2025-07-16",NULL
"10779","new","Satori","","https://www.caa.com","2025-07-16",NULL
"10780","new","Six Sex","","https://www.caa.com","2025-07-16",NULL
"10781","new","Dominic Fike","","https://www.caa.com","2025-07-16",NULL
"10782","new","Hamzaa","","https://www.caa.com","2025-07-16",NULL
"10783","new","Baby Goth","","https://www.caa.com","2025-07-16",NULL
"10784","new","Don Henley","","https://www.caa.com","2025-07-16",NULL
"10785","new","MacKenzie Porter","","https://www.caa.com","2025-07-16",NULL
"10786","new","New Kids on the Block","","https://www.caa.com","2025-07-16",NULL
"10787","new","Faith Evans","","https://www.caa.com","2025-07-16",NULL
"10788","new","mehro","","https://www.caa.com","2025-07-16",NULL
"10789","new","Xiuhtezcatl","","https://www.caa.com","2025-07-16",NULL
"10790","new","Hart Denton","","https://www.caa.com","2025-07-16",NULL
"10791","new","Boston","","https://www.caa.com","2025-07-16",NULL
"10792","new","Phoebe Green","","https://www.caa.com","2025-07-16",NULL
"10793","new","Giulia","","https://www.caa.com","2025-07-16",NULL
"10794","new","Jerry Cantrell","","https://www.caa.com","2025-07-16",NULL
"10795","new","LANY","","https://www.caa.com","2025-07-16",NULL
"10796","new","Erik Griffin","","https://www.caa.com","2025-07-16",NULL
"10797","new","Harleigh Colt","","https://www.caa.com","2025-07-16",NULL
"10798","new","Aaron Watson","","https://www.caa.com","2025-07-16",NULL
"10799","new","The World of Hans Zimmer","","https://www.caa.com","2025-07-16",NULL
"10800","new","One Dark Night","","https://www.caa.com","2025-07-16",NULL
"10801","new","Luvcat","","https://www.caa.com","2025-07-16",NULL
"10802","new","Miguel Cornejo","","https://www.caa.com","2025-07-16",NULL
"10803","new","Palmyra","","https://www.caa.com","2025-07-16",NULL
"10804","new","Wage War","","https://www.caa.com","2025-07-16",NULL
"10805","new","Clay Cook","","https://www.caa.com","2025-07-16",NULL
"10806","new","Bradley Marshall","","https://www.caa.com","2025-07-16",NULL
"10807","new","Boy George","","https://www.caa.com","2025-07-16",NULL
"10808","new","Jalle","","https://www.caa.com","2025-07-16",NULL
"10809","new","LostAlone","","https://www.caa.com","2025-07-16",NULL
"10810","new","Jessie J","","https://www.caa.com","2025-07-16",NULL
"10811","new","She & Him","","https://www.caa.com","2025-07-16",NULL
"10812","new","Al Madrigal","","https://www.caa.com","2025-07-16",NULL
"10813","new","Ryan Larkins","","https://www.caa.com","2025-07-16",NULL
"10814","new","Nell Mescal","","https://www.caa.com","2025-07-16",NULL
"10815","new","Stephanie Mills","","https://www.caa.com","2025-07-16",NULL
"10816","new","Crystal Fighters","","https://www.caa.com","2025-07-16",NULL
"10817","new","Joe P","","https://www.caa.com","2025-07-16",NULL
"10818","new","Pale Waves","","https://www.caa.com","2025-07-16",NULL
"10819","new","Eddie Benjamin","","https://www.caa.com","2025-07-16",NULL
"10820","new","Sophie Powers","","https://www.caa.com","2025-07-16",NULL
"10821","new","Runaway June","","https://www.caa.com","2025-07-16",NULL
"10822","new","Foo Fighters","","https://www.caa.com","2025-07-16",NULL
"10823","new","KC and The Sunshine Band","","https://www.caa.com","2025-07-16",NULL
"10824","new","Damon Albarn","","https://www.caa.com","2025-07-16",NULL
"10825","new","Jessica Simpson","","https://www.caa.com","2025-07-16",NULL
"10826","new","SAY NOW","","https://www.caa.com","2025-07-16",NULL
"10827","new","Artio","","https://www.caa.com","2025-07-16",NULL
"10828","new","Cafuné","","https://www.caa.com","2025-07-16",NULL
"10829","new","Sinbad","","https://www.caa.com","2025-07-16",NULL
"10830","new","PRESIDENT","","https://www.caa.com","2025-07-16",NULL
"10831","new","Stewart Copeland presents Police Deranged","","https://www.caa.com","2025-07-16",NULL
"10832","new","Koe Wetzel","","https://www.caa.com","2025-07-16",NULL
"10833","new","Omar+","","https://www.caa.com","2025-07-16",NULL
"10834","new","AFI","","https://www.caa.com","2025-07-16",NULL
"10835","new","Florence and the Machine","","https://www.caa.com","2025-07-16",NULL
"10836","new","Jacob Alon","","https://www.caa.com","2025-07-16",NULL
"10837","new","Wisp","","https://www.caa.com","2025-07-16",NULL
"10838","new","Politik","","https://www.caa.com","2025-07-16",NULL
"10839","new","Jack Whitehall","","https://www.caa.com","2025-07-16",NULL
"10840","new","Owen Riegling","","https://www.caa.com","2025-07-16",NULL
"10841","new","The Blues Brothers","","https://www.caa.com","2025-07-16",NULL
"10842","new","Masked Wolf","","https://www.caa.com","2025-07-16",NULL
"10843","new","Bella Thorne","","https://www.caa.com","2025-07-16",NULL
"10844","new","Ryan Waters Band","","https://www.caa.com","2025-07-16",NULL
"10845","new","Caravan Palace","","https://www.caa.com","2025-07-16",NULL
"10846","new","Adrian Lyles","","https://www.caa.com","2025-07-16",NULL
"10847","new","Jackson Browne","","https://www.caa.com","2025-07-16",NULL
"10848","new","Wunderhorse","","https://www.caa.com","2025-07-16",NULL
"10849","new","HAIM","","https://www.caa.com","2025-07-16",NULL
"10850","new","Ricky Martin","","https://www.caa.com","2025-07-16",NULL
"10851","new","Primal Scream","","https://www.caa.com","2025-07-16",NULL
"10852","new","Warren Zeiders","","https://www.caa.com","2025-07-16",NULL
"10853","new","Nick Fradiani","","https://www.caa.com","2025-07-16",NULL
"10854","new","The Receiving End of Sirens","","https://www.caa.com","2025-07-16",NULL
"10855","new","Ricky Reed","","https://www.caa.com","2025-07-16",NULL
"10856","new","Laurel","","https://www.caa.com","2025-07-16",NULL
"10857","new","John Driskell Hopkins","","https://www.caa.com","2025-07-16",NULL
"10858","new","Circa Waves","","https://www.caa.com","2025-07-16",NULL
"10859","new","The Last Dinner Party","","https://www.caa.com","2025-07-16",NULL
"10860","new","Destin Laurel","","https://www.caa.com","2025-07-16",NULL
"10861","new","Shaya Zamora","","https://www.caa.com","2025-07-16",NULL
"10862","new","Working Men’s Club","","https://www.caa.com","2025-07-16",NULL
"10863","new","JNR Williams","","https://www.caa.com","2025-07-16",NULL
"10864","new","The Moody Blues","","https://www.caa.com","2025-07-16",NULL
"10865","new","Boyz II Men","","https://www.caa.com","2025-07-16",NULL
"10866","new","Taylor Edwards","","https://www.caa.com","2025-07-16",NULL
"10867","new","Deacon","","https://www.caa.com","2025-07-16",NULL
"10868","new","Been Stellar","","https://www.caa.com","2025-07-16",NULL
"10869","new","Billy Talent","","https://www.caa.com","2025-07-16",NULL
"10870","new","Earth, Wind & Fire","","https://www.caa.com","2025-07-16",NULL
"10871","new","Kelly Clarkson","","https://www.caa.com","2025-07-16",NULL
"10872","new","Wild Rivers","","https://www.caa.com","2025-07-16",NULL
"10873","new","Frank Caliendo","","https://www.caa.com","2025-07-16",NULL
"10874","new","The Black Keys","","https://www.caa.com","2025-07-16",NULL
"10875","new","Fantasia","","https://www.caa.com","2025-07-16",NULL
"10876","new","Gentle Dom","","https://www.caa.com","2025-07-16",NULL
"10877","new","Kodak Black","","https://www.caa.com","2025-07-16",NULL
"10878","new","Joey Fatone","","https://www.caa.com","2025-07-16",NULL
"10879","new","Jake Rose","","https://www.caa.com","2025-07-16",NULL
"10880","new","Spice Girls","","https://www.caa.com","2025-07-16",NULL
"10881","new","Maddie Jay","","https://www.caa.com","2025-07-16",NULL
"10882","new","The Droptines","","https://www.caa.com","2025-07-16",NULL
"10883","new","KIAN","","https://www.caa.com","2025-07-16",NULL
"10884","new","Diana Ross","","https://www.caa.com","2025-07-16",NULL
"10885","new","Robin Schulz","","https://www.caa.com","2025-07-16",NULL
"10886","new","Michael Franti","","https://www.caa.com","2025-07-16",NULL
"10887","new","Tenacious D","","https://www.caa.com","2025-07-16",NULL
"10888","new","Chin Okeke","","https://www.caa.com","2025-07-16",NULL
"10889","new","Lastlings","","https://www.caa.com","2025-07-16",NULL
"10890","new","The Distillers","","https://www.caa.com","2025-07-16",NULL
"10891","new","Maxi Meraki","","https://www.caa.com","2025-07-16",NULL
"10892","new","Kxllswxtch","","https://www.caa.com","2025-07-16",NULL
"10893","new","Scorpions","","https://www.caa.com","2025-07-16",NULL
"10894","new","Becky Hill","","https://www.caa.com","2025-07-16",NULL
"10895","new","Dylan Carlino","","https://www.caa.com","2025-07-16",NULL
"10896","new","Philip Bailey","","https://www.caa.com","2025-07-16",NULL
"10897","new","Luke Hemmings","","https://www.caa.com","2025-07-16",NULL
"10898","new","Charli XCX","","https://www.caa.com","2025-07-16",NULL
"10899","new","Amber Riley","","https://www.caa.com","2025-07-16",NULL
"10900","new","System of a Down","","https://www.caa.com","2025-07-16",NULL
"10901","new","Sky Katz","","https://www.caa.com","2025-07-16",NULL
"10902","new","Eartheater","","https://www.caa.com","2025-07-16",NULL
"10903","new","Omah Lay","","https://www.caa.com","2025-07-16",NULL
"10904","new","James Acaster","","https://www.caa.com","2025-07-16",NULL
"10905","new","Jean Ryden","","https://www.caa.com","2025-07-16",NULL
"10906","new","Mariah the Scientist","","https://www.caa.com","2025-07-16",NULL
"10907","new","Kevin Fowler","","https://www.caa.com","2025-07-16",NULL
"10908","new","Roosevelt","","https://www.caa.com","2025-07-16",NULL
"10909","new","CIZA","","https://www.caa.com","2025-07-16",NULL
"10910","new","Lauren Spencer-Smith","","https://www.caa.com","2025-07-16",NULL
"10911","new","Steely Dan","","https://www.caa.com","2025-07-16",NULL
"10912","new","The Brian Jonestown Massacre","","https://www.caa.com","2025-07-16",NULL
"10913","new","Claudia Valentina","","https://www.caa.com","2025-07-16",NULL
"10914","new","Lil Kim","","https://www.caa.com","2025-07-16",NULL
"10915","new","Zendaya","","https://www.caa.com","2025-07-16",NULL
"10916","new","LOCASH","","https://www.caa.com","2025-07-16",NULL
"10917","new","Bebe Winans","","https://www.caa.com","2025-07-16",NULL
"10918","new","Oberhofer","","https://www.caa.com","2025-07-16",NULL
"10919","new","Pharrell Williams","","https://www.caa.com","2025-07-16",NULL
"10920","new","Matoma","","https://www.caa.com","2025-07-16",NULL
"10921","new","Ian Fidance","","https://www.caa.com","2025-07-16",NULL
"10922","new","Will Haven","","https://www.caa.com","2025-07-16",NULL
"10923","new","Jade Eagleson","","https://www.caa.com","2025-07-16",NULL
"10924","new","Caleb Hearon","","https://www.caa.com","2025-07-16",NULL
"10925","new","Gossip","","https://www.caa.com","2025-07-16",NULL
"10926","new","Polo G","","https://www.caa.com","2025-07-16",NULL
"10927","new","RABO","","https://www.caa.com","2025-07-16",NULL
"10928","new","Anastacia","","https://www.caa.com","2025-07-16",NULL
"10929","new","Mica Paris","","https://www.caa.com","2025-07-16",NULL
"10930","new","Mae Martin","","https://www.caa.com","2025-07-16",NULL
"10931","new","The Temptations","","https://www.caa.com","2025-07-16",NULL
"10932","new","Gin Wigmore","","https://www.caa.com","2025-07-16",NULL
"10933","new","Monolink","","https://www.caa.com","2025-07-16",NULL
"10934","new","Ayra Starr","","https://www.caa.com","2025-07-16",NULL
"10935","new","Afterlife","","https://www.caa.com","2025-07-16",NULL
"10936","new","Sunday (1994)","","https://www.caa.com","2025-07-16",NULL
"10937","new","Owl City","","https://www.caa.com","2025-07-16",NULL
"10938","new","Simply Red","","https://www.caa.com","2025-07-16",NULL
"10939","new","Ruby Rose Turner","","https://www.caa.com","2025-07-16",NULL
"10940","new","Broken Social Scene","","https://www.caa.com","2025-07-16",NULL
"10941","new","Levi Evans","","https://www.caa.com","2025-07-16",NULL
"10942","new","Journey","","https://www.caa.com","2025-07-16",NULL
"10943","new","Joe Mande","","https://www.caa.com","2025-07-16",NULL
"10944","new","Shaboozey","","https://www.caa.com","2025-07-16",NULL
"10945","new","Mannequin Pussy","","https://www.caa.com","2025-07-16",NULL
"10946","new","Lady A","","https://www.caa.com","2025-07-16",NULL
"10947","new","Winona Fighter","","https://www.caa.com","2025-07-16",NULL
"10948","new","Slick Rick","","https://www.caa.com","2025-07-16",NULL
"10949","new","Benee","","https://www.caa.com","2025-07-16",NULL
"10950","new","Hailey Whitters","","https://www.caa.com","2025-07-16",NULL
"10951","new","Residente","","https://www.caa.com","2025-07-16",NULL
"10952","new","Amber Mark","","https://www.caa.com","2025-07-16",NULL
"10953","new","Beth Ditto","","https://www.caa.com","2025-07-16",NULL
"10954","new","Fiji Blue","","https://www.caa.com","2025-07-16",NULL
"10955","new","Travis Shettel","","https://www.caa.com","2025-07-16",NULL
"10956","new","Chicago","","https://www.caa.com","2025-07-16",NULL
"10957","new","Sofia Isella","","https://www.caa.com","2025-07-16",NULL
"10958","new","T-Pain","","https://www.caa.com","2025-07-16",NULL
"10959","new","Fleur Shore","","https://www.caa.com","2025-07-16",NULL
"10960","new","Judah & the Lion","","https://www.caa.com","2025-07-16",NULL
"10961","new","Sela Campbell","","https://www.caa.com","2025-07-16",NULL
"10962","new","Big Jay Oakerson","","https://www.caa.com","2025-07-16",NULL
"10963","new","Q-Tip","","https://www.caa.com","2025-07-16",NULL
"10964","new","Brooklynn Pitts","","https://www.caa.com","2025-07-16",NULL
"10965","new","Feid","","https://www.caa.com","2025-07-16",NULL
"10966","new","Future Islands","","https://www.caa.com","2025-07-16",NULL
"10967","new","Pretenders","","https://www.caa.com","2025-07-16",NULL
"10968","new","Toosii","","https://www.caa.com","2025-07-16",NULL
"10969","new","Stone Sour","","https://www.caa.com","2025-07-16",NULL
"10970","new","Billy Currington","","https://www.caa.com","2025-07-16",NULL
"10971","new","Jarryd James","","https://www.caa.com","2025-07-16",NULL
"10972","new","Alex Banin","","https://www.caa.com","2025-07-16",NULL
"10973","new","Naughty Boy","","https://www.caa.com","2025-07-16",NULL
"10974","new","ProbCause","","https://www.caa.com","2025-07-16",NULL
"10975","new","Trash Boat","","https://www.caa.com","2025-07-16",NULL
"10976","new","Allison Ponthier","","https://www.caa.com","2025-07-16",NULL
"10977","new","GRIZ","","https://www.caa.com","2025-07-16",NULL
"10978","new","Nadine Coyle","","https://www.caa.com","2025-07-16",NULL
"10979","new","Public Enemy","","https://www.caa.com","2025-07-16",NULL
"10980","new","The Black Crowes","","https://www.caa.com","2025-07-16",NULL
"10981","new","Aston Merrygold","","https://www.caa.com","2025-07-16",NULL
"10982","new","Blink 182","","https://www.caa.com","2025-07-16",NULL
"10983","new","Aidan Alexander","","https://www.caa.com","2025-07-16",NULL
"10984","new","Colin Meloy","","https://www.caa.com","2025-07-16",NULL
"10985","new","Lleo","","https://www.caa.com","2025-07-16",NULL
"10986","new","Aaron Raitiere","","https://www.caa.com","2025-07-16",NULL
"10987","new","Katy Perry","","https://www.caa.com","2025-07-16",NULL
"10988","new","Rahim Redcar","","https://www.caa.com","2025-07-16",NULL
"10989","new","Alexia Evellyn","","https://www.caa.com","2025-07-16",NULL
"10990","new","Alice Cooper","","https://www.caa.com","2025-07-16",NULL
"10991","new","Rossi.","","https://www.caa.com","2025-07-16",NULL
"10992","new","Chunk! No Captain Chunk!","","https://www.caa.com","2025-07-16",NULL
"10993","new","Ween","","https://www.caa.com","2025-07-16",NULL
"10994","new","Rob Thomas","","https://www.caa.com","2025-07-16",NULL
"10995","new","Cliffords","","https://www.caa.com","2025-07-16",NULL
"10996","new","Katie Gavin","","https://www.caa.com","2025-07-16",NULL
"10997","new","Lancey Foux","","https://www.caa.com","2025-07-16",NULL
"10998","new","Cordelia","","https://www.caa.com","2025-07-16",NULL
"10999","new","bülow","","https://www.caa.com","2025-07-16",NULL
"11000","new","Seafret","","https://www.caa.com","2025-07-16",NULL
"11001","new","Paris Jackson","","https://www.caa.com","2025-07-16",NULL
"11002","new","Jalen Ngonda","","https://www.caa.com","2025-07-16",NULL
"11003","new","Locklead","","https://www.caa.com","2025-07-16",NULL
"11004","new","Carrie Underwood","","https://www.caa.com","2025-07-16",NULL
"11005","new","A Boogie Wit Da Hoodie","","https://www.caa.com","2025-07-16",NULL
"11006","new","Ludmilla","","https://www.caa.com","2025-07-16",NULL
"11007","new","Noah Gardenswartz","","https://www.caa.com","2025-07-16",NULL
"11008","new","Billy Corgan","","https://www.caa.com","2025-07-16",NULL
"11009","new","The Beta Band","","https://www.caa.com","2025-07-16",NULL
"11010","new","Hannah Laing","","https://www.caa.com","2025-07-16",NULL
"11011","new","Doja Cat","","https://www.caa.com","2025-07-16",NULL
"11012","new","Chløë Black","","https://www.caa.com","2025-07-16",NULL
"11013","new","Annie Lennox","","https://www.caa.com","2025-07-16",NULL
"11014","new","Stevie Nicks","","https://www.caa.com","2025-07-16",NULL
"11015","new","Layla Benitez","","https://www.caa.com","2025-07-16",NULL
"11016","new","Loren Gray","","https://www.caa.com","2025-07-16",NULL
"11017","new","Ilario Alicante","","https://www.caa.com","2025-07-16",NULL
"11018","new","Malachiii","","https://www.caa.com","2025-07-16",NULL
"11019","new","Duncan Trussell","","https://www.caa.com","2025-07-16",NULL
"11020","new","Jelani Aryeh","","https://www.caa.com","2025-07-16",NULL
"11021","new","Matt Sallee","","https://www.caa.com","2025-07-16",NULL
"11022","new","Matt McCusker","","https://www.caa.com","2025-07-16",NULL
"11023","new","Gashi","","https://www.caa.com","2025-07-16",NULL
"11024","new","49 Winchester","","https://www.caa.com","2025-07-16",NULL
"11025","new","Spence Lee","","https://www.caa.com","2025-07-16",NULL
"11026","new","Thomas Day","","https://www.caa.com","2025-07-16",NULL
"11027","new","Scars on Broadway","","https://www.caa.com","2025-07-16",NULL
"11028","new","Samantha Crain","","https://www.caa.com","2025-07-16",NULL
"11029","new","Ethan Simmons-Patterson","","https://www.caa.com","2025-07-16",NULL
"11030","new","Linda Perry","","https://www.caa.com","2025-07-16",NULL
"11031","new","Uncle Kracker","","https://www.caa.com","2025-07-16",NULL
"11032","new","Ari Shapiro","","https://www.caa.com","2025-07-16",NULL
"11033","new","Liam Finn","","https://www.caa.com","2025-07-16",NULL
"11034","new","Tami Neilson","","https://www.caa.com","2025-07-16",NULL
"11035","new","Waterparks","","https://www.caa.com","2025-07-16",NULL
"11036","new","Eli","","https://www.caa.com","2025-07-16",NULL
"11037","new","Fat White Family","","https://www.caa.com","2025-07-16",NULL
"11038","new","Kevin Smiley","","https://www.caa.com","2025-07-16",NULL
"11039","new","Honey Bxby","","https://www.caa.com","2025-07-16",NULL
"11040","new","Emerson Hart","","https://www.caa.com","2025-07-16",NULL
"11041","new","Romesh Ranganathan","","https://www.caa.com","2025-07-16",NULL
"11042","new","Taking Back Sunday","","https://www.caa.com","2025-07-16",NULL
"11043","new","Andrew Rayel","","https://www.caa.com","2025-07-16",NULL
"11044","new","Selines","","https://www.caa.com","2025-07-16",NULL
"11045","new","Malugi","","https://www.caa.com","2025-07-16",NULL
"11046","new","Walter The Producer","","https://www.caa.com","2025-07-16",NULL
"11047","new","Heather Headley","","https://www.caa.com","2025-07-16",NULL
"11048","new","Meduza","","https://www.caa.com","2025-07-16",NULL
"11049","new","SkylaTylaa","","https://www.caa.com","2025-07-16",NULL
"11050","new","Alex Lambert","","https://www.caa.com","2025-07-16",NULL
"11051","new","Tomfoolery","","https://www.caa.com","2025-07-16",NULL
"11052","new","Bad Religion","","https://www.caa.com","2025-07-16",NULL
"11053","new","Four Year Strong","","https://www.caa.com","2025-07-16",NULL
"11054","new","Dana Dentata","","https://www.caa.com","2025-07-16",NULL
"11055","new","James Vincent McMorrow","","https://www.caa.com","2025-07-16",NULL
"11056","new","Naomi Scott","","https://www.caa.com","2025-07-16",NULL
"11057","new","Richard Reed Parry","","https://www.caa.com","2025-07-16",NULL
"11058","new","Jason Wade","","https://www.caa.com","2025-07-16",NULL
"11059","new","Nico Tortorella","","https://www.caa.com","2025-07-16",NULL
"11060","new","Fontaines D.C.","","https://www.caa.com","2025-07-16",NULL
"11061","new","Amy Allen","","https://www.caa.com","2025-07-16",NULL
"11062","new","Simple Creatures","","https://www.caa.com","2025-07-16",NULL
"11063","new","Heroes & Villains Fan Fest","","https://www.caa.com","2025-07-16",NULL
"11064","new","Ray Lamontagne","","https://www.caa.com","2025-07-16",NULL
"11065","new","SOLT / Olivier Awards","","https://www.caa.com","2025-07-16",NULL
"11066","new","CAL","","https://www.caa.com","2025-07-16",NULL
"11067","new","Preacher Lawson","","https://www.caa.com","2025-07-16",NULL
"11068","new","Ian Dunlap","","https://www.caa.com","2025-07-16",NULL
"11069","new","Just Jayne","","https://www.caa.com","2025-07-16",NULL
"11070","new","Raleigh Ritchie","","https://www.caa.com","2025-07-16",NULL
"11071","new","Remy Bond","","https://www.caa.com","2025-07-16",NULL
"11072","new","Lil Yachty","","https://www.caa.com","2025-07-16",NULL
"11073","new","Pony Bradshaw","","https://www.caa.com","2025-07-16",NULL
"11074","new","David Gray","","https://www.caa.com","2025-07-16",NULL
"11075","new","King Isis","","https://www.caa.com","2025-07-16",NULL
"11076","new","Giift","","https://www.caa.com","2025-07-16",NULL
"11077","new","JLS","","https://www.caa.com","2025-07-16",NULL
"11078","new","Patrick Watson","","https://www.caa.com","2025-07-16",NULL
"11079","new","Jenna Raine Simmons","","https://www.caa.com","2025-07-16",NULL
"11080","new","joan","","https://www.caa.com","2025-07-16",NULL
"11081","new","Shane Gillis","","https://www.caa.com","2025-07-16",NULL
"11082","new","Nippa","","https://www.caa.com","2025-07-16",NULL
"11083","new","Rico Nasty","","https://www.caa.com","2025-07-16",NULL
"11084","new","Jelly Roll","","https://www.caa.com","2025-07-16",NULL
"11085","new","The Chainsmokers","","https://www.caa.com","2025-07-16",NULL
"11086","new","Tora-i","","https://www.caa.com","2025-07-16",NULL
"11087","new","Common","","https://www.caa.com","2025-07-16",NULL
"11088","new","Grace","","https://www.caa.com","2025-07-16",NULL
"11089","new","boygenius","","https://www.caa.com","2025-07-16",NULL
"11090","new","Trueblood","","https://www.caa.com","2025-07-16",NULL
"11091","new","Jackie Tohn","","https://www.caa.com","2025-07-16",NULL
"11092","new","Kiinjo","","https://www.caa.com","2025-07-16",NULL
"11093","new","Crash Adams","","https://www.caa.com","2025-07-16",NULL
"11094","new","Adriatique","","https://www.caa.com","2025-07-16",NULL
"11095","new","brakence","","https://www.caa.com","2025-07-16",NULL
"11096","new","Jennifer Lopez","","https://www.caa.com","2025-07-16",NULL
"11097","new","Cassowary","","https://www.caa.com","2025-07-16",NULL
"11098","new","Issa Rae","","https://www.caa.com","2025-07-16",NULL
"11099","new","Isabela Merced","","https://www.caa.com","2025-07-16",NULL
"11100","new","Troy Bond","","https://www.caa.com","2025-07-16",NULL
"11101","new","Zacchae’us Paul","","https://www.caa.com","2025-07-16",NULL
"11102","new","Tate McRae","","https://www.caa.com","2025-07-16",NULL
"11103","new","CSS","","https://www.caa.com","2025-07-16",NULL
"11104","new","Marsh","","https://www.caa.com","2025-07-16",NULL
"11105","new","Alice Chater","","https://www.caa.com","2025-07-16",NULL
"11106","new","Aaron Rowe","","https://www.caa.com","2025-07-16",NULL
"11107","new","Durand Bernarr","","https://www.caa.com","2025-07-16",NULL
"11108","new","Knxwledge","","https://www.caa.com","2025-07-16",NULL
"11109","new","Alessi Rose","","https://www.caa.com","2025-07-16",NULL
"11110","new","Liamani Segura","","https://www.caa.com","2025-07-16",NULL
"11111","new","Sutton Foster","","https://www.caa.com","2025-07-16",NULL
"11112","new","Mon Rovîa","","https://www.caa.com","2025-07-16",NULL
"11113","new","Yeah Yeah Yeahs","","https://www.caa.com","2025-07-16",NULL
"11114","new","Clark Beckham","","https://www.caa.com","2025-07-16",NULL
"11115","new","Joe Dombrowski","","https://www.caa.com","2025-07-16",NULL
"11116","new","Los Aptos","","https://www.caa.com","2025-07-16",NULL
"11117","new","AWARE","","https://www.caa.com","2025-07-16",NULL
"11118","new","Jamie Lynn Spears","","https://www.caa.com","2025-07-16",NULL
"11119","new","Sabrina Carpenter","","https://www.caa.com","2025-07-16",NULL
"11120","new","Nickelback","","https://www.caa.com","2025-07-16",NULL
"11121","new","The Good, The Bad & The Queen","","https://www.caa.com","2025-07-16",NULL
"11122","new","Maggie Lindemann","","https://www.caa.com","2025-07-16",NULL
"11123","new","Alicai Harley","","https://www.caa.com","2025-07-16",NULL
"11124","new","Landon Smith","","https://www.caa.com","2025-07-16",NULL
"11125","new","Matt Sassari","","https://www.caa.com","2025-07-16",NULL
"11126","new","Nathaniel Rateliff & The Night Sweats","","https://www.caa.com","2025-07-16",NULL
"11127","new","Fiona Apple","","https://www.caa.com","2025-07-16",NULL
"11128","new","Mishaal Tamer","","https://www.caa.com","2025-07-16",NULL
"11129","new","Janet Jackson","","https://www.caa.com","2025-07-16",NULL
"11130","new","Shameik Moore","","https://www.caa.com","2025-07-16",NULL
"11131","new","Yuan Yuan Tan","","https://www.caa.com","2025-07-16",NULL
"11132","new","Lova","","https://www.caa.com","2025-07-16",NULL
"11133","new","Snapped Ankles","","https://www.caa.com","2025-07-16",NULL
"11134","new","Wes Period","","https://www.caa.com","2025-07-16",NULL
"11135","new","Loreena McKennitt","","https://www.caa.com","2025-07-16",NULL
"11136","new","CMAT","","https://www.caa.com","2025-07-16",NULL
"11137","new","Sam Garrett","","https://www.caa.com","2025-07-16",NULL
"11138","new","Nish Kumar","","https://www.caa.com","2025-07-16",NULL
"11139","new","Greta Isaac","","https://www.caa.com","2025-07-16",NULL
"11140","new","Nick Vatterott","","https://www.caa.com","2025-07-16",NULL
"11141","new","Wally Baram","","https://www.caa.com","2025-07-16",NULL
"11142","new","Dave Thomas Junior","","https://www.caa.com","2025-07-16",NULL
"11143","new","Grupo Firme","","https://www.caa.com","2025-07-16",NULL
"11144","new","Q","","https://www.caa.com","2025-07-16",NULL
"11145","new","Jack Cullen","","https://www.caa.com","2025-07-16",NULL
"11146","new","John Butler Trio","","https://www.caa.com","2025-07-16",NULL
"11147","new","Riordan","","https://www.caa.com","2025-07-16",NULL
"11148","new","Sam Tallent","","https://www.caa.com","2025-07-16",NULL
"11149","new","Saosin","","https://www.caa.com","2025-07-16",NULL
"11150","new","Harry Stone","","https://www.caa.com","2025-07-16",NULL
"11151","new","J.I.","","https://www.caa.com","2025-07-16",NULL
"11152","new","Julia Wolf","","https://www.caa.com","2025-07-16",NULL
"11153","new","Laura Jane Grace","","https://www.caa.com","2025-07-16",NULL
"11154","new","Beico","","https://www.caa.com","2025-07-16",NULL
"11155","new","Wilderado","","https://www.caa.com","2025-07-16",NULL
"11156","new","Peso Pluma","","https://www.caa.com","2025-07-16",NULL
"11157","new","Chloe Fineman","","https://www.caa.com","2025-07-16",NULL
"11158","new","Dylan Marlowe","","https://www.caa.com","2025-07-16",NULL
"11159","new","Mayday Parade","","https://www.caa.com","2025-07-16",NULL
"11160","new","Heart","","https://www.caa.com","2025-07-16",NULL
"11161","new","Perrie","","https://www.caa.com","2025-07-16",NULL
"11162","new","Daniel Sloss","","https://www.caa.com","2025-07-16",NULL
"11163","new","Bad Omens","","https://www.caa.com","2025-07-16",NULL
"11164","new","Dannii Minogue","","https://www.caa.com","2025-07-16",NULL
"11165","new","Lola Kirke","","https://www.caa.com","2025-07-16",NULL
"11166","new","Rich Brian","","https://www.caa.com","2025-07-16",NULL
"11167","new","Galliano","","https://www.caa.com","2025-07-16",NULL
"11168","new","Del Water Gap","","https://www.caa.com","2025-07-16",NULL
"11169","new","Rob49","","https://www.caa.com","2025-07-16",NULL
"11170","new","BPI / BRIT Awards","","https://www.caa.com","2025-07-16",NULL
"11171","new","Dave Bayley","","https://www.caa.com","2025-07-16",NULL
"11172","new","che","","https://www.caa.com","2025-07-16",NULL
"11173","new","Wade Bowen","","https://www.caa.com","2025-07-16",NULL
"11174","new","Joe Armon-Jones","","https://www.caa.com","2025-07-16",NULL
"11175","new","BABYMETAL","","https://www.caa.com","2025-07-16",NULL
"11176","new","Wilder Woods","","https://www.caa.com","2025-07-16",NULL
"11177","new","Dennis Ferrer","","https://www.caa.com","2025-07-16",NULL
"11178","new","Jacob Lusk","","https://www.caa.com","2025-07-16",NULL
"11179","new","Freya Skye","","https://www.caa.com","2025-07-16",NULL
"11180","new","Chad G. Smith","","https://www.caa.com","2025-07-16",NULL
"11181","new","The Staves","","https://www.caa.com","2025-07-16",NULL
"11182","new","Robert Kelly","","https://www.caa.com","2025-07-16",NULL
"11183","new","Asking Alexandria","","https://www.caa.com","2025-07-16",NULL
"2719","new","ABC","","https://www.teamwass.com","2025-07-16",NULL
"5765","new","Bolo","","https://www.unitedtalent.com","2025-07-16",NULL
"5708","new","Netsky","","https://www.unitedtalent.com","2025-07-16",NULL
"5716","new","Caskets","","https://www.unitedtalent.com","2025-07-16",NULL
"5705","new","Hannah Wicklund","","https://www.unitedtalent.com","2025-07-16",NULL
"5725","new","Bret McKenzie","","https://www.unitedtalent.com","2025-07-16",NULL
"5734","new","Bonobo","","https://www.unitedtalent.com","2025-07-16",NULL
"5737","new","The 502s","","https://www.unitedtalent.com","2025-07-16",NULL
"5695","new","James Blake","","https://www.unitedtalent.com","2025-07-16",NULL
"5729","new","Elles Bailey","","https://www.unitedtalent.com","2025-07-16",NULL
"5769","new","Megadeth","","https://www.unitedtalent.com","2025-07-16",NULL
"5728","new","Carpenter Brut","","https://www.unitedtalent.com","2025-07-16",NULL
"5730","new","Jon Foreman","","https://www.unitedtalent.com","2025-07-16",NULL
"5700","new","Dillon Francis","","https://www.unitedtalent.com","2025-07-16",NULL
"5756","new","Anohni","","https://www.unitedtalent.com","2025-07-16",NULL
"5748","new","Ncognita","","https://www.unitedtalent.com","2025-07-16",NULL
"5744","new","jordnmoody","","https://www.unitedtalent.com","2025-07-16",NULL
"5720","new","LYZZA","","https://www.unitedtalent.com","2025-07-16",NULL
"5712","new","Joker","","https://www.unitedtalent.com","2025-07-16",NULL
"5772","new","Graham Barham","","https://www.unitedtalent.com","2025-07-16",NULL
"5754","new","Pink Floyd","","https://www.unitedtalent.com","2025-07-16",NULL
"5757","new","ROSIE","","https://www.unitedtalent.com","2025-07-16",NULL
"5711","new","Choker","","https://www.unitedtalent.com","2025-07-16",NULL
"5721","new","Katy B","","https://www.unitedtalent.com","2025-07-16",NULL
"5753","new","Timecop1983","","https://www.unitedtalent.com","2025-07-16",NULL
"5697","new","Ashley Walters","","https://www.unitedtalent.com","2025-07-16",NULL
"5771","new","KILIMANJARO","","https://www.unitedtalent.com","2025-07-16",NULL
"5749","new","The Bacon Brothers","","https://www.unitedtalent.com","2025-07-16",NULL
"5702","new","Benjamin Clementine","","https://www.unitedtalent.com","2025-07-16",NULL
"5722","new","Hatebreed","","https://www.unitedtalent.com","2025-07-16",NULL
"5719","new","DE'WAYNE","","https://www.unitedtalent.com","2025-07-16",NULL
"5755","new","Steve Stamp","","https://www.unitedtalent.com","2025-07-16",NULL
"5768","new","Channing Wilson","","https://www.unitedtalent.com","2025-07-16",NULL
"5693","new","Mwanje","","https://www.unitedtalent.com","2025-07-16",NULL
"5694","new","Rome and Duddy","","https://www.unitedtalent.com","2025-07-16",NULL
"5735","new","Will Linley","","https://www.unitedtalent.com","2025-07-16",NULL
"5763","new","Void of Vision","","https://www.unitedtalent.com","2025-07-16",NULL
"5714","new","David Byrne","","https://www.unitedtalent.com","2025-07-16",NULL
"5724","new","N-Dubz","","https://www.unitedtalent.com","2025-07-16",NULL
"5746","new","Sasha Velour","","https://www.unitedtalent.com","2025-07-16",NULL
"5745","new","Ocean Alley","","https://www.unitedtalent.com","2025-07-16",NULL
"5709","new","Wheeler Walker Jr.","","https://www.unitedtalent.com","2025-07-16",NULL
"5736","new","SOAP","","https://www.unitedtalent.com","2025-07-16",NULL
"5723","new","Clint Black","","https://www.unitedtalent.com","2025-07-16",NULL
"23","new","BODYBOX","","https://www.33andwest.com/music","2025-07-16",NULL
"155","new","BONNIE TYLER","","('https://www.33andwest.com/music',)","2025-07-16",NULL
"869","new","Captain Bass","","https://www.mbartists.co.uk","2025-07-16",NULL
"60","new","MAGIC SWORD","","https://www.33andwest.com/music","2025-07-16",NULL
"84","new","MURDA BEATZ","","https://www.33andwest.com/music","2025-07-16",NULL
"32","new","SONREAL","","https://www.33andwest.com/music","2025-07-16",NULL
"30","new","FAIRYTALE OF NEW YORK","","https://www.33andwest.com/music","2025-07-16",NULL
"8820","new","Don Was & The Pan Detroit Ensemble","","https://www.highroadtouring.com","2025-07-16",NULL
"39","new","SUNNY WAR","","https://www.33andwest.com/music","2025-07-16",NULL
"12","new","L.A. WITCH","","https://www.33andwest.com/music","2025-07-16",NULL
"26","new","CONVERGE","","https://www.33andwest.com/music","2025-07-16",NULL
"72","new","BONNIE TYLER","","https://www.33andwest.com/music","2025-07-16",NULL
"62","new","ATTACK ATTACK!","","https://www.33andwest.com/music","2025-07-16",NULL
"80","new","LETLIVE.","","https://www.33andwest.com/music","2025-07-16",NULL
"40","new","DHARIUS","","https://www.33andwest.com/music","2025-07-16",NULL
"25","new","STARSHIP","","https://www.33andwest.com/music","2025-07-16",NULL
"3","new","THE POINTER SISTERS","","https://www.33andwest.com/music","2025-07-16",NULL
"4","new","LONDON ON DA TRACK","","https://www.33andwest.com/music","2025-07-16",NULL
"70","new","CHRI$TIAN GATE$","","https://www.33andwest.com/music","2025-07-16",NULL
"49","new","SCARY KIDS SCARING KIDS","","https://www.33andwest.com/music","2025-07-16",NULL
"75","new","DEAD KENNEDYS","","https://www.33andwest.com/music","2025-07-16",NULL
"86","new","BLUPHORIA","","https://www.33andwest.com/music","2025-07-16",NULL
"50","new","ANDREW DUHON","","https://www.33andwest.com/music","2025-07-16",NULL
"83","new","MAYLENE & THE SONS OF DISASTER","","https://www.33andwest.com/music","2025-07-16",NULL
"57","new","ANDY FALCO","","https://www.33andwest.com/music","2025-07-16",NULL
"54","new","DEATH ANGEL","","https://www.33andwest.com/music","2025-07-16",NULL
"1","new","GUARDIN","","https://www.33andwest.com/music","2025-07-16",NULL
"41","new","BRYCE CRAWFORD","","https://www.33andwest.com/music","2025-07-16",NULL
"46","new","FEVER 333","","https://www.33andwest.com/music","2025-07-16",NULL
"6","new","ONE MORE TIME","","https://www.33andwest.com/music","2025-07-16",NULL
"19","new","VOILA","","https://www.33andwest.com/music","2025-07-16",NULL
"58","new","ERIC REPRID","","https://www.33andwest.com/music","2025-07-16",NULL
"42","new","ARIEL PINK","","https://www.33andwest.com/music","2025-07-16",NULL
"67","new","CROWBAR","","https://www.33andwest.com/music","2025-07-16",NULL
"35","new","MC DAVO","","https://www.33andwest.com/music","2025-07-16",NULL
"7","new","ACID BATH","","https://www.33andwest.com/music","2025-07-16",NULL
"74","new","WITHIN DESTRUCTION","","https://www.33andwest.com/music","2025-07-16",NULL
"34","new","JERIS JOHNSON","","https://www.33andwest.com/music","2025-07-16",NULL
"78","new","DANCE WITH THE DEAD","","https://www.33andwest.com/music","2025-07-16",NULL
"33","new","C.R.O.","","https://www.33andwest.com/music","2025-07-16",NULL
"44","new","LACUNA COIL","","https://www.33andwest.com/music","2025-07-16",NULL
"77","new","ALAIN WHYTE","","https://www.33andwest.com/music","2025-07-16",NULL
"10","new","BRUJERIA","","https://www.33andwest.com/music","2025-07-16",NULL
"45","new","KILO KISH","","https://www.33andwest.com/music","2025-07-16",NULL
"76","new","MILLINGTON","","https://www.33andwest.com/music","2025-07-16",NULL
"56","new","NOVELISTS","","https://www.33andwest.com/music","2025-07-16",NULL
"51","new","BENJAMIN INGROSSO","","https://www.33andwest.com/music","2025-07-16",NULL
"31","new","PRAYERS","","https://www.33andwest.com/music","2025-07-16",NULL
"15","new","AG CLUB","","https://www.33andwest.com/music","2025-07-16",NULL
"63","new","AXTY","","https://www.33andwest.com/music","2025-07-16",NULL
"53","new","SAINT AVANGELINE","","https://www.33andwest.com/music","2025-07-16",NULL
"69","new","CATHEDRAL BELLS","","https://www.33andwest.com/music","2025-07-16",NULL
"61","new","FIRE FROM THE GODS","","https://www.33andwest.com/music","2025-07-16",NULL
"73","new","KATE CLOVER","","https://www.33andwest.com/music","2025-07-16",NULL
"47","new","ENGELBERT HUMPERDINCK","","https://www.33andwest.com/music","2025-07-16",NULL
"13","new","ECHOSMITH","","https://www.33andwest.com/music","2025-07-16",NULL
"59","new","MERKULES","","https://www.33andwest.com/music","2025-07-16",NULL
"68","new","DANCE GAVIN DANCE","","https://www.33andwest.com/music","2025-07-16",NULL
"36","new","CARNIFEX","","https://www.33andwest.com/music","2025-07-16",NULL
"2","new","CUMGIRL8","","https://www.33andwest.com/music","2025-07-16",NULL
"29","new","GOATWHORE","","https://www.33andwest.com/music","2025-07-16",NULL
"14","new","SWMRS","","https://www.33andwest.com/music","2025-07-16",NULL
"38","new","CONVICTIONS","","https://www.33andwest.com/music","2025-07-16",NULL
"65","new","WOLF & BEAR","","https://www.33andwest.com/music","2025-07-16",NULL
"79","new","DEVOUR","","https://www.33andwest.com/music","2025-07-16",NULL
"16","new","MELT-BANANA","","https://www.33andwest.com/music","2025-07-16",NULL
"8","new","LA SANTA GRIFA","","https://www.33andwest.com/music","2025-07-16",NULL
"43","new","NO LOVE FOR THE MIDDLE CHILD","","https://www.33andwest.com/music","2025-07-16",NULL
"82","new","THE BUTTERTONES","","https://www.33andwest.com/music","2025-07-16",NULL
"20","new","ESCAPE THE FATE","","https://www.33andwest.com/music","2025-07-16",NULL
"71","new","CAVELERA CONSPIRACY","","https://www.33andwest.com/music","2025-07-16",NULL
"11","new","THE HAUNT","","https://www.33andwest.com/music","2025-07-16",NULL
"17","new","HUMANITY'S LAST BREATH","","https://www.33andwest.com/music","2025-07-16",NULL
"48","new","ROYAL CODA","","https://www.33andwest.com/music","2025-07-16",NULL
"21","new","CORNELIUS","","https://www.33andwest.com/music","2025-07-16",NULL
"9","new","HAARPER","","https://www.33andwest.com/music","2025-07-16",NULL
"64","new","KOO KOO","","https://www.33andwest.com/music","2025-07-16",NULL
"28","new","DEVORA","","https://www.33andwest.com/music","2025-07-16",NULL
"66","new","THE AGGROLITES","","https://www.33andwest.com/music","2025-07-16",NULL
"22","new","LIONS AT THE GATE","","https://www.33andwest.com/music","2025-07-16",NULL
"5","new","CAVE-IN","","https://www.33andwest.com/music","2025-07-16",NULL
"98","new","GANG OF FOUR","","https://www.33andwest.com/music","2025-07-16",NULL
"91","new","DANIEL VILLARREAL","","https://www.33andwest.com/music","2025-07-16",NULL
"27","new","NE OBLIVISCARIS","","https://www.33andwest.com/music","2025-07-16",NULL
"55","new","RICKIE LEE JONES","","https://www.33andwest.com/music","2025-07-16",NULL
"92","new","CHAOS AND CARNAGE TOUR","","https://www.33andwest.com/music","2025-07-16",NULL
"88","new","ZHEANI","","https://www.33andwest.com/music","2025-07-16",NULL
"37","new","BUTTHOLE SURFERS","","https://www.33andwest.com/music","2025-07-16",NULL
"81","new","PRIVATE ISLAND","","https://www.33andwest.com/music","2025-07-16",NULL
"97","new","CREED BRATTON","","https://www.33andwest.com/music","2025-07-16",NULL
"99","new","DWELLINGS","","https://www.33andwest.com/music","2025-07-16",NULL
"101","new","SHAWN JAMES","","https://www.33andwest.com/music","2025-07-16",NULL
"18","new","TORNILLO","","https://www.33andwest.com/music","2025-07-16",NULL
"85","new","BORN OF OSIRIS","","https://www.33andwest.com/music","2025-07-16",NULL
"89","new","OZUNA","","https://www.33andwest.com/music","2025-07-16",NULL
"94","new","STEPHEN STANLEY","","https://www.33andwest.com/music","2025-07-16",NULL
"24","new","NAPALM DEATH","","https://www.33andwest.com/music","2025-07-16",NULL
"93","new","MODERN ENGLISH","","https://www.33andwest.com/music","2025-07-16",NULL
"95","new","BUTCHER BABIES","","https://www.33andwest.com/music","2025-07-16",NULL
"96","new","THXSOMCH","","https://www.33andwest.com/music","2025-07-16",NULL
"100","new","UNCURED","","https://www.33andwest.com/music","2025-07-16",NULL
"52","new","MY LIFE WITH THE THRILL KILL KULT","","https://www.33andwest.com/music","2025-07-16",NULL
"87","new","PARTICLE KID","","https://www.33andwest.com/music","2025-07-16",NULL
"102","new","KIESZA","","https://www.33andwest.com/music","2025-07-16",NULL
"90","new","EIDOLA","","https://www.33andwest.com/music","2025-07-16",NULL
"103","new","GANG OF FOUR","","('https://www.33andwest.com/music',)","2025-07-16",NULL
"104","new","CAVE-IN","","('https://www.33andwest.com/music',)","2025-07-16",NULL
"105","new","MELT-BANANA","","('https://www.33andwest.com/music',)","2025-07-16",NULL
"106","new","BUTTHOLE SURFERS","","('https://www.33andwest.com/music',)","2025-07-16",NULL
"107","new","MY LIFE WITH THE THRILL KILL KULT","","('https://www.33andwest.com/music',)","2025-07-16",NULL
"108","new","NE OBLIVISCARIS","","('https://www.33andwest.com/music',)","2025-07-16",NULL
"109","new","NOVELISTS","","('https://www.33andwest.com/music',)","2025-07-16",NULL
"110","new","BODYBOX","","('https://www.33andwest.com/music',)","2025-07-16",NULL
"111","new","CHAOS AND CARNAGE TOUR","","('https://www.33andwest.com/music',)","2025-07-16",NULL
"112","new","FIRE FROM THE GODS","","('https://www.33andwest.com/music',)","2025-07-16",NULL
"113","new","ROYAL CODA","","('https://www.33andwest.com/music',)","2025-07-16",NULL
"8821","new","John Paul White","","https://www.highroadtouring.com","2025-07-16",NULL
"114","new","NAPALM DEATH","","('https://www.33andwest.com/music',)","2025-07-16",NULL
"115","new","LA SANTA GRIFA","","('https://www.33andwest.com/music',)","2025-07-16",NULL
"116","new","DWELLINGS","","('https://www.33andwest.com/music',)","2025-07-16",NULL
"117","new","GUARDIN","","('https://www.33andwest.com/music',)","2025-07-16",NULL
"118","new","CATHEDRAL BELLS","","('https://www.33andwest.com/music',)","2025-07-16",NULL
"119","new","ARIEL PINK","","('https://www.33andwest.com/music',)","2025-07-16",NULL
"120","new","GOATWHORE","","('https://www.33andwest.com/music',)","2025-07-16",NULL
"121","new","BENJAMIN INGROSSO","","('https://www.33andwest.com/music',)","2025-07-16",NULL
"122","new","MODERN ENGLISH","","('https://www.33andwest.com/music',)","2025-07-16",NULL
"123","new","RICKIE LEE JONES","","('https://www.33andwest.com/music',)","2025-07-16",NULL
"124","new","BRUJERIA","","('https://www.33andwest.com/music',)","2025-07-16",NULL
"125","new","STARSHIP","","('https://www.33andwest.com/music',)","2025-07-16",NULL
"126","new","BRYCE CRAWFORD","","('https://www.33andwest.com/music',)","2025-07-16",NULL
"127","new","ONE MORE TIME","","('https://www.33andwest.com/music',)","2025-07-16",NULL
"128","new","CHRI$TIAN GATE$","","('https://www.33andwest.com/music',)","2025-07-16",NULL
"129","new","C.R.O.","","('https://www.33andwest.com/music',)","2025-07-16",NULL
"130","new","STEPHEN STANLEY","","('https://www.33andwest.com/music',)","2025-07-16",NULL
"131","new","KOO KOO","","('https://www.33andwest.com/music',)","2025-07-16",NULL
"132","new","ANDY FALCO","","('https://www.33andwest.com/music',)","2025-07-16",NULL
"133","new","DEVOUR","","('https://www.33andwest.com/music',)","2025-07-16",NULL
"134","new","SHAWN JAMES","","('https://www.33andwest.com/music',)","2025-07-16",NULL
"135","new","ENGELBERT HUMPERDINCK","","('https://www.33andwest.com/music',)","2025-07-16",NULL
"136","new","BUTCHER BABIES","","('https://www.33andwest.com/music',)","2025-07-16",NULL
"137","new","PRIVATE ISLAND","","('https://www.33andwest.com/music',)","2025-07-16",NULL
"138","new","WOLF & BEAR","","('https://www.33andwest.com/music',)","2025-07-16",NULL
"139","new","WITHIN DESTRUCTION","","('https://www.33andwest.com/music',)","2025-07-16",NULL
"140","new","NO LOVE FOR THE MIDDLE CHILD","","('https://www.33andwest.com/music',)","2025-07-16",NULL
"141","new","CAVELERA CONSPIRACY","","('https://www.33andwest.com/music',)","2025-07-16",NULL
"142","new","CROWBAR","","('https://www.33andwest.com/music',)","2025-07-16",NULL
"143","new","FEVER 333","","('https://www.33andwest.com/music',)","2025-07-16",NULL
"144","new","THE POINTER SISTERS","","('https://www.33andwest.com/music',)","2025-07-16",NULL
"145","new","ANDREW DUHON","","('https://www.33andwest.com/music',)","2025-07-16",NULL
"146","new","CONVERGE","","('https://www.33andwest.com/music',)","2025-07-16",NULL
"147","new","THE AGGROLITES","","('https://www.33andwest.com/music',)","2025-07-16",NULL
"148","new","MILLINGTON","","('https://www.33andwest.com/music',)","2025-07-16",NULL
"149","new","MC DAVO","","('https://www.33andwest.com/music',)","2025-07-16",NULL
"150","new","CUMGIRL8","","('https://www.33andwest.com/music',)","2025-07-16",NULL
"151","new","AXTY","","('https://www.33andwest.com/music',)","2025-07-16",NULL
"152","new","DEATH ANGEL","","('https://www.33andwest.com/music',)","2025-07-16",NULL
"2901","new","Yo La Tengo","","https://www.teamwass.com","2025-07-16",NULL
"153","new","THXSOMCH","","('https://www.33andwest.com/music',)","2025-07-16",NULL
"154","new","DANCE GAVIN DANCE","","('https://www.33andwest.com/music',)","2025-07-16",NULL
"156","new","KILO KISH","","('https://www.33andwest.com/music',)","2025-07-16",NULL
"157","new","THE BUTTERTONES","","('https://www.33andwest.com/music',)","2025-07-16",NULL
"158","new","KIESZA","","('https://www.33andwest.com/music',)","2025-07-16",NULL
"159","new","SUNNY WAR","","('https://www.33andwest.com/music',)","2025-07-16",NULL
"160","new","MAYLENE & THE SONS OF DISASTER","","('https://www.33andwest.com/music',)","2025-07-16",NULL
"8822","new","Rival Consoles","","https://www.highroadtouring.com","2025-07-16",NULL
"161","new","HAARPER","","('https://www.33andwest.com/music',)","2025-07-16",NULL
"162","new","ALAIN WHYTE","","('https://www.33andwest.com/music',)","2025-07-16",NULL
"163","new","THE HAUNT","","('https://www.33andwest.com/music',)","2025-07-16",NULL
"164","new","DANCE WITH THE DEAD","","('https://www.33andwest.com/music',)","2025-07-16",NULL
"165","new","LONDON ON DA TRACK","","('https://www.33andwest.com/music',)","2025-07-16",NULL
"166","new","DANIEL VILLARREAL","","('https://www.33andwest.com/music',)","2025-07-16",NULL
"167","new","ATTACK ATTACK!","","('https://www.33andwest.com/music',)","2025-07-16",NULL
"168","new","VOILA","","('https://www.33andwest.com/music',)","2025-07-16",NULL
"169","new","AG CLUB","","('https://www.33andwest.com/music',)","2025-07-16",NULL
"170","new","BORN OF OSIRIS","","('https://www.33andwest.com/music',)","2025-07-16",NULL
"171","new","CARNIFEX","","('https://www.33andwest.com/music',)","2025-07-16",NULL
"172","new","HUMANITY'S LAST BREATH","","('https://www.33andwest.com/music',)","2025-07-16",NULL
"173","new","LETLIVE.","","('https://www.33andwest.com/music',)","2025-07-16",NULL
"174","new","TORNILLO","","('https://www.33andwest.com/music',)","2025-07-16",NULL
"175","new","ECHOSMITH","","('https://www.33andwest.com/music',)","2025-07-16",NULL
"176","new","DEVORA","","('https://www.33andwest.com/music',)","2025-07-16",NULL
"177","new","L.A. WITCH","","('https://www.33andwest.com/music',)","2025-07-16",NULL
"178","new","UNCURED","","('https://www.33andwest.com/music',)","2025-07-16",NULL
"179","new","SCARY KIDS SCARING KIDS","","('https://www.33andwest.com/music',)","2025-07-16",NULL
"180","new","SONREAL","","('https://www.33andwest.com/music',)","2025-07-16",NULL
"181","new","CONVICTIONS","","('https://www.33andwest.com/music',)","2025-07-16",NULL
"182","new","MERKULES","","('https://www.33andwest.com/music',)","2025-07-16",NULL
"183","new","ERIC REPRID","","('https://www.33andwest.com/music',)","2025-07-16",NULL
"184","new","LACUNA COIL","","('https://www.33andwest.com/music',)","2025-07-16",NULL
"185","new","EIDOLA","","('https://www.33andwest.com/music',)","2025-07-16",NULL
"186","new","ACID BATH","","('https://www.33andwest.com/music',)","2025-07-16",NULL
"187","new","LIONS AT THE GATE","","('https://www.33andwest.com/music',)","2025-07-16",NULL
"188","new","PRAYERS","","('https://www.33andwest.com/music',)","2025-07-16",NULL
"189","new","JERIS JOHNSON","","('https://www.33andwest.com/music',)","2025-07-16",NULL
"190","new","SAINT AVANGELINE","","('https://www.33andwest.com/music',)","2025-07-16",NULL
"191","new","KATE CLOVER","","('https://www.33andwest.com/music',)","2025-07-16",NULL
"192","new","BLUPHORIA","","('https://www.33andwest.com/music',)","2025-07-16",NULL
"193","new","MURDA BEATZ","","('https://www.33andwest.com/music',)","2025-07-16",NULL
"194","new","FAIRYTALE OF NEW YORK","","('https://www.33andwest.com/music',)","2025-07-16",NULL
"8823","new","Penny & Sparrow","","https://www.highroadtouring.com","2025-07-16",NULL
"195","new","OZUNA","","('https://www.33andwest.com/music',)","2025-07-16",NULL
"196","new","CORNELIUS","","('https://www.33andwest.com/music',)","2025-07-16",NULL
"197","new","DHARIUS","","('https://www.33andwest.com/music',)","2025-07-16",NULL
"198","new","SWMRS","","('https://www.33andwest.com/music',)","2025-07-16",NULL
"199","new","DEAD KENNEDYS","","('https://www.33andwest.com/music',)","2025-07-16",NULL
"200","new","PARTICLE KID","","('https://www.33andwest.com/music',)","2025-07-16",NULL
"201","new","CREED BRATTON","","('https://www.33andwest.com/music',)","2025-07-16",NULL
"202","new","MAGIC SWORD","","('https://www.33andwest.com/music',)","2025-07-16",NULL
"203","new","ESCAPE THE FATE","","('https://www.33andwest.com/music',)","2025-07-16",NULL
"204","new","ZHEANI","","('https://www.33andwest.com/music',)","2025-07-16",NULL
"220","new","third Culture","","https://www.spinartistagency.com","2025-07-16",NULL
"219","new","Chuckie","","https://www.spinartistagency.com","2025-07-16",NULL
"206","new","Twinsick","","https://www.spinartistagency.com","2025-07-16",NULL
"215","new","HALIENE","","https://www.spinartistagency.com","2025-07-16",NULL
"210","new","Ian asher","","https://www.spinartistagency.com","2025-07-16",NULL
"227","new","Ferreck Dawn","","https://www.spinartistagency.com","2025-07-16",NULL
"218","new","Sian","","https://www.spinartistagency.com","2025-07-16",NULL
"232","new","Tini gessler","","https://www.spinartistagency.com","2025-07-16",NULL
"205","new","Nostalgix","","https://www.spinartistagency.com","2025-07-16",NULL
"213","new","Klingande","","https://www.spinartistagency.com","2025-07-16",NULL
"208","new","ARTY","","https://www.spinartistagency.com","2025-07-16",NULL
"212","new","Benny Benassi","","https://www.spinartistagency.com","2025-07-16",NULL
"225","new","Autograf","","https://www.spinartistagency.com","2025-07-16",NULL
"221","new","TITA LAU","","https://www.spinartistagency.com","2025-07-16",NULL
"230","new","Emma Hewitt","","https://www.spinartistagency.com","2025-07-16",NULL
"231","new","No thanks","","https://www.spinartistagency.com","2025-07-16",NULL
"229","new","LAVERN","","https://www.spinartistagency.com","2025-07-16",NULL
"209","new","Benson","","https://www.spinartistagency.com","2025-07-16",NULL
"207","new","Bob Sinclar","","https://www.spinartistagency.com","2025-07-16",NULL
"211","new","GUDFELLA","","https://www.spinartistagency.com","2025-07-16",NULL
"216","new","AR/CO","","https://www.spinartistagency.com","2025-07-16",NULL
"226","new","James Hype","","https://www.spinartistagency.com","2025-07-16",NULL
"222","new","Aly & Fila","","https://www.spinartistagency.com","2025-07-16",NULL
"224","new","Ninajirachi","","https://www.spinartistagency.com","2025-07-16",NULL
"214","new","Worakls","","https://www.spinartistagency.com","2025-07-16",NULL
"217","new","D.o.D","","https://www.spinartistagency.com","2025-07-16",NULL
"241","new","Qrion","","https://www.spinartistagency.com","2025-07-16",NULL
"253","new","Liva k","","https://www.spinartistagency.com","2025-07-16",NULL
"234","new","MR TOUT LE MONDE","","https://www.spinartistagency.com","2025-07-16",NULL
"251","new","Solardo","","https://www.spinartistagency.com","2025-07-16",NULL
"237","new","Sistek","","https://www.spinartistagency.com","2025-07-16",NULL
"245","new","13lackbeard","","https://www.spinartistagency.com","2025-07-16",NULL
"248","new","Rayray","","https://www.spinartistagency.com","2025-07-16",NULL
"254","new","Volaris","","https://www.spinartistagency.com","2025-07-16",NULL
"228","new","Hannah Laing","","https://www.spinartistagency.com","2025-07-16",NULL
"252","new","Elysian","","https://www.spinartistagency.com","2025-07-16",NULL
"240","new","Laurence GUY","","https://www.spinartistagency.com","2025-07-16",NULL
"242","new","ALPHA 9","","https://www.spinartistagency.com","2025-07-16",NULL
"257","new","Genesi","","https://www.spinartistagency.com","2025-07-16",NULL
"235","new","Meduza","","https://www.spinartistagency.com","2025-07-16",NULL
"258","new","Dark heart","","https://www.spinartistagency.com","2025-07-16",NULL
"250","new","Ilan Bluestone","","https://www.spinartistagency.com","2025-07-16",NULL
"239","new","Surf Mesa","","https://www.spinartistagency.com","2025-07-16",NULL
"238","new","Grum","","https://www.spinartistagency.com","2025-07-16",NULL
"247","new","Trym","","https://www.spinartistagency.com","2025-07-16",NULL
"255","new","Wenzday","","https://www.spinartistagency.com","2025-07-16",NULL
"244","new","Marten Hørger","","https://www.spinartistagency.com","2025-07-16",NULL
"243","new","KoroLOva","","https://www.spinartistagency.com","2025-07-16",NULL
"223","new","Gabriel & Dresden","","https://www.spinartistagency.com","2025-07-16",NULL
"249","new","BIJOU","","https://www.spinartistagency.com","2025-07-16",NULL
"256","new","Camden Cox","","https://www.spinartistagency.com","2025-07-16",NULL
"246","new","Spencer Brown","","https://www.spinartistagency.com","2025-07-16",NULL
"236","new","BRESH","","https://www.spinartistagency.com","2025-07-16",NULL
"1032","new","Briscoe","","https://www.teamwass.com","2025-07-16",NULL
"2458","new","LEO","","https://www.teamwass.com","2025-07-16",NULL
"1427","new","Roe Kapara","","https://www.teamwass.com","2025-07-16",NULL
"5977","new","Lany","","https://www.unitedtalent.com","2025-07-16",NULL
"768","new","Elipsa","","https://www.mbartists.co.uk","2025-07-16",NULL
"816","new","Bukez Finezt","","https://www.mbartists.co.uk","2025-07-16",NULL
"787","new","Lexurus","","https://www.mbartists.co.uk","2025-07-16",NULL
"819","new","MUZZ","","https://www.mbartists.co.uk","2025-07-16",NULL
"837","new","Atex","","https://www.mbartists.co.uk","2025-07-16",NULL
"779","new","Hi I’m Ghost","","https://www.mbartists.co.uk","2025-07-16",NULL
"802","new","MC Mota","","https://www.mbartists.co.uk","2025-07-16",NULL
"807","new","Welon","","https://www.mbartists.co.uk","2025-07-16",NULL
"764","new","OG Nixin","","https://www.mbartists.co.uk","2025-07-16",NULL
"785","new","Whales","","https://www.mbartists.co.uk","2025-07-16",NULL
"824","new","Skybreak","","https://www.mbartists.co.uk","2025-07-16",NULL
"799","new","Akeos","","https://www.mbartists.co.uk","2025-07-16",NULL
"817","new","Sanzu","","https://www.mbartists.co.uk","2025-07-16",NULL
"832","new","eugene","","https://www.mbartists.co.uk","2025-07-16",NULL
"791","new","Wooli","","https://www.mbartists.co.uk","2025-07-16",NULL
"767","new","Lev3l","","https://www.mbartists.co.uk","2025-07-16",NULL
"838","new","Annix","","https://www.mbartists.co.uk","2025-07-16",NULL
"835","new","Sorza","","https://www.mbartists.co.uk","2025-07-16",NULL
"818","new","Dan Be","","https://www.mbartists.co.uk","2025-07-16",NULL
"801","new","Sota","","https://www.mbartists.co.uk","2025-07-16",NULL
"798","new","Automhate","","https://www.mbartists.co.uk","2025-07-16",NULL
"783","new","T95","","https://www.mbartists.co.uk","2025-07-16",NULL
"772","new","Dirty Audio","","https://www.mbartists.co.uk","2025-07-16",NULL
"811","new","JAWNS","","https://www.mbartists.co.uk","2025-07-16",NULL
"827","new","Obey","","https://www.mbartists.co.uk","2025-07-16",NULL
"758","new","Coppa","","https://www.mbartists.co.uk","2025-07-16",NULL
"805","new","Krakota","","https://www.mbartists.co.uk","2025-07-16",NULL
"760","new","Ecraze","","https://www.mbartists.co.uk","2025-07-16",NULL
"804","new","PhaseOne","","https://www.mbartists.co.uk","2025-07-16",NULL
"795","new","Styke","","https://www.mbartists.co.uk","2025-07-16",NULL
"756","new","Layz","","https://www.mbartists.co.uk","2025-07-16",NULL
"784","new","SHRQ","","https://www.mbartists.co.uk","2025-07-16",NULL
"781","new","Chibs","","https://www.mbartists.co.uk","2025-07-16",NULL
"763","new","Conrank","","https://www.mbartists.co.uk","2025-07-16",NULL
"759","new","Anbu","","https://www.mbartists.co.uk","2025-07-16",NULL
"780","new","MVRDA","","https://www.mbartists.co.uk","2025-07-16",NULL
"761","new","Tommy Villiers","","https://www.mbartists.co.uk","2025-07-16",NULL
"834","new","Hydraulix","","https://www.mbartists.co.uk","2025-07-16",NULL
"812","new","Diagnostix","","https://www.mbartists.co.uk","2025-07-16",NULL
"766","new","Comma Dee","","https://www.mbartists.co.uk","2025-07-16",NULL
"782","new","TCTS","","https://www.mbartists.co.uk","2025-07-16",NULL
"813","new","Maze","","https://www.mbartists.co.uk","2025-07-16",NULL
"806","new","Jub","","https://www.mbartists.co.uk","2025-07-16",NULL
"774","new","Soltan","","https://www.mbartists.co.uk","2025-07-16",NULL
"808","new","Freaks & Geeks","","https://www.mbartists.co.uk","2025-07-16",NULL
"794","new","Dr Ushuu","","https://www.mbartists.co.uk","2025-07-16",NULL
"775","new","PRESTi","","https://www.mbartists.co.uk","2025-07-16",NULL
"762","new","Flowidus","","https://www.mbartists.co.uk","2025-07-16",NULL
"776","new","Tsuki","","https://www.mbartists.co.uk","2025-07-16",NULL
"796","new","not yes","","https://www.mbartists.co.uk","2025-07-16",NULL
"769","new","Particle","","https://www.mbartists.co.uk","2025-07-16",NULL
"821","new","Leotrix","","https://www.mbartists.co.uk","2025-07-16",NULL
"773","new","Jess Bays","","https://www.mbartists.co.uk","2025-07-16",NULL
"755","new","Pirapus","","https://www.mbartists.co.uk","2025-07-16",NULL
"777","new","Muerte","","https://www.mbartists.co.uk","2025-07-16",NULL
"815","new","NVADRZ & ALIAS","","https://www.mbartists.co.uk","2025-07-16",NULL
"786","new","T-Lex","","https://www.mbartists.co.uk","2025-07-16",NULL
"831","new","TER3NCE","","https://www.mbartists.co.uk","2025-07-16",NULL
"803","new","Used","","https://www.mbartists.co.uk","2025-07-16",NULL
"778","new","Stoned Level","","https://www.mbartists.co.uk","2025-07-16",NULL
"826","new","KOAN Sound","","https://www.mbartists.co.uk","2025-07-16",NULL
"797","new","Primate","","https://www.mbartists.co.uk","2025-07-16",NULL
"809","new","Infekt","","https://www.mbartists.co.uk","2025-07-16",NULL
"825","new","CaitC","","https://www.mbartists.co.uk","2025-07-16",NULL
"793","new","Flex","","https://www.mbartists.co.uk","2025-07-16",NULL
"814","new","HAMRO","","https://www.mbartists.co.uk","2025-07-16",NULL
"822","new","DJ Q","","https://www.mbartists.co.uk","2025-07-16",NULL
"830","new","Spag Heddy","","https://www.mbartists.co.uk","2025-07-16",NULL
"833","new","Azabim","","https://www.mbartists.co.uk","2025-07-16",NULL
"823","new","Onara","","https://www.mbartists.co.uk","2025-07-16",NULL
"765","new","Cheat Codes","","https://www.mbartists.co.uk","2025-07-16",NULL
"770","new","Protostar","","https://www.mbartists.co.uk","2025-07-16",NULL
"789","new","Doctor P","","https://www.mbartists.co.uk","2025-07-16",NULL
"836","new","Dassim","","https://www.mbartists.co.uk","2025-07-16",NULL
"771","new","Maysev","","https://www.mbartists.co.uk","2025-07-16",NULL
"820","new","Casnova","","https://www.mbartists.co.uk","2025-07-16",NULL
"788","new","Xen","","https://www.mbartists.co.uk","2025-07-16",NULL
"790","new","Mad Dubz","","https://www.mbartists.co.uk","2025-07-16",NULL
"792","new","Eliminate","","https://www.mbartists.co.uk","2025-07-16",NULL
"800","new","OSKI","","https://www.mbartists.co.uk","2025-07-16",NULL
"810","new","NCT","","https://www.mbartists.co.uk","2025-07-16",NULL
"828","new","JG Dubz","","https://www.mbartists.co.uk","2025-07-16",NULL
"5156","new","Eli Brown","","https://www.unitedtalent.com","2025-07-16",NULL
"2133","new","Sigrid","","https://www.teamwass.com","2025-07-16",NULL
"866","new","Decimate","","https://www.mbartists.co.uk","2025-07-16",NULL
"839","new","Bainbridge","","https://www.mbartists.co.uk","2025-07-16",NULL
"885","new","BLVNKSPVCE","","https://www.mbartists.co.uk","2025-07-16",NULL
"880","new","Shapes","","https://www.mbartists.co.uk","2025-07-16",NULL
"857","new","DJ Limited","","https://www.mbartists.co.uk","2025-07-16",NULL
"868","new","AC13","","https://www.mbartists.co.uk","2025-07-16",NULL
"845","new","4K","","https://www.mbartists.co.uk","2025-07-16",NULL
"903","new","Pegboard Nerds","","https://www.mbartists.co.uk","2025-07-16",NULL
"907","new","Denon Reed","","https://www.mbartists.co.uk","2025-07-16",NULL
"870","new","JUNKMAIL","","https://www.mbartists.co.uk","2025-07-16",NULL
"874","new","Sempra","","https://www.mbartists.co.uk","2025-07-16",NULL
"890","new","roi*","","https://www.mbartists.co.uk","2025-07-16",NULL
"896","new","Skulpt","","https://www.mbartists.co.uk","2025-07-16",NULL
"854","new","Rhode","","https://www.mbartists.co.uk","2025-07-16",NULL
"863","new","Auris","","https://www.mbartists.co.uk","2025-07-16",NULL
"923","new","Trinist","","https://www.mbartists.co.uk","2025-07-16",NULL
"891","new","Hiraeth","","https://www.mbartists.co.uk","2025-07-16",NULL
"861","new","Samplifire","","https://www.mbartists.co.uk","2025-07-16",NULL
"841","new","Sir Hiss","","https://www.mbartists.co.uk","2025-07-16",NULL
"865","new","T.R.A.C.","","https://www.mbartists.co.uk","2025-07-16",NULL
"877","new","Codd Dubz","","https://www.mbartists.co.uk","2025-07-16",NULL
"904","new","EPROM","","https://www.mbartists.co.uk","2025-07-16",NULL
"856","new","Future Flex","","https://www.mbartists.co.uk","2025-07-16",NULL
"842","new","Fade Black","","https://www.mbartists.co.uk","2025-07-16",NULL
"847","new","STVG","","https://www.mbartists.co.uk","2025-07-16",NULL
"894","new","beastboi.","","https://www.mbartists.co.uk","2025-07-16",NULL
"848","new","Blankface","","https://www.mbartists.co.uk","2025-07-16",NULL
"867","new","Kuuro","","https://www.mbartists.co.uk","2025-07-16",NULL
"872","new","FuntCase","","https://www.mbartists.co.uk","2025-07-16",NULL
"853","new","MIYAMORO","","https://www.mbartists.co.uk","2025-07-16",NULL
"884","new","Carly Wilford","","https://www.mbartists.co.uk","2025-07-16",NULL
"912","new","MC Fava","","https://www.mbartists.co.uk","2025-07-16",NULL
"881","new","Syzy","","https://www.mbartists.co.uk","2025-07-16",NULL
"895","new","Izzy Vadim","","https://www.mbartists.co.uk","2025-07-16",NULL
"860","new","Tali","","https://www.mbartists.co.uk","2025-07-16",NULL
"878","new","Bear Grillz","","https://www.mbartists.co.uk","2025-07-16",NULL
"858","new","The Outsiders","","https://www.mbartists.co.uk","2025-07-16",NULL
"876","new","Lee Mvtthews","","https://www.mbartists.co.uk","2025-07-16",NULL
"913","new","Ivory","","https://www.mbartists.co.uk","2025-07-16",NULL
"871","new","Paul SG","","https://www.mbartists.co.uk","2025-07-16",NULL
"852","new","IITYX","","https://www.mbartists.co.uk","2025-07-16",NULL
"888","new","Jeanie","","https://www.mbartists.co.uk","2025-07-16",NULL
"851","new","Teddy Killerz","","https://www.mbartists.co.uk","2025-07-16",NULL
"882","new","Nitepunk","","https://www.mbartists.co.uk","2025-07-16",NULL
"922","new","Tremmor","","https://www.mbartists.co.uk","2025-07-16",NULL
"849","new","Jae Depz","","https://www.mbartists.co.uk","2025-07-16",NULL
"917","new","Ray Volpe","","https://www.mbartists.co.uk","2025-07-16",NULL
"873","new","Dec Duffy","","https://www.mbartists.co.uk","2025-07-16",NULL
"893","new","Akvma","","https://www.mbartists.co.uk","2025-07-16",NULL
"886","new","Jon Void","","https://www.mbartists.co.uk","2025-07-16",NULL
"850","new","Dustkey","","https://www.mbartists.co.uk","2025-07-16",NULL
"889","new","Glockz","","https://www.mbartists.co.uk","2025-07-16",NULL
"918","new","Versa","","https://www.mbartists.co.uk","2025-07-16",NULL
"925","new","Madcore","","https://www.mbartists.co.uk","2025-07-16",NULL
"911","new","Graphyt","","https://www.mbartists.co.uk","2025-07-16",NULL
"897","new","Wolf Pax","","https://www.mbartists.co.uk","2025-07-16",NULL
"900","new","Chad Harrison","","https://www.mbartists.co.uk","2025-07-16",NULL
"899","new","PJ Bridger","","https://www.mbartists.co.uk","2025-07-16",NULL
"892","new","Danny Rankin","","https://www.mbartists.co.uk","2025-07-16",NULL
"898","new","Franky Nuts","","https://www.mbartists.co.uk","2025-07-16",NULL
"902","new","Virtual Riot","","https://www.mbartists.co.uk","2025-07-16",NULL
"843","new","Ace Aura","","https://www.mbartists.co.uk","2025-07-16",NULL
"887","new","VAMPA","","https://www.mbartists.co.uk","2025-07-16",NULL
"846","new","Barely Alive","","https://www.mbartists.co.uk","2025-07-16",NULL
"916","new","Natty Lou","","https://www.mbartists.co.uk","2025-07-16",NULL
"920","new","DRZ","","https://www.mbartists.co.uk","2025-07-16",NULL
"859","new","Mystic State","","https://www.mbartists.co.uk","2025-07-16",NULL
"864","new","Disphonia","","https://www.mbartists.co.uk","2025-07-16",NULL
"908","new","Tom Finster","","https://www.mbartists.co.uk","2025-07-16",NULL
"914","new","Polyphonic","","https://www.mbartists.co.uk","2025-07-16",NULL
"921","new","Bish","","https://www.mbartists.co.uk","2025-07-16",NULL
"862","new","Shadient","","https://www.mbartists.co.uk","2025-07-16",NULL
"915","new","Borgore","","https://www.mbartists.co.uk","2025-07-16",NULL
"879","new","Pyrate","","https://www.mbartists.co.uk","2025-07-16",NULL
"901","new","Explorers of the Internet","","https://www.mbartists.co.uk","2025-07-16",NULL
"855","new","Panda Eyes","","https://www.mbartists.co.uk","2025-07-16",NULL
"919","new","V O E","","https://www.mbartists.co.uk","2025-07-16",NULL
"906","new","HVDES","","https://www.mbartists.co.uk","2025-07-16",NULL
"840","new","Leniz","","https://www.mbartists.co.uk","2025-07-16",NULL
"909","new","DVEIGHT","","https://www.mbartists.co.uk","2025-07-16",NULL
"905","new","Haribo","","https://www.mbartists.co.uk","2025-07-16",NULL
"926","new","Kompany","","https://www.mbartists.co.uk","2025-07-16",NULL
"930","new","Former","","https://www.mbartists.co.uk","2025-07-16",NULL
"974","new","ÆON:MODE","","https://www.mbartists.co.uk","2025-07-16",NULL
"1000","new","HumaNature","","https://www.mbartists.co.uk","2025-07-16",NULL
"966","new","Vastive","","https://www.mbartists.co.uk","2025-07-16",NULL
"989","new","Badklaat","","https://www.mbartists.co.uk","2025-07-16",NULL
"1002","new","Bommer","","https://www.mbartists.co.uk","2025-07-16",NULL
"953","new","T & Sugah","","https://www.mbartists.co.uk","2025-07-16",NULL
"935","new","Veksyu","","https://www.mbartists.co.uk","2025-07-16",NULL
"954","new","Polo Jaffa","","https://www.mbartists.co.uk","2025-07-16",NULL
"991","new","Multiplex","","https://www.mbartists.co.uk","2025-07-16",NULL
"951","new","Low:r","","https://www.mbartists.co.uk","2025-07-16",NULL
"950","new","Jamezy","","https://www.mbartists.co.uk","2025-07-16",NULL
"988","new","Vici","","https://www.mbartists.co.uk","2025-07-16",NULL
"946","new","Banditt","","https://www.mbartists.co.uk","2025-07-16",NULL
"952","new","Nersha","","https://www.mbartists.co.uk","2025-07-16",NULL
"980","new","Shades","","https://www.mbartists.co.uk","2025-07-16",NULL
"1181","new","San Holo","","https://www.teamwass.com","2025-07-16",NULL
"1036","new","Zuzu","","https://www.teamwass.com","2025-07-16",NULL
"1281","new","Kelly Lee Owens","","https://www.teamwass.com","2025-07-16",NULL
"1308","new","Wallice","","https://www.teamwass.com","2025-07-16",NULL
"1402","new","Sidney Gish","","https://www.teamwass.com","2025-07-16",NULL
"1437","new","Zeds Dead","","https://www.teamwass.com","2025-07-16",NULL
"1395","new","The Libertines","","https://www.teamwass.com","2025-07-16",NULL
"1555","new","Tchami","","https://www.teamwass.com","2025-07-16",NULL
"1502","new","Rina Sawayama","","https://www.teamwass.com","2025-07-16",NULL
"1588","new","Seven Lions","","https://www.teamwass.com","2025-07-16",NULL
"1886","new","Jack River","","https://www.teamwass.com","2025-07-16",NULL
"1902","new","Travis","","https://www.teamwass.com","2025-07-16",NULL
"1887","new","REZZ","","https://www.teamwass.com","2025-07-16",NULL
"2135","new","Indigo De Souza","","https://www.teamwass.com","2025-07-16",NULL
"2096","new","Ruby Fields","","https://www.teamwass.com","2025-07-16",NULL
"2221","new","Lubiana","","https://www.teamwass.com","2025-07-16",NULL
"2254","new","The Wombats","","https://www.teamwass.com","2025-07-16",NULL
"2009","new","Nick Hakim","","https://www.teamwass.com","2025-07-16",NULL
"2482","new","Valentino Khan","","https://www.teamwass.com","2025-07-16",NULL
"2762","new","Love Fame Tragedy","","https://www.teamwass.com","2025-07-16",NULL
"2917","new","Peter Doherty","","https://www.teamwass.com","2025-07-16",NULL
"2930","new","Slow Pulp","","https://www.teamwass.com","2025-07-16",NULL
"2964","new","Supergrass","","https://www.teamwass.com","2025-07-16",NULL
"5864","new","Rufus Wainwright","","https://www.unitedtalent.com","2025-07-16",NULL
"3622","new","Malaa","","https://www.teamwass.com","2025-07-16",NULL
"3654","new","Spiritual Cramp","","https://www.teamwass.com","2025-07-16",NULL
"2382","new","Ziggy Marley","","https://www.teamwass.com","2025-07-16",NULL
"3767","new","Rusko","","https://www.teamwass.com","2025-07-16",NULL
"3823","new","Maxo Kream","","https://www.teamwass.com","2025-07-16",NULL
"3830","new","The Brothers Macklovitch","","https://www.teamwass.com","2025-07-16",NULL
"3859","new","What So Not","","https://www.teamwass.com","2025-07-16",NULL
"3869","new","Liquid Stranger","","https://www.teamwass.com","2025-07-16",NULL
"3979","new","Wolf Alice","","https://www.teamwass.com","2025-07-16",NULL
"4015","new","Marika Hackman","","https://www.teamwass.com","2025-07-16",NULL
"4029","new","SIDEPIECE","","https://www.teamwass.com","2025-07-16",NULL
"4049","new","Michigander","","https://www.teamwass.com","2025-07-16",NULL
"4067","new","Runnner","","https://www.teamwass.com","2025-07-16",NULL
"4075","new","Whyte Fang","","https://www.teamwass.com","2025-07-16",NULL
"4206","new","Hana Vu","","https://tbaagency.com","2025-07-16",NULL
"4219","new","Kevin Atwater","","https://tbaagency.com","2025-07-16",NULL
"4243","new","Purity Ring","","https://tbaagency.com","2025-07-16",NULL
"4266","new","Teethe","","https://tbaagency.com","2025-07-16",NULL
"4324","new","Middle Kids","","https://tbaagency.com","2025-07-16",NULL
"4326","new","Jay Som","","https://tbaagency.com","2025-07-16",NULL
"4343","new","TR/ST","","https://tbaagency.com","2025-07-16",NULL
"4371","new","underscores","","https://tbaagency.com","2025-07-16",NULL
"4374","new","The Lazy Eyes","","https://tbaagency.com","2025-07-16",NULL
"4381","new","La Dispute","","https://tbaagency.com","2025-07-16",NULL
"4394","new","Truman Sinclair","","https://tbaagency.com","2025-07-16",NULL
"4415","new","Hello Mary","","https://tbaagency.com","2025-07-16",NULL
"4485","new","Simula","","https://www.unitedtalent.com","2025-07-16",NULL
"4831","new","JOYRYDE","","https://www.unitedtalent.com","2025-07-16",NULL
"5053","new","TAAHLIAH","","https://www.unitedtalent.com","2025-07-16",NULL
"5026","new","Thys","","https://www.unitedtalent.com","2025-07-16",NULL
"5312","new","Zomboy","","https://www.unitedtalent.com","2025-07-16",NULL
"5440","new","Habstrakt","","https://www.unitedtalent.com","2025-07-16",NULL
"5885","new","Modestep","","https://www.unitedtalent.com","2025-07-16",NULL
"6062","new","Pissed Jeans","","https://www.unitedtalent.com","2025-07-16",NULL
"7103","new","Middle Kids","","https://music.wmeagency.com","2025-07-16",NULL
"7130","new","Miya Folick","","https://music.wmeagency.com","2025-07-16",NULL
"7161","new","Sports Team","","https://music.wmeagency.com","2025-07-16",NULL
"7310","new","Pet Shop Boys","","https://music.wmeagency.com","2025-07-16",NULL
"7394","new","Kings of Leon","","https://music.wmeagency.com","2025-07-16",NULL
"7774","new","Justice","","https://music.wmeagency.com","2025-07-16",NULL
"976","new","Matrix & Futurebound","","https://www.mbartists.co.uk","2025-07-16",NULL
"8824","new","Madeline Kenney","","https://www.highroadtouring.com","2025-07-16",NULL
"936","new","Aktive","","https://www.mbartists.co.uk","2025-07-16",NULL
"964","new","Finningham","","https://www.mbartists.co.uk","2025-07-16",NULL
"962","new","ESKEI83","","https://www.mbartists.co.uk","2025-07-16",NULL
"939","new","Riot Ten","","https://www.mbartists.co.uk","2025-07-16",NULL
"945","new","SQISHI","","https://www.mbartists.co.uk","2025-07-16",NULL
"1001","new","Yakz","","https://www.mbartists.co.uk","2025-07-16",NULL
"933","new","[BORDERS]","","https://www.mbartists.co.uk","2025-07-16",NULL
"996","new","Mazare","","https://www.mbartists.co.uk","2025-07-16",NULL
"967","new","Gladde Paling","","https://www.mbartists.co.uk","2025-07-16",NULL
"963","new","Spinscott","","https://www.mbartists.co.uk","2025-07-16",NULL
"981","new","Badjokes","","https://www.mbartists.co.uk","2025-07-16",NULL
"957","new","Eluun","","https://www.mbartists.co.uk","2025-07-16",NULL
"997","new","Artino","","https://www.mbartists.co.uk","2025-07-16",NULL
"937","new","Murdock","","https://www.mbartists.co.uk","2025-07-16",NULL
"982","new","SVDKO","","https://www.mbartists.co.uk","2025-07-16",NULL
"965","new","MUST DIE!","","https://www.mbartists.co.uk","2025-07-16",NULL
"938","new","Prosecute","","https://www.mbartists.co.uk","2025-07-16",NULL
"970","new","Mattik","","https://www.mbartists.co.uk","2025-07-16",NULL
"995","new","Posij","","https://www.mbartists.co.uk","2025-07-16",NULL
"985","new","12th Planet","","https://www.mbartists.co.uk","2025-07-16",NULL
"984","new","Yue","","https://www.mbartists.co.uk","2025-07-16",NULL
"958","new","Cartoon","","https://www.mbartists.co.uk","2025-07-16",NULL
"927","new","Kozmoz","","https://www.mbartists.co.uk","2025-07-16",NULL
"932","new","FarFlow","","https://www.mbartists.co.uk","2025-07-16",NULL
"994","new","FMS","","https://www.mbartists.co.uk","2025-07-16",NULL
"947","new","Blooom","","https://www.mbartists.co.uk","2025-07-16",NULL
"983","new","Screamarts","","https://www.mbartists.co.uk","2025-07-16",NULL
"944","new","Oliverse","","https://www.mbartists.co.uk","2025-07-16",NULL
"956","new","ROI OS","","https://www.mbartists.co.uk","2025-07-16",NULL
"955","new","Point.Blank","","https://www.mbartists.co.uk","2025-07-16",NULL
"999","new","ELLE RICH","","https://www.mbartists.co.uk","2025-07-16",NULL
"977","new","Method","","https://www.mbartists.co.uk","2025-07-16",NULL
"987","new","Edlan","","https://www.mbartists.co.uk","2025-07-16",NULL
"941","new","Culture Code","","https://www.mbartists.co.uk","2025-07-16",NULL
"973","new","Daeya","","https://www.mbartists.co.uk","2025-07-16",NULL
"986","new","Tokyo Machine","","https://www.mbartists.co.uk","2025-07-16",NULL
"968","new","Pixel Terror","","https://www.mbartists.co.uk","2025-07-16",NULL
"931","new","Ricky West","","https://www.mbartists.co.uk","2025-07-16",NULL
"979","new","Bennie","","https://www.mbartists.co.uk","2025-07-16",NULL
"990","new","Slang Dogs","","https://www.mbartists.co.uk","2025-07-16",NULL
"961","new","Ripple","","https://www.mbartists.co.uk","2025-07-16",NULL
"948","new","Innate MC","","https://www.mbartists.co.uk","2025-07-16",NULL
"978","new","SISTO","","https://www.mbartists.co.uk","2025-07-16",NULL
"934","new","Bossfight","","https://www.mbartists.co.uk","2025-07-16",NULL
"928","new","Chime","","https://www.mbartists.co.uk","2025-07-16",NULL
"969","new","Ekko & Sidetrack","","https://www.mbartists.co.uk","2025-07-16",NULL
"993","new","Nymfo","","https://www.mbartists.co.uk","2025-07-16",NULL
"940","new","BADVOID","","https://www.mbartists.co.uk","2025-07-16",NULL
"992","new","NIMDA","","https://www.mbartists.co.uk","2025-07-16",NULL
"998","new","Reaper","","https://www.mbartists.co.uk","2025-07-16",NULL
"929","new","SweetTooth","","https://www.mbartists.co.uk","2025-07-16",NULL
"949","new","Vieze Asbak","","https://www.mbartists.co.uk","2025-07-16",NULL
"975","new","Dualistic","","https://www.mbartists.co.uk","2025-07-16",NULL
"942","new","Calcium","","https://www.mbartists.co.uk","2025-07-16",NULL
"971","new","Subsonic","","https://www.mbartists.co.uk","2025-07-16",NULL
"943","new","Dala","","https://www.mbartists.co.uk","2025-07-16",NULL
"959","new","Synergy","","https://www.mbartists.co.uk","2025-07-16",NULL
"960","new","Forbidden Society","","https://www.mbartists.co.uk","2025-07-16",NULL
"972","new","Ruth Royall","","https://www.mbartists.co.uk","2025-07-16",NULL
"5479","new","J. Cole","","https://www.unitedtalent.com","2025-07-16",NULL
"2176","new","Chelsea Cutler","","https://www.teamwass.com","2025-07-16",NULL
"1072","new","JAWNY","","https://www.teamwass.com","2025-07-16",NULL
"1076","new","Aqyila","","https://www.teamwass.com","2025-07-16",NULL
"1077","new","Sparks","","https://www.teamwass.com","2025-07-16",NULL
"1075","new","Billy Lockett","","https://www.teamwass.com","2025-07-16",NULL
"883","new","Dreps","","https://www.mbartists.co.uk","2025-07-16",NULL
"910","new","Voicians","","https://www.mbartists.co.uk","2025-07-16",NULL
"829","new","TS7","","https://www.mbartists.co.uk","2025-07-16",NULL
"757","new","Midnight Tyrannosaurus","","https://www.mbartists.co.uk","2025-07-16",NULL
"844","new","Aweminus","","https://www.mbartists.co.uk","2025-07-16",NULL
"924","new","Dubloadz","","https://www.mbartists.co.uk","2025-07-16",NULL
"2416","new","Rex Orange County","","https://www.teamwass.com","2025-07-16",NULL
"1133","new","Hot Mulligan","","https://www.teamwass.com","2025-07-16",NULL
"1143","new","Abbie Mac","","https://www.teamwass.com","2025-07-16",NULL
"1083","new","Rachael & Vilray","","https://www.teamwass.com","2025-07-16",NULL
"6064","new","Scott Bradlee's Postmodern Jukebox","","https://www.unitedtalent.com","2025-07-16",NULL
"1115","new","OM","","https://www.teamwass.com","2025-07-16",NULL
"1128","new","Alex Porat","","https://www.teamwass.com","2025-07-16",NULL
"1093","new","Warren Haynes","","https://www.teamwass.com","2025-07-16",NULL
"1080","new","First Aid Kit","","https://www.teamwass.com","2025-07-16",NULL
"1109","new","Nikki Lane","","https://www.teamwass.com","2025-07-16",NULL
"1108","new","Melissa Carper","","https://www.teamwass.com","2025-07-16",NULL
"1129","new","Shakewell","","https://www.teamwass.com","2025-07-16",NULL
"1078","new","Oscar Mbo","","https://www.teamwass.com","2025-07-16",NULL
"1079","new","Hudson Ingram","","https://www.teamwass.com","2025-07-16",NULL
"1137","new","Humbird","","https://www.teamwass.com","2025-07-16",NULL
"1150","new","The Muppet Christmas Carol in Concert","","https://www.teamwass.com","2025-07-16",NULL
"1131","new","Jo Hill","","https://www.teamwass.com","2025-07-16",NULL
"1099","new","David Foster","","https://www.teamwass.com","2025-07-16",NULL
"1110","new","Bayou","","https://www.teamwass.com","2025-07-16",NULL
"1120","new","Cody Fry","","https://www.teamwass.com","2025-07-16",NULL
"1118","new","Dave Simonett","","https://www.teamwass.com","2025-07-16",NULL
"1101","new","Durand Jones & The Indications","","https://www.teamwass.com","2025-07-16",NULL
"1117","new","Aqualung","","https://www.teamwass.com","2025-07-16",NULL
"1087","new","Leon Vynehall","","https://www.teamwass.com","2025-07-16",NULL
"1142","new","Overmono","","https://www.teamwass.com","2025-07-16",NULL
"1091","new","Angèle","","https://www.teamwass.com","2025-07-16",NULL
"1130","new","Seraphina Simone","","https://www.teamwass.com","2025-07-16",NULL
"1124","new","Softcult","","https://www.teamwass.com","2025-07-16",NULL
"1122","new","Bill Ryder-Jones","","https://www.teamwass.com","2025-07-16",NULL
"1088","new","Midrift","","https://www.teamwass.com","2025-07-16",NULL
"1136","new","Disney PRIDE in Concert","","https://www.teamwass.com","2025-07-16",NULL
"1144","new","DJ Suzy","","https://www.teamwass.com","2025-07-16",NULL
"1104","new","Raining Jane","","https://www.teamwass.com","2025-07-16",NULL
"1112","new","Harry Teardrop","","https://www.teamwass.com","2025-07-16",NULL
"1156","new","Lella Fadda","","https://www.teamwass.com","2025-07-16",NULL
"1529","new","Artemas","","https://www.teamwass.com","2025-07-16",NULL
"1116","new","World's First Cinema","","https://www.teamwass.com","2025-07-16",NULL
"1096","new","Novo Amor","","https://www.teamwass.com","2025-07-16",NULL
"1121","new","Chris Malinchak","","https://www.teamwass.com","2025-07-16",NULL
"1154","new","Drake","","https://www.teamwass.com","2025-07-16",NULL
"1123","new","Conor Maynard","","https://www.teamwass.com","2025-07-16",NULL
"1138","new","YUGYEOM","","https://www.teamwass.com","2025-07-16",NULL
"1102","new","Tommy Lefroy","","https://www.teamwass.com","2025-07-16",NULL
"1100","new","Knocked Loose","","https://www.teamwass.com","2025-07-16",NULL
"1114","new","Magic City Hippies","","https://www.teamwass.com","2025-07-16",NULL
"1113","new","Lab Group","","https://www.teamwass.com","2025-07-16",NULL
"1119","new","Failure","","https://www.teamwass.com","2025-07-16",NULL
"1081","new","Arlo McKinley","","https://www.teamwass.com","2025-07-16",NULL
"1140","new","Klangkuenstler","","https://www.teamwass.com","2025-07-16",NULL
"1127","new","Gabzy","","https://www.teamwass.com","2025-07-16",NULL
"1098","new","Two Feet","","https://www.teamwass.com","2025-07-16",NULL
"1149","new","KI/KI","","https://www.teamwass.com","2025-07-16",NULL
"1152","new","The Lumineers","","https://www.teamwass.com","2025-07-16",NULL
"1134","new","Lil Tracy","","https://www.teamwass.com","2025-07-16",NULL
"1095","new","The Hotelier","","https://www.teamwass.com","2025-07-16",NULL
"1111","new","Alex Sensation","","https://www.teamwass.com","2025-07-16",NULL
"1094","new","West 22nd","","https://www.teamwass.com","2025-07-16",NULL
"1085","new","Mount Eerie","","https://www.teamwass.com","2025-07-16",NULL
"1125","new","Westend","","https://www.teamwass.com","2025-07-16",NULL
"1151","new","Joker - Live in Concert","","https://www.teamwass.com","2025-07-16",NULL
"1141","new","Redlight","","https://www.teamwass.com","2025-07-16",NULL
"1126","new","Indiana Jones and the Raiders of the Lost Ark in Concert","","https://www.teamwass.com","2025-07-16",NULL
"1153","new","Brian Nasty","","https://www.teamwass.com","2025-07-16",NULL
"1145","new","Mallrat","","https://www.teamwass.com","2025-07-16",NULL
"1103","new","100 gecs","","https://www.teamwass.com","2025-07-16",NULL
"1139","new","Greg Freeman","","https://www.teamwass.com","2025-07-16",NULL
"1146","new","Presley Regier","","https://www.teamwass.com","2025-07-16",NULL
"1086","new","Tove Lo","","https://www.teamwass.com","2025-07-16",NULL
"1155","new","High On Fire","","https://www.teamwass.com","2025-07-16",NULL
"1105","new","Shenandoah","","https://www.teamwass.com","2025-07-16",NULL
"1097","new","Theo Kandel","","https://www.teamwass.com","2025-07-16",NULL
"1082","new","Koryn Hawthorne","","https://www.teamwass.com","2025-07-16",NULL
"1084","new","Emei","","https://www.teamwass.com","2025-07-16",NULL
"1148","new","Derik Fein","","https://www.teamwass.com","2025-07-16",NULL
"1089","new","Unified Highway","","https://www.teamwass.com","2025-07-16",NULL
"1107","new","Pinegrove","","https://www.teamwass.com","2025-07-16",NULL
"1135","new","RJD2","","https://www.teamwass.com","2025-07-16",NULL
"6137","new","Orion Levine","","https://www.unitedtalent.com","2025-07-16",NULL
"1213","new","Sody","","https://www.teamwass.com","2025-07-16",NULL
"1179","new","Adekunle Gold","","https://www.teamwass.com","2025-07-16",NULL
"1207","new","Langhorne Slim","","https://www.teamwass.com","2025-07-16",NULL
"1173","new","M83","","https://www.teamwass.com","2025-07-16",NULL
"1174","new","James Marriott","","https://www.teamwass.com","2025-07-16",NULL
"1166","new","Molly Santana","","https://www.teamwass.com","2025-07-16",NULL
"1184","new","BluePrint","","https://www.teamwass.com","2025-07-16",NULL
"1205","new","Three Days Grace","","https://www.teamwass.com","2025-07-16",NULL
"1176","new","Sincere Engineer","","https://www.teamwass.com","2025-07-16",NULL
"1210","new","CAMELPHAT","","https://www.teamwass.com","2025-07-16",NULL
"1163","new","Betty Who","","https://www.teamwass.com","2025-07-16",NULL
"1206","new","Shout Out Louds","","https://www.teamwass.com","2025-07-16",NULL
"1198","new","Sabyna","","https://www.teamwass.com","2025-07-16",NULL
"1196","new","Tors","","https://www.teamwass.com","2025-07-16",NULL
"1180","new","HÆLOS","","https://www.teamwass.com","2025-07-16",NULL
"1204","new","Ona","","https://www.teamwass.com","2025-07-16",NULL
"1172","new","The Charlatans UK","","https://www.teamwass.com","2025-07-16",NULL
"1186","new","Mila Degray","","https://www.teamwass.com","2025-07-16",NULL
"1177","new","Oteil Burbridge","","https://www.teamwass.com","2025-07-16",NULL
"1194","new","Deyaz","","https://www.teamwass.com","2025-07-16",NULL
"1197","new","Sam Austins","","https://www.teamwass.com","2025-07-16",NULL
"1200","new","Kamille","","https://www.teamwass.com","2025-07-16",NULL
"1158","new","Tourist","","https://www.teamwass.com","2025-07-16",NULL
"1159","new","Knock2","","https://www.teamwass.com","2025-07-16",NULL
"1170","new","Strandz","","https://www.teamwass.com","2025-07-16",NULL
"1169","new","Davido","","https://www.teamwass.com","2025-07-16",NULL
"1161","new","Fisher","","https://www.teamwass.com","2025-07-16",NULL
"1214","new","BLACKPINK","","https://www.teamwass.com","2025-07-16",NULL
"1185","new","Logic1000","","https://www.teamwass.com","2025-07-16",NULL
"1209","new","""Weird Al"" Yankovic","","https://www.teamwass.com","2025-07-16",NULL
"2813","new","Oysterband","","https://www.teamwass.com","2025-07-16",NULL
"1165","new","Emma Shapplin","","https://www.teamwass.com","2025-07-16",NULL
"1188","new","Kommode","","https://www.teamwass.com","2025-07-16",NULL
"1193","new","Max Fry","","https://www.teamwass.com","2025-07-16",NULL
"1160","new","Sonder","","https://www.teamwass.com","2025-07-16",NULL
"1199","new","Fred again..","","https://www.teamwass.com","2025-07-16",NULL
"1203","new","Gorgon City","","https://www.teamwass.com","2025-07-16",NULL
"1201","new","Paul Heaton & Jacqui Abbott","","https://www.teamwass.com","2025-07-16",NULL
"1171","new","Goody Grace","","https://www.teamwass.com","2025-07-16",NULL
"1195","new","Heartworms","","https://www.teamwass.com","2025-07-16",NULL
"1189","new","Gaerea","","https://www.teamwass.com","2025-07-16",NULL
"1183","new","Chlothegod","","https://www.teamwass.com","2025-07-16",NULL
"1190","new","Mala","","https://www.teamwass.com","2025-07-16",NULL
"1182","new","Magdalena Bay","","https://www.teamwass.com","2025-07-16",NULL
"1191","new","VINCINT","","https://www.teamwass.com","2025-07-16",NULL
"1167","new","Beach Weather","","https://www.teamwass.com","2025-07-16",NULL
"1212","new","Dove Ellis","","https://www.teamwass.com","2025-07-16",NULL
"1178","new","Ferris & Sylvester","","https://www.teamwass.com","2025-07-16",NULL
"1164","new","Mulatu Astatke","","https://www.teamwass.com","2025-07-16",NULL
"1175","new","Yeat","","https://www.teamwass.com","2025-07-16",NULL
"1192","new","Amtrac","","https://www.teamwass.com","2025-07-16",NULL
"1168","new","Sierra Hull","","https://www.teamwass.com","2025-07-16",NULL
"1211","new","Young Marco","","https://www.teamwass.com","2025-07-16",NULL
"1028","new","Carpetman","","https://www.teamwass.com","2025-07-16",NULL
"1041","new","Phoneboy","","https://www.teamwass.com","2025-07-16",NULL
"4702","new","Adventure Club","","https://www.unitedtalent.com","2025-07-16",NULL
"1042","new","AMMA","","https://www.teamwass.com","2025-07-16",NULL
"1037","new","Claire Brooks","","https://www.teamwass.com","2025-07-16",NULL
"1005","new","The Batman In Concert","","https://www.teamwass.com","2025-07-16",NULL
"1039","new","Yaang","","https://www.teamwass.com","2025-07-16",NULL
"1068","new","Stereophonics","","https://www.teamwass.com","2025-07-16",NULL
"1015","new","Yuneki","","https://www.teamwass.com","2025-07-16",NULL
"1016","new","Westside Cowboy","","https://www.teamwass.com","2025-07-16",NULL
"1014","new","Winter","","https://www.teamwass.com","2025-07-16",NULL
"1024","new","54 Ultra","","https://www.teamwass.com","2025-07-16",NULL
"1020","new","Claude VonStroke","","https://www.teamwass.com","2025-07-16",NULL
"1059","new","TALK","","https://www.teamwass.com","2025-07-16",NULL
"1070","new","Wolf Parade","","https://www.teamwass.com","2025-07-16",NULL
"1048","new","Sierra Ferrell","","https://www.teamwass.com","2025-07-16",NULL
"1007","new","Hatchie","","https://www.teamwass.com","2025-07-16",NULL
"1030","new","Durante","","https://www.teamwass.com","2025-07-16",NULL
"1038","new","Crybaby","","https://www.teamwass.com","2025-07-16",NULL
"1047","new","FKJ (French Kiwi Juice)","","https://www.teamwass.com","2025-07-16",NULL
"1060","new","Monica Martin","","https://www.teamwass.com","2025-07-16",NULL
"1006","new","The Jungle Book in Concert","","https://www.teamwass.com","2025-07-16",NULL
"1052","new","Midnight Generation","","https://www.teamwass.com","2025-07-16",NULL
"1010","new","Louis Cato","","https://www.teamwass.com","2025-07-16",NULL
"1056","new","Miss Tiny","","https://www.teamwass.com","2025-07-16",NULL
"1012","new","Speed of Light","","https://www.teamwass.com","2025-07-16",NULL
"1162","new","Trees Speak","","https://www.teamwass.com","2025-07-16",NULL
"1008","new","Six Foot Blonde","","https://www.teamwass.com","2025-07-16",NULL
"1021","new","Layton Giordani","","https://www.teamwass.com","2025-07-16",NULL
"1058","new","Strict Scrutiny","","https://www.teamwass.com","2025-07-16",NULL
"1053","new","Benga","","https://www.teamwass.com","2025-07-16",NULL
"1062","new","Brockhampton","","https://www.teamwass.com","2025-07-16",NULL
"1003","new","Purple Ferdinand","","https://www.teamwass.com","2025-07-16",NULL
"1069","new","Alfie Jukes","","https://www.teamwass.com","2025-07-16",NULL
"1004","new","The Velveteers","","https://www.teamwass.com","2025-07-16",NULL
"1019","new","FAT DOG","","https://www.teamwass.com","2025-07-16",NULL
"1022","new","David Longstreth","","https://www.teamwass.com","2025-07-16",NULL
"1049","new","reggie","","https://www.teamwass.com","2025-07-16",NULL
"1033","new","TroyBoi","","https://www.teamwass.com","2025-07-16",NULL
"1031","new","Skillet","","https://www.teamwass.com","2025-07-16",NULL
"1027","new","Carl Barat and The Jackals","","https://www.teamwass.com","2025-07-16",NULL
"1034","new","311","","https://www.teamwass.com","2025-07-16",NULL
"1017","new","Eliminate","","https://www.teamwass.com","2025-07-16",NULL
"8825","new","Tank and The Bangas","","https://www.highroadtouring.com","2025-07-16",NULL
"8826","new","S.G. Goodman","","https://www.highroadtouring.com","2025-07-16",NULL
"1040","new","Lizzie Berchie","","https://www.teamwass.com","2025-07-16",NULL
"1026","new","Yung Singh","","https://www.teamwass.com","2025-07-16",NULL
"1045","new","FLYNN","","https://www.teamwass.com","2025-07-16",NULL
"1043","new","Elmiene","","https://www.teamwass.com","2025-07-16",NULL
"1046","new","Clara Cuvé","","https://www.teamwass.com","2025-07-16",NULL
"1051","new","Black Kids","","https://www.teamwass.com","2025-07-16",NULL
"1063","new","Chrystal","","https://www.teamwass.com","2025-07-16",NULL
"1009","new","E-40","","https://www.teamwass.com","2025-07-16",NULL
"1025","new","Chris Lake","","https://www.teamwass.com","2025-07-16",NULL
"1066","new","Frances Lion","","https://www.teamwass.com","2025-07-16",NULL
"1011","new","Maude Latour","","https://www.teamwass.com","2025-07-16",NULL
"1050","new","Field Medic","","https://www.teamwass.com","2025-07-16",NULL
"1013","new","Wet Leg","","https://www.teamwass.com","2025-07-16",NULL
"1061","new","Beartooth","","https://www.teamwass.com","2025-07-16",NULL
"1023","new","MALUGI","","https://www.teamwass.com","2025-07-16",NULL
"1067","new","Kali Uchis","","https://www.teamwass.com","2025-07-16",NULL
"1071","new","Yoke Lore","","https://www.teamwass.com","2025-07-16",NULL
"1055","new","Ezra Furman","","https://www.teamwass.com","2025-07-16",NULL
"1216","new","KISS OF LIFE","","https://www.teamwass.com","2025-07-16",NULL
"1286","new","SOJA","","https://www.teamwass.com","2025-07-16",NULL
"1255","new","Previous Industries","","https://www.teamwass.com","2025-07-16",NULL
"1242","new","Lila Drew","","https://www.teamwass.com","2025-07-16",NULL
"1244","new","Kid Cudi","","https://www.teamwass.com","2025-07-16",NULL
"1235","new","BINA.","","https://www.teamwass.com","2025-07-16",NULL
"3668","new","Ankur Tewari","","https://www.teamwass.com","2025-07-16",NULL
"1253","new","Ana Gasteyer","","https://www.teamwass.com","2025-07-16",NULL
"1223","new","Does It Offend You, Yeah?","","https://www.teamwass.com","2025-07-16",NULL
"1261","new","SIPPY","","https://www.teamwass.com","2025-07-16",NULL
"1278","new","WAVEDASH","","https://www.teamwass.com","2025-07-16",NULL
"1283","new","Dan Deacon","","https://www.teamwass.com","2025-07-16",NULL
"1240","new","Richard Ashcroft","","https://www.teamwass.com","2025-07-16",NULL
"1273","new","Kade Hoffman","","https://www.teamwass.com","2025-07-16",NULL
"1251","new","namesbliss","","https://www.teamwass.com","2025-07-16",NULL
"1268","new","The Kiffness","","https://www.teamwass.com","2025-07-16",NULL
"1247","new","6arelyhuman","","https://www.teamwass.com","2025-07-16",NULL
"1227","new","Rebelution","","https://www.teamwass.com","2025-07-16",NULL
"1236","new","Phish","","https://www.teamwass.com","2025-07-16",NULL
"1263","new","Siobhan Wilson","","https://www.teamwass.com","2025-07-16",NULL
"1231","new","Touch Sensitive","","https://www.teamwass.com","2025-07-16",NULL
"1265","new","Sunset Rubdown","","https://www.teamwass.com","2025-07-16",NULL
"1285","new","Bad Suns","","https://www.teamwass.com","2025-07-16",NULL
"1296","new","Akeem Ali","","https://www.teamwass.com","2025-07-16",NULL
"1288","new","Keaton Henson","","https://www.teamwass.com","2025-07-16",NULL
"1299","new","Soolking","","https://www.teamwass.com","2025-07-16",NULL
"1295","new","Machine Girl","","https://www.teamwass.com","2025-07-16",NULL
"1282","new","Sampha","","https://www.teamwass.com","2025-07-16",NULL
"1238","new","Yamê","","https://www.teamwass.com","2025-07-16",NULL
"1225","new","Nation of Language","","https://www.teamwass.com","2025-07-16",NULL
"1302","new","Oliver Sim","","https://www.teamwass.com","2025-07-16",NULL
"1230","new","khai dreams","","https://www.teamwass.com","2025-07-16",NULL
"1264","new","Benny Benassi","","https://www.teamwass.com","2025-07-16",NULL
"1222","new","Fucked Up","","https://www.teamwass.com","2025-07-16",NULL
"1245","new","Sophie and the Giants","","https://www.teamwass.com","2025-07-16",NULL
"1276","new","WALK THE MOON","","https://www.teamwass.com","2025-07-16",NULL
"1248","new","SHEE","","https://www.teamwass.com","2025-07-16",NULL
"1289","new","Gabrielle Hope","","https://www.teamwass.com","2025-07-16",NULL
"1256","new","Lunice","","https://www.teamwass.com","2025-07-16",NULL
"1249","new","Petch","","https://www.teamwass.com","2025-07-16",NULL
"1274","new","DJ Koze","","https://www.teamwass.com","2025-07-16",NULL
"1246","new","The 2 Bears","","https://www.teamwass.com","2025-07-16",NULL
"1293","new","Yours Truly","","https://www.teamwass.com","2025-07-16",NULL
"1232","new","Ashley Monroe","","https://www.teamwass.com","2025-07-16",NULL
"1218","new","Keller Williams' Grateful Gospel","","https://www.teamwass.com","2025-07-16",NULL
"1217","new","Valiant","","https://www.teamwass.com","2025-07-16",NULL
"1297","new","Be Charlotte","","https://www.teamwass.com","2025-07-16",NULL
"1224","new","Alison Wonderland","","https://www.teamwass.com","2025-07-16",NULL
"1287","new","EMEFE","","https://www.teamwass.com","2025-07-16",NULL
"1233","new","Cristina Hart","","https://www.teamwass.com","2025-07-16",NULL
"1266","new","King Lazy Eye","","https://www.teamwass.com","2025-07-16",NULL
"1228","new","Olly Alexander (Years & Years)","","https://www.teamwass.com","2025-07-16",NULL
"1291","new","Mia Wray","","https://www.teamwass.com","2025-07-16",NULL
"1229","new","HYUKOH","","https://www.teamwass.com","2025-07-16",NULL
"1272","new","Ewan McVicar","","https://www.teamwass.com","2025-07-16",NULL
"1298","new","Dead Poet Society","","https://www.teamwass.com","2025-07-16",NULL
"1221","new","Red Shahan","","https://www.teamwass.com","2025-07-16",NULL
"1239","new","Nightmares on Wax","","https://www.teamwass.com","2025-07-16",NULL
"1257","new","Atta Boy","","https://www.teamwass.com","2025-07-16",NULL
"1292","new","Susie Benchasil Seiter","","https://www.teamwass.com","2025-07-16",NULL
"1294","new","Bruno Major","","https://www.teamwass.com","2025-07-16",NULL
"1226","new","James Blunt","","https://www.teamwass.com","2025-07-16",NULL
"1262","new","Fatima Yamaha","","https://www.teamwass.com","2025-07-16",NULL
"1259","new","Bloody Civilian","","https://www.teamwass.com","2025-07-16",NULL
"1271","new","Josh Fudge","","https://www.teamwass.com","2025-07-16",NULL
"1219","new","Ride","","https://www.teamwass.com","2025-07-16",NULL
"1241","new","Frances Whitney","","https://www.teamwass.com","2025-07-16",NULL
"2882","new","Jesse Welles","","https://www.teamwass.com","2025-07-16",NULL
"1301","new","Confidence Man","","https://www.teamwass.com","2025-07-16",NULL
"1250","new","FILLY","","https://www.teamwass.com","2025-07-16",NULL
"1284","new","Lion Babe","","https://www.teamwass.com","2025-07-16",NULL
"1290","new","KATSEYE","","https://www.teamwass.com","2025-07-16",NULL
"1269","new","Majid Jordan","","https://www.teamwass.com","2025-07-16",NULL
"1280","new","moe.","","https://www.teamwass.com","2025-07-16",NULL
"1258","new","November Ultra","","https://www.teamwass.com","2025-07-16",NULL
"1252","new","De La Ghetto","","https://www.teamwass.com","2025-07-16",NULL
"1277","new","Man-Made Sunshine","","https://www.teamwass.com","2025-07-16",NULL
"1243","new","RaeCola","","https://www.teamwass.com","2025-07-16",NULL
"1260","new","Wilkinson","","https://www.teamwass.com","2025-07-16",NULL
"1215","new","Amaro Freitas","","https://www.teamwass.com","2025-07-16",NULL
"1279","new","Bob Moses","","https://www.teamwass.com","2025-07-16",NULL
"1300","new","Christopher Dragon","","https://www.teamwass.com","2025-07-16",NULL
"1340","new","The White Mandingos","","https://www.teamwass.com","2025-07-16",NULL
"1351","new","Wild Horses","","https://www.teamwass.com","2025-07-16",NULL
"4772","new","Foxing","","https://www.unitedtalent.com","2025-07-16",NULL
"1366","new","Lia Kali","","https://www.teamwass.com","2025-07-16",NULL
"1385","new","Sonic Boom","","https://www.teamwass.com","2025-07-16",NULL
"4494","new","KillSing","","https://www.unitedtalent.com","2025-07-16",NULL
"1310","new","ALINA","","https://www.teamwass.com","2025-07-16",NULL
"1322","new","Myke Towers","","https://www.teamwass.com","2025-07-16",NULL
"1386","new","DIIV","","https://www.teamwass.com","2025-07-16",NULL
"1312","new","Disney in Concert: Sound of Magic","","https://www.teamwass.com","2025-07-16",NULL
"1326","new","Vance Joy","","https://www.teamwass.com","2025-07-16",NULL
"1313","new","Dr. Dog","","https://www.teamwass.com","2025-07-16",NULL
"3669","new","Gift","","https://www.teamwass.com","2025-07-16",NULL
"1341","new","Anti Up","","https://www.teamwass.com","2025-07-16",NULL
"1342","new","Shady Nasty","","https://www.teamwass.com","2025-07-16",NULL
"1349","new","1991","","https://www.teamwass.com","2025-07-16",NULL
"8827","new","Takuya Kuroda","","https://www.highroadtouring.com","2025-07-16",NULL
"1315","new","Leon Majcen","","https://www.teamwass.com","2025-07-16",NULL
"1333","new","Walker & Royce","","https://www.teamwass.com","2025-07-16",NULL
"1325","new","Niko B","","https://www.teamwass.com","2025-07-16",NULL
"1358","new","The 900","","https://www.teamwass.com","2025-07-16",NULL
"1370","new","Lil Durk","","https://www.teamwass.com","2025-07-16",NULL
"1365","new","Gui Boratto","","https://www.teamwass.com","2025-07-16",NULL
"1376","new","SOFIA ISELLA","","https://www.teamwass.com","2025-07-16",NULL
"1316","new","Wasia Project","","https://www.teamwass.com","2025-07-16",NULL
"1380","new","Madlib","","https://www.teamwass.com","2025-07-16",NULL
"1345","new","Margo Price","","https://www.teamwass.com","2025-07-16",NULL
"1369","new","BADBADNOTGOOD","","https://www.teamwass.com","2025-07-16",NULL
"1331","new","Netsky","","https://www.teamwass.com","2025-07-16",NULL
"1336","new","Slayyyter","","https://www.teamwass.com","2025-07-16",NULL
"1329","new","Lane 8","","https://www.teamwass.com","2025-07-16",NULL
"1347","new","Cheryl","","https://www.teamwass.com","2025-07-16",NULL
"1324","new","Jeremy Zucker","","https://www.teamwass.com","2025-07-16",NULL
"1314","new","Yana","","https://www.teamwass.com","2025-07-16",NULL
"1328","new","Imen Siar","","https://www.teamwass.com","2025-07-16",NULL
"1309","new","RAVENSCOON","","https://www.teamwass.com","2025-07-16",NULL
"1343","new","Getdown Services","","https://www.teamwass.com","2025-07-16",NULL
"1359","new","Gruff Rhys","","https://www.teamwass.com","2025-07-16",NULL
"1332","new","The Blaze","","https://www.teamwass.com","2025-07-16",NULL
"1319","new","VNSSA","","https://www.teamwass.com","2025-07-16",NULL
"1334","new","Zack Bia","","https://www.teamwass.com","2025-07-16",NULL
"1360","new","Bastille","","https://www.teamwass.com","2025-07-16",NULL
"1323","new","Shy FX","","https://www.teamwass.com","2025-07-16",NULL
"1377","new","Air2Earth","","https://www.teamwass.com","2025-07-16",NULL
"1346","new","Chris Thile and Michael Daves","","https://www.teamwass.com","2025-07-16",NULL
"1307","new","Fever Ray","","https://www.teamwass.com","2025-07-16",NULL
"1339","new","Pinkshift","","https://www.teamwass.com","2025-07-16",NULL
"1321","new","The Entitled Sons","","https://www.teamwass.com","2025-07-16",NULL
"1378","new","NOODLES","","https://www.teamwass.com","2025-07-16",NULL
"1335","new","Reliqa","","https://www.teamwass.com","2025-07-16",NULL
"3726","new","Songhoy Blues","","https://www.teamwass.com","2025-07-16",NULL
"1368","new","Yandani","","https://www.teamwass.com","2025-07-16",NULL
"1382","new","The Beaches","","https://www.teamwass.com","2025-07-16",NULL
"1305","new","Dirtwire","","https://www.teamwass.com","2025-07-16",NULL
"1338","new","Disney Princess - The Concert","","https://www.teamwass.com","2025-07-16",NULL
"1354","new","Soul Blind","","https://www.teamwass.com","2025-07-16",NULL
"1355","new","Jessie Murph","","https://www.teamwass.com","2025-07-16",NULL
"1327","new","Bonobo","","https://www.teamwass.com","2025-07-16",NULL
"1372","new","Carol Ades","","https://www.teamwass.com","2025-07-16",NULL
"1330","new","MGMT","","https://www.teamwass.com","2025-07-16",NULL
"1350","new","Biig Piig","","https://www.teamwass.com","2025-07-16",NULL
"1379","new","Loukeman","","https://www.teamwass.com","2025-07-16",NULL
"1317","new","The Mighty Mighty Bosstones","","https://www.teamwass.com","2025-07-16",NULL
"1361","new","The Twilight Sad","","https://www.teamwass.com","2025-07-16",NULL
"1311","new","Amy Wadge","","https://www.teamwass.com","2025-07-16",NULL
"1304","new","Shaznay Lewis","","https://www.teamwass.com","2025-07-16",NULL
"1387","new","Big Wild","","https://www.teamwass.com","2025-07-16",NULL
"1352","new","Ichiko Aoba","","https://www.teamwass.com","2025-07-16",NULL
"1344","new","Gibran Alcocer","","https://www.teamwass.com","2025-07-16",NULL
"1367","new","Ninja Kidz! Live","","https://www.teamwass.com","2025-07-16",NULL
"1348","new","The Knife","","https://www.teamwass.com","2025-07-16",NULL
"1375","new","rusowsky","","https://www.teamwass.com","2025-07-16",NULL
"1318","new","Germ","","https://www.teamwass.com","2025-07-16",NULL
"1364","new","Kacey Musgraves","","https://www.teamwass.com","2025-07-16",NULL
"1362","new","BLP KOSHER","","https://www.teamwass.com","2025-07-16",NULL
"1383","new","The Second City","","https://www.teamwass.com","2025-07-16",NULL
"1357","new","Sarah Kinsley","","https://www.teamwass.com","2025-07-16",NULL
"1374","new","Alex Hall","","https://www.teamwass.com","2025-07-16",NULL
"1363","new","Estate of Johnny Cash","","https://www.teamwass.com","2025-07-16",NULL
"1373","new","Hobo Johnson and the Lovemakers","","https://www.teamwass.com","2025-07-16",NULL
"1389","new","Thundercat","","https://www.teamwass.com","2025-07-16",NULL
"1388","new","Black Sherif","","https://www.teamwass.com","2025-07-16",NULL
"1306","new","bullet tooth","","https://www.teamwass.com","2025-07-16",NULL
"1405","new","Kehlani","","https://www.teamwass.com","2025-07-16",NULL
"3600","new","Distant Worlds: music from FINAL FANTASY","","https://www.teamwass.com","2025-07-16",NULL
"1436","new","Nasty C","","https://www.teamwass.com","2025-07-16",NULL
"1400","new","S. Carey","","https://www.teamwass.com","2025-07-16",NULL
"5413","new","Peter Manos","","https://www.unitedtalent.com","2025-07-16",NULL
"5273","new","Moksi","","https://www.unitedtalent.com","2025-07-16",NULL
"1406","new","King Krule","","https://www.teamwass.com","2025-07-16",NULL
"1450","new","Willi Carlisle","","https://www.teamwass.com","2025-07-16",NULL
"1454","new","Ben Ottewell","","https://www.teamwass.com","2025-07-16",NULL
"1398","new","Asco","","https://www.teamwass.com","2025-07-16",NULL
"1468","new","Ocean Alley","","https://www.teamwass.com","2025-07-16",NULL
"1457","new","Gabriela Bee","","https://www.teamwass.com","2025-07-16",NULL
"1434","new","DJ Seinfeld","","https://www.teamwass.com","2025-07-16",NULL
"8828","new","Tarriona ""Tank"" Ball","","https://www.highroadtouring.com","2025-07-16",NULL
"1390","new","Wade Hayes","","https://www.teamwass.com","2025-07-16",NULL
"1435","new","Izzy Bizu","","https://www.teamwass.com","2025-07-16",NULL
"1472","new","Keller & The Keels","","https://www.teamwass.com","2025-07-16",NULL
"1446","new","The Terrys","","https://www.teamwass.com","2025-07-16",NULL
"1445","new","goddard.","","https://www.teamwass.com","2025-07-16",NULL
"1415","new","Jon Schmidt of The Piano Guys","","https://www.teamwass.com","2025-07-16",NULL
"1431","new","American Hi-Fi","","https://www.teamwass.com","2025-07-16",NULL
"1417","new","Rhea Raj","","https://www.teamwass.com","2025-07-16",NULL
"1461","new","Hugo Massien","","https://www.teamwass.com","2025-07-16",NULL
"1442","new","Charlie Fink","","https://www.teamwass.com","2025-07-16",NULL
"1408","new","Michael Learns To Rock","","https://www.teamwass.com","2025-07-16",NULL
"1416","new","Leifur James","","https://www.teamwass.com","2025-07-16",NULL
"1396","new","Caroline Polachek","","https://www.teamwass.com","2025-07-16",NULL
"1401","new","Ugo Banchi","","https://www.teamwass.com","2025-07-16",NULL
"1419","new","grentperez","","https://www.teamwass.com","2025-07-16",NULL
"1441","new","The Ghost of Paul Revere","","https://www.teamwass.com","2025-07-16",NULL
"1394","new","Il Divo","","https://www.teamwass.com","2025-07-16",NULL
"1459","new","Gray","","https://www.teamwass.com","2025-07-16",NULL
"1443","new","DIESEL / Shaquille O'Neal","","https://www.teamwass.com","2025-07-16",NULL
"1471","new","Bishop Briggs","","https://www.teamwass.com","2025-07-16",NULL
"1421","new","Pirates of the Caribbean: Dead Man’s Chest in Concert","","https://www.teamwass.com","2025-07-16",NULL
"1418","new","Libby","","https://www.teamwass.com","2025-07-16",NULL
"1414","new","Heyoon","","https://www.teamwass.com","2025-07-16",NULL
"1432","new","Cameo Blush","","https://www.teamwass.com","2025-07-16",NULL
"1564","new","Alexander Stewart","","https://www.teamwass.com","2025-07-16",NULL
"1456","new","Mathame","","https://www.teamwass.com","2025-07-16",NULL
"1469","new","Stromae","","https://www.teamwass.com","2025-07-16",NULL
"1447","new","Gwenno","","https://www.teamwass.com","2025-07-16",NULL
"1462","new","ili","","https://www.teamwass.com","2025-07-16",NULL
"1474","new","NXCRE","","https://www.teamwass.com","2025-07-16",NULL
"1465","new","Cap1talA","","https://www.teamwass.com","2025-07-16",NULL
"1475","new","MK (Marc Kinchen)","","https://www.teamwass.com","2025-07-16",NULL
"1397","new","Ranger Trucco","","https://www.teamwass.com","2025-07-16",NULL
"1391","new","Venna","","https://www.teamwass.com","2025-07-16",NULL
"1409","new","Nothing But Thieves","","https://www.teamwass.com","2025-07-16",NULL
"1463","new","cloudyfield","","https://www.teamwass.com","2025-07-16",NULL
"1399","new","Oliver Wood","","https://www.teamwass.com","2025-07-16",NULL
"1424","new","Pain Of Truth","","https://www.teamwass.com","2025-07-16",NULL
"1423","new","Ryan Perdz","","https://www.teamwass.com","2025-07-16",NULL
"1428","new","SYML","","https://www.teamwass.com","2025-07-16",NULL
"1403","new","Bruce Hornsby","","https://www.teamwass.com","2025-07-16",NULL
"1453","new","Black Panther in Concert","","https://www.teamwass.com","2025-07-16",NULL
"1438","new","Hawktail","","https://www.teamwass.com","2025-07-16",NULL
"1392","new","Skepta","","https://www.teamwass.com","2025-07-16",NULL
"1430","new","AustinShow","","https://www.teamwass.com","2025-07-16",NULL
"1429","new","Mike Yung","","https://www.teamwass.com","2025-07-16",NULL
"1425","new","blackwave.","","https://www.teamwass.com","2025-07-16",NULL
"1455","new","BIG3","","https://www.teamwass.com","2025-07-16",NULL
"1410","new","CC:DISCO!","","https://www.teamwass.com","2025-07-16",NULL
"1470","new","BB Wisely","","https://www.teamwass.com","2025-07-16",NULL
"1412","new","Muroki","","https://www.teamwass.com","2025-07-16",NULL
"1464","new","Cian Ducrot","","https://www.teamwass.com","2025-07-16",NULL
"1422","new","Sprints","","https://www.teamwass.com","2025-07-16",NULL
"1393","new","Harry Mack","","https://www.teamwass.com","2025-07-16",NULL
"1404","new","Cold War Kids","","https://www.teamwass.com","2025-07-16",NULL
"1426","new","Calexico","","https://www.teamwass.com","2025-07-16",NULL
"1467","new","Crooked Colours","","https://www.teamwass.com","2025-07-16",NULL
"8829","new","Matthew E. White","","https://www.highroadtouring.com","2025-07-16",NULL
"1407","new","Brian Fuller","","https://www.teamwass.com","2025-07-16",NULL
"1411","new","Frank Gamble","","https://www.teamwass.com","2025-07-16",NULL
"1420","new","Trackstar the DJ","","https://www.teamwass.com","2025-07-16",NULL
"1449","new","The Postal Service","","https://www.teamwass.com","2025-07-16",NULL
"1413","new","Arc De Soleil","","https://www.teamwass.com","2025-07-16",NULL
"8830","new","St. Paul & The Broken Bones","","https://www.highroadtouring.com","2025-07-16",NULL
"2919","new","Bahamas","","https://www.teamwass.com","2025-07-16",NULL
"1440","new","Ghostly Kisses","","https://www.teamwass.com","2025-07-16",NULL
"1451","new","BashfortheWorld","","https://www.teamwass.com","2025-07-16",NULL
"1448","new","Master P","","https://www.teamwass.com","2025-07-16",NULL
"1460","new","Revival Season","","https://www.teamwass.com","2025-07-16",NULL
"1544","new","Virtual Self","","https://www.teamwass.com","2025-07-16",NULL
"1526","new","Our Last Night","","https://www.teamwass.com","2025-07-16",NULL
"1499","new","Superdrag","","https://www.teamwass.com","2025-07-16",NULL
"1521","new","Welcome to Night Vale","","https://www.teamwass.com","2025-07-16",NULL
"5025","new","November Ultra","","https://www.unitedtalent.com","2025-07-16",NULL
"1507","new","Esme Emerson","","https://www.teamwass.com","2025-07-16",NULL
"1493","new","RYMAN","","https://www.teamwass.com","2025-07-16",NULL
"1546","new","Lolo Zouaï","","https://www.teamwass.com","2025-07-16",NULL
"1554","new","YehMe2","","https://www.teamwass.com","2025-07-16",NULL
"1542","new","Swedish House Mafia","","https://www.teamwass.com","2025-07-16",NULL
"1556","new","Glass Beams","","https://www.teamwass.com","2025-07-16",NULL
"1506","new","The Happy Fits","","https://www.teamwass.com","2025-07-16",NULL
"1553","new","Finch","","https://www.teamwass.com","2025-07-16",NULL
"1487","new","Miss Grit","","https://www.teamwass.com","2025-07-16",NULL
"1549","new","I Am Roze","","https://www.teamwass.com","2025-07-16",NULL
"1490","new","ANOTR","","https://www.teamwass.com","2025-07-16",NULL
"1531","new","Alice in Wonderland in Concert [Live Action]","","https://www.teamwass.com","2025-07-16",NULL
"1513","new","Straight No Chaser","","https://www.teamwass.com","2025-07-16",NULL
"1541","new","Wargasm","","https://www.teamwass.com","2025-07-16",NULL
"1510","new","Andy Burrows","","https://www.teamwass.com","2025-07-16",NULL
"1551","new","The Red Violin - Film with Live Orchestra","","https://www.teamwass.com","2025-07-16",NULL
"1538","new","RATATAT","","https://www.teamwass.com","2025-07-16",NULL
"1524","new","LSDXOXO","","https://www.teamwass.com","2025-07-16",NULL
"1485","new","Vanessa Paradis","","https://www.teamwass.com","2025-07-16",NULL
"1520","new","Jakob","","https://www.teamwass.com","2025-07-16",NULL
"1494","new","BOOGIE T.RIO","","https://www.teamwass.com","2025-07-16",NULL
"8831","new","The Earls of Leicester","","https://www.highroadtouring.com","2025-07-16",NULL
"1483","new","Katie Tupper","","https://www.teamwass.com","2025-07-16",NULL
"1534","new","Citizen","","https://www.teamwass.com","2025-07-16",NULL
"1481","new","Monjola","","https://www.teamwass.com","2025-07-16",NULL
"1532","new","Lauv","","https://www.teamwass.com","2025-07-16",NULL
"1496","new","gabriel black","","https://www.teamwass.com","2025-07-16",NULL
"4526","new","Parcels","","https://www.unitedtalent.com","2025-07-16",NULL
"1522","new","Georgia Lines","","https://www.teamwass.com","2025-07-16",NULL
"1492","new","Matthew And The Atlas","","https://www.teamwass.com","2025-07-16",NULL
"1523","new","Sueco","","https://www.teamwass.com","2025-07-16",NULL
"1517","new","SOFY","","https://www.teamwass.com","2025-07-16",NULL
"1550","new","Keyrah","","https://www.teamwass.com","2025-07-16",NULL
"1536","new","Matt Maeson","","https://www.teamwass.com","2025-07-16",NULL
"1503","new","Ravyn Lenae","","https://www.teamwass.com","2025-07-16",NULL
"1552","new","Paul Beaubrun","","https://www.teamwass.com","2025-07-16",NULL
"1479","new","Jeanie White","","https://www.teamwass.com","2025-07-16",NULL
"1528","new","Yola","","https://www.teamwass.com","2025-07-16",NULL
"1495","new","Lee Fields","","https://www.teamwass.com","2025-07-16",NULL
"1557","new","GRACEY","","https://www.teamwass.com","2025-07-16",NULL
"1509","new","Skream","","https://www.teamwass.com","2025-07-16",NULL
"1527","new","The Dinosaur’s Skin","","https://www.teamwass.com","2025-07-16",NULL
"1530","new","Hippo Campus","","https://www.teamwass.com","2025-07-16",NULL
"1539","new","Skullcrusher","","https://www.teamwass.com","2025-07-16",NULL
"1480","new","Kay Greyson","","https://www.teamwass.com","2025-07-16",NULL
"1518","new","Ghostemane","","https://www.teamwass.com","2025-07-16",NULL
"1543","new","Lindstrøm","","https://www.teamwass.com","2025-07-16",NULL
"1561","new","Parisi","","https://www.teamwass.com","2025-07-16",NULL
"1508","new","EsDeeKid","","https://www.teamwass.com","2025-07-16",NULL
"1512","new","La India","","https://www.teamwass.com","2025-07-16",NULL
"1489","new","Molly Sarlé","","https://www.teamwass.com","2025-07-16",NULL
"1511","new","Light Balance","","https://www.teamwass.com","2025-07-16",NULL
"1540","new","Saka","","https://www.teamwass.com","2025-07-16",NULL
"1500","new","Maanu","","https://www.teamwass.com","2025-07-16",NULL
"1497","new","Lewis Fitzgerald","","https://www.teamwass.com","2025-07-16",NULL
"1562","new","El Gran Combo","","https://www.teamwass.com","2025-07-16",NULL
"1535","new","Hardrock","","https://www.teamwass.com","2025-07-16",NULL
"1563","new","Tinzo","","https://www.teamwass.com","2025-07-16",NULL
"1537","new","Benjamin Steer","","https://www.teamwass.com","2025-07-16",NULL
"1560","new","Melanie C","","https://www.teamwass.com","2025-07-16",NULL
"1488","new","Will Clarke","","https://www.teamwass.com","2025-07-16",NULL
"1515","new","Pist Idiots","","https://www.teamwass.com","2025-07-16",NULL
"1516","new","Up in Concert","","https://www.teamwass.com","2025-07-16",NULL
"1519","new","ALLEYCVT","","https://www.teamwass.com","2025-07-16",NULL
"1478","new","Fleshwater","","https://www.teamwass.com","2025-07-16",NULL
"1491","new","Katie Pruitt","","https://www.teamwass.com","2025-07-16",NULL
"1477","new","Afrojack","","https://www.teamwass.com","2025-07-16",NULL
"1559","new","Ocean Tisdall","","https://www.teamwass.com","2025-07-16",NULL
"1482","new","Tom Misch","","https://www.teamwass.com","2025-07-16",NULL
"1545","new","Jyoty","","https://www.teamwass.com","2025-07-16",NULL
"1476","new","Beauty and the Beast in Concert [Live Action]","","https://www.teamwass.com","2025-07-16",NULL
"1504","new","Eleri Ward","","https://www.teamwass.com","2025-07-16",NULL
"1548","new","RÜFÜS DU SOL","","https://www.teamwass.com","2025-07-16",NULL
"1498","new","Ty Dolla $ign","","https://www.teamwass.com","2025-07-16",NULL
"1558","new","Hollow Coves","","https://www.teamwass.com","2025-07-16",NULL
"1505","new","Sean Paul","","https://www.teamwass.com","2025-07-16",NULL
"1486","new","Marc Broussard","","https://www.teamwass.com","2025-07-16",NULL
"1547","new","Bazzi","","https://www.teamwass.com","2025-07-16",NULL
"4963","new","Matt Hansen","","https://www.unitedtalent.com","2025-07-16",NULL
"2542","new","Beauty and the Beast in Concert [Animated]","","https://www.teamwass.com","2025-07-16",NULL
"1575","new","Oscar Farrell","","https://www.teamwass.com","2025-07-16",NULL
"1583","new","LØLØ","","https://www.teamwass.com","2025-07-16",NULL
"1623","new","Salvatore Ganacci","","https://www.teamwass.com","2025-07-16",NULL
"1634","new","Five For Fighting","","https://www.teamwass.com","2025-07-16",NULL
"1620","new","Still Woozy","","https://www.teamwass.com","2025-07-16",NULL
"1613","new","Split Chain","","https://www.teamwass.com","2025-07-16",NULL
"1608","new","The Menzingers","","https://www.teamwass.com","2025-07-16",NULL
"1617","new","Faerybabyy","","https://www.teamwass.com","2025-07-16",NULL
"1592","new","Tobiahs","","https://www.teamwass.com","2025-07-16",NULL
"1642","new","KUN","","https://www.teamwass.com","2025-07-16",NULL
"1566","new","KETTAMA","","https://www.teamwass.com","2025-07-16",NULL
"1647","new","Oliver Malcolm","","https://www.teamwass.com","2025-07-16",NULL
"1590","new","YellowStraps","","https://www.teamwass.com","2025-07-16",NULL
"1639","new","Keller Williams' Grateful Grass","","https://www.teamwass.com","2025-07-16",NULL
"1578","new","Gary Numan","","https://www.teamwass.com","2025-07-16",NULL
"1568","new","October and The Eyes","","https://www.teamwass.com","2025-07-16",NULL
"1610","new","Matt Champion","","https://www.teamwass.com","2025-07-16",NULL
"1571","new","Joe Kay","","https://www.teamwass.com","2025-07-16",NULL
"1582","new","Alina Baraz","","https://www.teamwass.com","2025-07-16",NULL
"1584","new","aldn","","https://www.teamwass.com","2025-07-16",NULL
"1609","new","Lewis Watson","","https://www.teamwass.com","2025-07-16",NULL
"1628","new","Chikaya","","https://www.teamwass.com","2025-07-16",NULL
"1618","new","La Femme","","https://www.teamwass.com","2025-07-16",NULL
"1580","new","Twisted Sister","","https://www.teamwass.com","2025-07-16",NULL
"1599","new","nasthug","","https://www.teamwass.com","2025-07-16",NULL
"1648","new","YNG Martyr","","https://www.teamwass.com","2025-07-16",NULL
"1572","new","Lotus Plaza","","https://www.teamwass.com","2025-07-16",NULL
"1625","new","Hackle","","https://www.teamwass.com","2025-07-16",NULL
"1606","new","Kaeto","","https://www.teamwass.com","2025-07-16",NULL
"1574","new","Jimmy Napes","","https://www.teamwass.com","2025-07-16",NULL
"1641","new","Dave Matthews and Tim Reynolds","","https://www.teamwass.com","2025-07-16",NULL
"1611","new","Baio","","https://www.teamwass.com","2025-07-16",NULL
"1650","new","Steve Angello","","https://www.teamwass.com","2025-07-16",NULL
"1629","new","El-P","","https://www.teamwass.com","2025-07-16",NULL
"1638","new","GloRilla","","https://www.teamwass.com","2025-07-16",NULL
"1636","new","Ray Laurél","","https://www.teamwass.com","2025-07-16",NULL
"3947","new","Emily King","","https://www.teamwass.com","2025-07-16",NULL
"1577","new","SARZ","","https://www.teamwass.com","2025-07-16",NULL
"1593","new","Ian Noe","","https://www.teamwass.com","2025-07-16",NULL
"1624","new","The 502s","","https://www.teamwass.com","2025-07-16",NULL
"1573","new","Oysterhead","","https://www.teamwass.com","2025-07-16",NULL
"1565","new","JayDon","","https://www.teamwass.com","2025-07-16",NULL
"1615","new","Cat Burns","","https://www.teamwass.com","2025-07-16",NULL
"1585","new","Michael Ray","","https://www.teamwass.com","2025-07-16",NULL
"1570","new","Iron & Wine","","https://www.teamwass.com","2025-07-16",NULL
"1603","new","Waka Flocka Flame","","https://www.teamwass.com","2025-07-16",NULL
"1616","new","Zauntee","","https://www.teamwass.com","2025-07-16",NULL
"1643","new","Ximena Sariñana","","https://www.teamwass.com","2025-07-16",NULL
"1598","new","Tape B","","https://www.teamwass.com","2025-07-16",NULL
"1632","new","Becky & the Birds","","https://www.teamwass.com","2025-07-16",NULL
"1630","new","Unwound","","https://www.teamwass.com","2025-07-16",NULL
"1626","new","Naethan Apollo","","https://www.teamwass.com","2025-07-16",NULL
"1631","new","The War And Treaty","","https://www.teamwass.com","2025-07-16",NULL
"1612","new","Mystery Jets","","https://www.teamwass.com","2025-07-16",NULL
"1586","new","Lynks","","https://www.teamwass.com","2025-07-16",NULL
"1605","new","The Cinematic Orchestra","","https://www.teamwass.com","2025-07-16",NULL
"1604","new","Andy Mineo","","https://www.teamwass.com","2025-07-16",NULL
"1622","new","Naisha","","https://www.teamwass.com","2025-07-16",NULL
"1645","new","Badflower","","https://www.teamwass.com","2025-07-16",NULL
"1621","new","Lettuce","","https://www.teamwass.com","2025-07-16",NULL
"1637","new","Taper's Choice","","https://www.teamwass.com","2025-07-16",NULL
"1600","new","Alex Wann","","https://www.teamwass.com","2025-07-16",NULL
"1651","new","PARTYNEXTDOOR","","https://www.teamwass.com","2025-07-16",NULL
"1644","new","Courting","","https://www.teamwass.com","2025-07-16",NULL
"1633","new","Classixx","","https://www.teamwass.com","2025-07-16",NULL
"1619","new","Corbin","","https://www.teamwass.com","2025-07-16",NULL
"1591","new","Papa Roach","","https://www.teamwass.com","2025-07-16",NULL
"1649","new","The Doo Wop Project","","https://www.teamwass.com","2025-07-16",NULL
"1597","new","Daffo","","https://www.teamwass.com","2025-07-16",NULL
"1635","new","Loud Luxury","","https://www.teamwass.com","2025-07-16",NULL
"8832","new","Luna","","https://www.highroadtouring.com","2025-07-16",NULL
"1601","new","Super Furry Animals","","https://www.teamwass.com","2025-07-16",NULL
"1594","new","DJ Shadow","","https://www.teamwass.com","2025-07-16",NULL
"1589","new","Rian Brazil","","https://www.teamwass.com","2025-07-16",NULL
"1595","new","Aries","","https://www.teamwass.com","2025-07-16",NULL
"1627","new","Beirut","","https://www.teamwass.com","2025-07-16",NULL
"1640","new","Jammer","","https://www.teamwass.com","2025-07-16",NULL
"1614","new","Danny Brown","","https://www.teamwass.com","2025-07-16",NULL
"1581","new","Adam Klobi","","https://www.teamwass.com","2025-07-16",NULL
"1569","new","Ritt Momney","","https://www.teamwass.com","2025-07-16",NULL
"1579","new","Fcukers","","https://www.teamwass.com","2025-07-16",NULL
"1602","new","Jojo Lorenzo","","https://www.teamwass.com","2025-07-16",NULL
"1646","new","JME","","https://www.teamwass.com","2025-07-16",NULL
"1728","new","Hard Working Americans","","https://www.teamwass.com","2025-07-16",NULL
"1690","new","Babehoven","","https://www.teamwass.com","2025-07-16",NULL
"1664","new","Ways Away","","https://www.teamwass.com","2025-07-16",NULL
"5614","new","Steller","","https://www.unitedtalent.com","2025-07-16",NULL
"1735","new","Hatsune Miku","","https://www.teamwass.com","2025-07-16",NULL
"1720","new","Jeffrey Martin","","https://www.teamwass.com","2025-07-16",NULL
"1662","new","BINI","","https://www.teamwass.com","2025-07-16",NULL
"1676","new","Drop Nineteens","","https://www.teamwass.com","2025-07-16",NULL
"1678","new","Snow Wife","","https://www.teamwass.com","2025-07-16",NULL
"1681","new","Tyler, The Creator","","https://www.teamwass.com","2025-07-16",NULL
"1739","new","Jess Glynne","","https://www.teamwass.com","2025-07-16",NULL
"1674","new","Good Kid","","https://www.teamwass.com","2025-07-16",NULL
"1685","new","d4vd","","https://www.teamwass.com","2025-07-16",NULL
"1713","new","Hannah Diamond","","https://www.teamwass.com","2025-07-16",NULL
"1655","new","Lyle Lovett","","https://www.teamwass.com","2025-07-16",NULL
"1701","new","Anthony Fantano","","https://www.teamwass.com","2025-07-16",NULL
"1669","new","Daisy Grenade","","https://www.teamwass.com","2025-07-16",NULL
"1667","new","Jazmine Sullivan","","https://www.teamwass.com","2025-07-16",NULL
"1665","new","Imagine Dragons","","https://www.teamwass.com","2025-07-16",NULL
"1709","new","Dan Reynolds of Imagine Dragons","","https://www.teamwass.com","2025-07-16",NULL
"1670","new","Toe","","https://www.teamwass.com","2025-07-16",NULL
"1732","new","mxmtoon","","https://www.teamwass.com","2025-07-16",NULL
"1730","new","The Reytons","","https://www.teamwass.com","2025-07-16",NULL
"1716","new","Lomelda","","https://www.teamwass.com","2025-07-16",NULL
"1696","new","Notre Dame","","https://www.teamwass.com","2025-07-16",NULL
"1654","new","Peter Bjorn and John","","https://www.teamwass.com","2025-07-16",NULL
"8833","new","Drive-By Truckers","","https://www.highroadtouring.com","2025-07-16",NULL
"1697","new","Humble The Poet","","https://www.teamwass.com","2025-07-16",NULL
"1660","new","MIKA","","https://www.teamwass.com","2025-07-16",NULL
"1731","new","DoFlame","","https://www.teamwass.com","2025-07-16",NULL
"1692","new","POW","","https://www.teamwass.com","2025-07-16",NULL
"1699","new","Kaizers Orchestra","","https://www.teamwass.com","2025-07-16",NULL
"1729","new","Nickel Creek","","https://www.teamwass.com","2025-07-16",NULL
"1733","new","Pierce The Veil","","https://www.teamwass.com","2025-07-16",NULL
"1738","new","Riceboy Sleeps","","https://www.teamwass.com","2025-07-16",NULL
"5764","new","Jonah Marais","","https://www.unitedtalent.com","2025-07-16",NULL
"1661","new","Alex Warren","","https://www.teamwass.com","2025-07-16",NULL
"1671","new","Charlie Cunningham","","https://www.teamwass.com","2025-07-16",NULL
"1719","new","Mercer Henderson","","https://www.teamwass.com","2025-07-16",NULL
"1673","new","Trella","","https://www.teamwass.com","2025-07-16",NULL
"1723","new","YT","","https://www.teamwass.com","2025-07-16",NULL
"8834","new","Jonathan Wilson","","https://www.highroadtouring.com","2025-07-16",NULL
"1679","new","Alisa Amador","","https://www.teamwass.com","2025-07-16",NULL
"1693","new","Disney Princess - The Symphony Concert","","https://www.teamwass.com","2025-07-16",NULL
"1689","new","barrett","","https://www.teamwass.com","2025-07-16",NULL
"1725","new","The Juan Maclean","","https://www.teamwass.com","2025-07-16",NULL
"1657","new","The Garden","","https://www.teamwass.com","2025-07-16",NULL
"1687","new","Loefah","","https://www.teamwass.com","2025-07-16",NULL
"1691","new","Jess Iszatt","","https://www.teamwass.com","2025-07-16",NULL
"1704","new","Haircut 100","","https://www.teamwass.com","2025-07-16",NULL
"1686","new","Modern Color","","https://www.teamwass.com","2025-07-16",NULL
"1658","new","WINK","","https://www.teamwass.com","2025-07-16",NULL
"1724","new","Ophelia Records","","https://www.teamwass.com","2025-07-16",NULL
"1734","new","A Wilhelm Scream","","https://www.teamwass.com","2025-07-16",NULL
"1705","new","Letters To Cleo","","https://www.teamwass.com","2025-07-16",NULL
"1675","new","Mndsgn","","https://www.teamwass.com","2025-07-16",NULL
"1682","new","Indi Star","","https://www.teamwass.com","2025-07-16",NULL
"1737","new","Niko Rubio","","https://www.teamwass.com","2025-07-16",NULL
"1700","new","Joey Bada$$","","https://www.teamwass.com","2025-07-16",NULL
"1666","new","SAYMYNAME","","https://www.teamwass.com","2025-07-16",NULL
"1656","new","Angel Olsen","","https://www.teamwass.com","2025-07-16",NULL
"1707","new","Sam Barber","","https://www.teamwass.com","2025-07-16",NULL
"8835","new","Tim Bernardes","","https://www.highroadtouring.com","2025-07-16",NULL
"1717","new","High Fade","","https://www.teamwass.com","2025-07-16",NULL
"1714","new","John Lydon","","https://www.teamwass.com","2025-07-16",NULL
"1710","new","Yung Gravy","","https://www.teamwass.com","2025-07-16",NULL
"1722","new","Sango","","https://www.teamwass.com","2025-07-16",NULL
"1663","new","Nathaniel Riley","","https://www.teamwass.com","2025-07-16",NULL
"1698","new","Skegss","","https://www.teamwass.com","2025-07-16",NULL
"1680","new","Meet Me @ The Altar","","https://www.teamwass.com","2025-07-16",NULL
"1727","new","Blawan","","https://www.teamwass.com","2025-07-16",NULL
"1659","new","Mates Of State","","https://www.teamwass.com","2025-07-16",NULL
"1712","new","Morgan Wade","","https://www.teamwass.com","2025-07-16",NULL
"1677","new","Calva Louise","","https://www.teamwass.com","2025-07-16",NULL
"1695","new","Shakey Graves","","https://www.teamwass.com","2025-07-16",NULL
"1721","new","DeathbyRomy","","https://www.teamwass.com","2025-07-16",NULL
"1726","new","Kenny Chesney","","https://www.teamwass.com","2025-07-16",NULL
"1706","new","Sophie Doyle Ryder","","https://www.teamwass.com","2025-07-16",NULL
"1694","new","NITTI","","https://www.teamwass.com","2025-07-16",NULL
"1711","new","The Zutons","","https://www.teamwass.com","2025-07-16",NULL
"1653","new","Snow Tha Product","","https://www.teamwass.com","2025-07-16",NULL
"1684","new","Geese","","https://www.teamwass.com","2025-07-16",NULL
"1736","new","Maribou State","","https://www.teamwass.com","2025-07-16",NULL
"1672","new","Vanishing Twin","","https://www.teamwass.com","2025-07-16",NULL
"1718","new","Lisa Loeb","","https://www.teamwass.com","2025-07-16",NULL
"1703","new","SE SO NEON","","https://www.teamwass.com","2025-07-16",NULL
"6138","new","Chloe Troast","","https://www.unitedtalent.com","2025-07-16",NULL
"1745","new","The A's","","https://www.teamwass.com","2025-07-16",NULL
"1751","new","Blake Rose","","https://www.teamwass.com","2025-07-16",NULL
"1789","new","Kara Jackson","","https://www.teamwass.com","2025-07-16",NULL
"8836","new","Jessica Lea Mayfield","","https://www.highroadtouring.com","2025-07-16",NULL
"1806","new","EKKSTACY","","https://www.teamwass.com","2025-07-16",NULL
"4077","new","Jonathan Wilson","","https://www.teamwass.com","2025-07-16",NULL
"1826","new","Celtic Woman: Christmas Symphony Tour","","https://www.teamwass.com","2025-07-16",NULL
"1776","new","Surfaces","","https://www.teamwass.com","2025-07-16",NULL
"1743","new","Alec Shaw","","https://www.teamwass.com","2025-07-16",NULL
"1816","new","SZA","","https://www.teamwass.com","2025-07-16",NULL
"1809","new","jennylee","","https://www.teamwass.com","2025-07-16",NULL
"1778","new","Sam Gellaitry","","https://www.teamwass.com","2025-07-16",NULL
"1802","new","Samira","","https://www.teamwass.com","2025-07-16",NULL
"1792","new","Avey Tare","","https://www.teamwass.com","2025-07-16",NULL
"1783","new","SLANDER","","https://www.teamwass.com","2025-07-16",NULL
"1800","new","Mason Via","","https://www.teamwass.com","2025-07-16",NULL
"1749","new","Old Dominion","","https://www.teamwass.com","2025-07-16",NULL
"1772","new","Dan Lancaster","","https://www.teamwass.com","2025-07-16",NULL
"1823","new","Macario Martinez","","https://www.teamwass.com","2025-07-16",NULL
"1740","new","Bimini","","https://www.teamwass.com","2025-07-16",NULL
"1805","new","Kevin Hearn","","https://www.teamwass.com","2025-07-16",NULL
"1803","new","Koreless","","https://www.teamwass.com","2025-07-16",NULL
"1761","new","FIDLAR","","https://www.teamwass.com","2025-07-16",NULL
"1769","new","The Bacon Brothers","","https://www.teamwass.com","2025-07-16",NULL
"1824","new","Zen Selekta","","https://www.teamwass.com","2025-07-16",NULL
"1812","new","Johnny Blue Skies & the Dark Clouds","","https://www.teamwass.com","2025-07-16",NULL
"1819","new","Hovvdy","","https://www.teamwass.com","2025-07-16",NULL
"1791","new","Disclosure","","https://www.teamwass.com","2025-07-16",NULL
"1767","new","Tiakola","","https://www.teamwass.com","2025-07-16",NULL
"1756","new","A Hundred Drums","","https://www.teamwass.com","2025-07-16",NULL
"1813","new","Futurebirds","","https://www.teamwass.com","2025-07-16",NULL
"1780","new","ZULAN","","https://www.teamwass.com","2025-07-16",NULL
"1814","new","BLACK FONDU","","https://www.teamwass.com","2025-07-16",NULL
"1768","new","Damien Rice","","https://www.teamwass.com","2025-07-16",NULL
"1815","new","HAEVN","","https://www.teamwass.com","2025-07-16",NULL
"1742","new","UPSAHL","","https://www.teamwass.com","2025-07-16",NULL
"1794","new","Max McNown","","https://www.teamwass.com","2025-07-16",NULL
"1774","new","Tye Tribbett","","https://www.teamwass.com","2025-07-16",NULL
"1801","new","The Blessed Madonna","","https://www.teamwass.com","2025-07-16",NULL
"1807","new","Plaid","","https://www.teamwass.com","2025-07-16",NULL
"1821","new","PUNCHING BAG","","https://www.teamwass.com","2025-07-16",NULL
"1758","new","Ha Vay","","https://www.teamwass.com","2025-07-16",NULL
"1744","new","Emily Nenni","","https://www.teamwass.com","2025-07-16",NULL
"1757","new","Benny Sings","","https://www.teamwass.com","2025-07-16",NULL
"1747","new","Star Wars: A New Hope in Concert","","https://www.teamwass.com","2025-07-16",NULL
"1799","new","Grace Carter","","https://www.teamwass.com","2025-07-16",NULL
"1820","new","Dom Dolla","","https://www.teamwass.com","2025-07-16",NULL
"1746","new","Ki:Theory","","https://www.teamwass.com","2025-07-16",NULL
"1764","new","Venesti","","https://www.teamwass.com","2025-07-16",NULL
"1796","new","Oxis","","https://www.teamwass.com","2025-07-16",NULL
"1771","new","BARELY ALIVE","","https://www.teamwass.com","2025-07-16",NULL
"1786","new","Curtis Harding","","https://www.teamwass.com","2025-07-16",NULL
"1741","new","Cimafunk","","https://www.teamwass.com","2025-07-16",NULL
"1784","new","Battles","","https://www.teamwass.com","2025-07-16",NULL
"1760","new","AJ McQueen","","https://www.teamwass.com","2025-07-16",NULL
"1795","new","SALIN","","https://www.teamwass.com","2025-07-16",NULL
"1798","new","Lithe","","https://www.teamwass.com","2025-07-16",NULL
"1808","new","INZO","","https://www.teamwass.com","2025-07-16",NULL
"1750","new","The Faim","","https://www.teamwass.com","2025-07-16",NULL
"1775","new","CASISDEAD","","https://www.teamwass.com","2025-07-16",NULL
"1818","new","Bolden.","","https://www.teamwass.com","2025-07-16",NULL
"1785","new","Lovejoy","","https://www.teamwass.com","2025-07-16",NULL
"1822","new","Abdul Hannan","","https://www.teamwass.com","2025-07-16",NULL
"1765","new","salute","","https://www.teamwass.com","2025-07-16",NULL
"1748","new","Tiga","","https://www.teamwass.com","2025-07-16",NULL
"1804","new","Mergui","","https://www.teamwass.com","2025-07-16",NULL
"1810","new","DUG","","https://www.teamwass.com","2025-07-16",NULL
"1781","new","Pendulum (DJ)","","https://www.teamwass.com","2025-07-16",NULL
"1754","new","Born On Road","","https://www.teamwass.com","2025-07-16",NULL
"1770","new","Mercer","","https://www.teamwass.com","2025-07-16",NULL
"1787","new","Joel Sunny","","https://www.teamwass.com","2025-07-16",NULL
"1797","new","2manydjs","","https://www.teamwass.com","2025-07-16",NULL
"1777","new","Warmduscher","","https://www.teamwass.com","2025-07-16",NULL
"1753","new","Anxious","","https://www.teamwass.com","2025-07-16",NULL
"1762","new","Fergie","","https://www.teamwass.com","2025-07-16",NULL
"1755","new","Anson Seabra","","https://www.teamwass.com","2025-07-16",NULL
"1790","new","The Last Match: A Pro Wrestling Rock Experience","","https://www.teamwass.com","2025-07-16",NULL
"5586","new","Budjerah","","https://www.unitedtalent.com","2025-07-16",NULL
"1825","new","Zimmer90","","https://www.teamwass.com","2025-07-16",NULL
"1763","new","John Craigie","","https://www.teamwass.com","2025-07-16",NULL
"1773","new","Ben Kweller","","https://www.teamwass.com","2025-07-16",NULL
"1788","new","Vulfpeck","","https://www.teamwass.com","2025-07-16",NULL
"1759","new","Odeal","","https://www.teamwass.com","2025-07-16",NULL
"1782","new","G-Eazy","","https://www.teamwass.com","2025-07-16",NULL
"1827","new","Dr. Fresch","","https://www.teamwass.com","2025-07-16",NULL
"1793","new","Mary Poppins in Concert","","https://www.teamwass.com","2025-07-16",NULL
"4616","new","Dinah Jane","","https://www.unitedtalent.com","2025-07-16",NULL
"1895","new","Teen Mortgage","","https://www.teamwass.com","2025-07-16",NULL
"3601","new","Ethan P. Flynn","","https://www.teamwass.com","2025-07-16",NULL
"1882","new","Piroshka","","https://www.teamwass.com","2025-07-16",NULL
"1852","new","Kruder & Dorfmeister","","https://www.teamwass.com","2025-07-16",NULL
"1879","new","Phoebe Go","","https://www.teamwass.com","2025-07-16",NULL
"1913","new","Clams Casino","","https://www.teamwass.com","2025-07-16",NULL
"1911","new","Travis Scott","","https://www.teamwass.com","2025-07-16",NULL
"1901","new","Nicky Summers","","https://www.teamwass.com","2025-07-16",NULL
"1853","new","Al Green","","https://www.teamwass.com","2025-07-16",NULL
"1878","new","Elekfantz","","https://www.teamwass.com","2025-07-16",NULL
"1848","new","Macklemore","","https://www.teamwass.com","2025-07-16",NULL
"1831","new","PLAYTHATBOIZAY","","https://www.teamwass.com","2025-07-16",NULL
"1894","new","Sematary","","https://www.teamwass.com","2025-07-16",NULL
"1847","new","B.I","","https://www.teamwass.com","2025-07-16",NULL
"1884","new","Stevie Bill","","https://www.teamwass.com","2025-07-16",NULL
"1866","new","Eliza Rose","","https://www.teamwass.com","2025-07-16",NULL
"1829","new","Nessa Barrett","","https://www.teamwass.com","2025-07-16",NULL
"1890","new","BRONSON","","https://www.teamwass.com","2025-07-16",NULL
"1854","new","Fana Hues","","https://www.teamwass.com","2025-07-16",NULL
"1845","new","Nightbus","","https://www.teamwass.com","2025-07-16",NULL
"1836","new","Lavengro","","https://www.teamwass.com","2025-07-16",NULL
"1907","new","Madeline The Person","","https://www.teamwass.com","2025-07-16",NULL
"1881","new","Jason Mraz","","https://www.teamwass.com","2025-07-16",NULL
"1833","new","Natalie Hemby","","https://www.teamwass.com","2025-07-16",NULL
"1880","new","Sam Ryder","","https://www.teamwass.com","2025-07-16",NULL
"1864","new","Girl Talk","","https://www.teamwass.com","2025-07-16",NULL
"1908","new","Sloan","","https://www.teamwass.com","2025-07-16",NULL
"1834","new","Leo Kottke","","https://www.teamwass.com","2025-07-16",NULL
"1875","new","Tora-i","","https://www.teamwass.com","2025-07-16",NULL
"1892","new","Lip Critic","","https://www.teamwass.com","2025-07-16",NULL
"1862","new","Tom Odell","","https://www.teamwass.com","2025-07-16",NULL
"1900","new","Chris Shiflett","","https://www.teamwass.com","2025-07-16",NULL
"1909","new","Yo Gabba Gabba","","https://www.teamwass.com","2025-07-16",NULL
"1860","new","Noam Pikelny","","https://www.teamwass.com","2025-07-16",NULL
"1897","new","Jack Left","","https://www.teamwass.com","2025-07-16",NULL
"1828","new","Ray LaMontagne","","https://www.teamwass.com","2025-07-16",NULL
"1859","new","Vincent Neil Emerson","","https://www.teamwass.com","2025-07-16",NULL
"1832","new","Andy Black","","https://www.teamwass.com","2025-07-16",NULL
"1865","new","KAS:ST","","https://www.teamwass.com","2025-07-16",NULL
"1914","new","Kings of Convenience","","https://www.teamwass.com","2025-07-16",NULL
"1838","new","Ruel","","https://www.teamwass.com","2025-07-16",NULL
"1830","new","Inés Rae","","https://www.teamwass.com","2025-07-16",NULL
"1856","new","Nick Wilson","","https://www.teamwass.com","2025-07-16",NULL
"1910","new","David Guetta","","https://www.teamwass.com","2025-07-16",NULL
"1915","new","Emancipator","","https://www.teamwass.com","2025-07-16",NULL
"1905","new","Dua Saleh","","https://www.teamwass.com","2025-07-16",NULL
"1888","new","Chaos In The CBD","","https://www.teamwass.com","2025-07-16",NULL
"1904","new","Dolores Forever","","https://www.teamwass.com","2025-07-16",NULL
"1891","new","Leonie Biney","","https://www.teamwass.com","2025-07-16",NULL
"1872","new","Hocus Pocus in Concert","","https://www.teamwass.com","2025-07-16",NULL
"1903","new","CG5","","https://www.teamwass.com","2025-07-16",NULL
"1899","new","Cashmere Cat","","https://www.teamwass.com","2025-07-16",NULL
"1835","new","Ben UFO","","https://www.teamwass.com","2025-07-16",NULL
"1840","new","KYLE","","https://www.teamwass.com","2025-07-16",NULL
"1850","new","Ryan Griffin","","https://www.teamwass.com","2025-07-16",NULL
"1857","new","Working Men's Club","","https://www.teamwass.com","2025-07-16",NULL
"1906","new","Debbii Dawson","","https://www.teamwass.com","2025-07-16",NULL
"8837","new","Nick Lowe","","https://www.highroadtouring.com","2025-07-16",NULL
"1858","new","Thiago Tiberio","","https://www.teamwass.com","2025-07-16",NULL
"1861","new","Lexie Carroll","","https://www.teamwass.com","2025-07-16",NULL
"1896","new","John Butler Trio","","https://www.teamwass.com","2025-07-16",NULL
"1871","new","TABLE","","https://www.teamwass.com","2025-07-16",NULL
"1883","new","HI-LO","","https://www.teamwass.com","2025-07-16",NULL
"1876","new","KellerGrass","","https://www.teamwass.com","2025-07-16",NULL
"1889","new","Ebubé","","https://www.teamwass.com","2025-07-16",NULL
"1843","new","DJ Susan","","https://www.teamwass.com","2025-07-16",NULL
"1844","new","Watkins Family Hour","","https://www.teamwass.com","2025-07-16",NULL
"1867","new","Annie Mac","","https://www.teamwass.com","2025-07-16",NULL
"1877","new","Cordae","","https://www.teamwass.com","2025-07-16",NULL
"1874","new","Sparrow & Barbossa","","https://www.teamwass.com","2025-07-16",NULL
"8838","new","Poi Dog Pondering","","https://www.highroadtouring.com","2025-07-16",NULL
"1842","new","The Wonder Years","","https://www.teamwass.com","2025-07-16",NULL
"1868","new","Sy'rai","","https://www.teamwass.com","2025-07-16",NULL
"1839","new","John Grant","","https://www.teamwass.com","2025-07-16",NULL
"1849","new","Nick Shoulders","","https://www.teamwass.com","2025-07-16",NULL
"1893","new","Mazza_l20","","https://www.teamwass.com","2025-07-16",NULL
"1837","new","TT","","https://www.teamwass.com","2025-07-16",NULL
"1873","new","Weval","","https://www.teamwass.com","2025-07-16",NULL
"1851","new","Lou Phelps","","https://www.teamwass.com","2025-07-16",NULL
"1863","new","Anna Lille","","https://www.teamwass.com","2025-07-16",NULL
"1912","new","Barclay Crenshaw","","https://www.teamwass.com","2025-07-16",NULL
"1869","new","Lucie Silvas","","https://www.teamwass.com","2025-07-16",NULL
"1855","new","Sylvan Esso","","https://www.teamwass.com","2025-07-16",NULL
"3602","new","Childish Gambino","","https://www.teamwass.com","2025-07-16",NULL
"1951","new","Infinity Machine","","https://www.teamwass.com","2025-07-16",NULL
"1969","new","Vitamin String Quartet","","https://www.teamwass.com","2025-07-16",NULL
"4672","new","The Jack Wharff Band","","https://www.unitedtalent.com","2025-07-16",NULL
"1948","new","Chromeo","","https://www.teamwass.com","2025-07-16",NULL
"1989","new","JOY (Anonymous)","","https://www.teamwass.com","2025-07-16",NULL
"1983","new","Ahadadream","","https://www.teamwass.com","2025-07-16",NULL
"1933","new","Madi Diaz","","https://www.teamwass.com","2025-07-16",NULL
"1976","new","Luna Li","","https://www.teamwass.com","2025-07-16",NULL
"1968","new","Washed Out","","https://www.teamwass.com","2025-07-16",NULL
"1960","new","JUNNY","","https://www.teamwass.com","2025-07-16",NULL
"8839","new","Portishead","","https://www.highroadtouring.com","2025-07-16",NULL
"1997","new","When Chai Met Toast","","https://www.teamwass.com","2025-07-16",NULL
"1962","new","Mikayla Geier","","https://www.teamwass.com","2025-07-16",NULL
"1991","new","Eggy","","https://www.teamwass.com","2025-07-16",NULL
"1956","new","Everything Everything","","https://www.teamwass.com","2025-07-16",NULL
"1952","new","Porch Light","","https://www.teamwass.com","2025-07-16",NULL
"1941","new","Keller Williams' Petty Grass featuring The Hillbenders","","https://www.teamwass.com","2025-07-16",NULL
"1966","new","SYREETA","","https://www.teamwass.com","2025-07-16",NULL
"1995","new","Flozone","","https://www.teamwass.com","2025-07-16",NULL
"1928","new","DJ BORING","","https://www.teamwass.com","2025-07-16",NULL
"2001","new","Georgian","","https://www.teamwass.com","2025-07-16",NULL
"1924","new","Pretty Girl","","https://www.teamwass.com","2025-07-16",NULL
"1963","new","SEREN","","https://www.teamwass.com","2025-07-16",NULL
"1943","new","Borgore","","https://www.teamwass.com","2025-07-16",NULL
"1945","new","ONE OK ROCK","","https://www.teamwass.com","2025-07-16",NULL
"1939","new","Madeline Edwards","","https://www.teamwass.com","2025-07-16",NULL
"1994","new","Spiritualized","","https://www.teamwass.com","2025-07-16",NULL
"1935","new","Tim Davies","","https://www.teamwass.com","2025-07-16",NULL
"1917","new","Ida","","https://www.teamwass.com","2025-07-16",NULL
"1922","new","Disco Lines","","https://www.teamwass.com","2025-07-16",NULL
"1961","new","XO","","https://www.teamwass.com","2025-07-16",NULL
"1977","new","Jamie Miller","","https://www.teamwass.com","2025-07-16",NULL
"1984","new","ionnalee","","https://www.teamwass.com","2025-07-16",NULL
"8840","new","Doug Paisley","","https://www.highroadtouring.com","2025-07-16",NULL
"1987","new","Todd Snider","","https://www.teamwass.com","2025-07-16",NULL
"1988","new","Asher Angel","","https://www.teamwass.com","2025-07-16",NULL
"1927","new","10 Years","","https://www.teamwass.com","2025-07-16",NULL
"1950","new","070 Shake","","https://www.teamwass.com","2025-07-16",NULL
"1957","new","OkayJake","","https://www.teamwass.com","2025-07-16",NULL
"1932","new","Idlewild","","https://www.teamwass.com","2025-07-16",NULL
"1916","new","Olive Klug","","https://www.teamwass.com","2025-07-16",NULL
"1980","new","Pod Save America","","https://www.teamwass.com","2025-07-16",NULL
"1946","new","Joe Goddard","","https://www.teamwass.com","2025-07-16",NULL
"1942","new","Arcy Drive","","https://www.teamwass.com","2025-07-16",NULL
"1925","new","Joe Vann","","https://www.teamwass.com","2025-07-16",NULL
"1918","new","JAWNS","","https://www.teamwass.com","2025-07-16",NULL
"1993","new","Youngr","","https://www.teamwass.com","2025-07-16",NULL
"1929","new","Heavy Gus","","https://www.teamwass.com","2025-07-16",NULL
"1975","new","Deki Alem","","https://www.teamwass.com","2025-07-16",NULL
"1937","new","Dog Blood","","https://www.teamwass.com","2025-07-16",NULL
"1972","new","Wave to Earth","","https://www.teamwass.com","2025-07-16",NULL
"1998","new","Tired Pony","","https://www.teamwass.com","2025-07-16",NULL
"1944","new","Old Gods of Appalachia","","https://www.teamwass.com","2025-07-16",NULL
"1934","new","Roscoe Roscoe","","https://www.teamwass.com","2025-07-16",NULL
"1953","new","Sammy Rae & The Friends","","https://www.teamwass.com","2025-07-16",NULL
"1954","new","DJ Tiiiiiiiiiip","","https://www.teamwass.com","2025-07-16",NULL
"1947","new","Boyce Avenue","","https://www.teamwass.com","2025-07-16",NULL
"1920","new","Malix","","https://www.teamwass.com","2025-07-16",NULL
"1974","new","DURRY","","https://www.teamwass.com","2025-07-16",NULL
"1921","new","The Bouncing Souls","","https://www.teamwass.com","2025-07-16",NULL
"1949","new","Make Them Suffer","","https://www.teamwass.com","2025-07-16",NULL
"1955","new","venbee","","https://www.teamwass.com","2025-07-16",NULL
"1936","new","Elyanna","","https://www.teamwass.com","2025-07-16",NULL
"1919","new","Melissa Etheridge","","https://www.teamwass.com","2025-07-16",NULL
"2000","new","Love Regenerator","","https://www.teamwass.com","2025-07-16",NULL
"1958","new","Rum Jungle","","https://www.teamwass.com","2025-07-16",NULL
"1938","new","Mei Semones","","https://www.teamwass.com","2025-07-16",NULL
"1999","new","Caamp","","https://www.teamwass.com","2025-07-16",NULL
"1979","new","Baalti","","https://www.teamwass.com","2025-07-16",NULL
"1981","new","Kitty Ca$h","","https://www.teamwass.com","2025-07-16",NULL
"1996","new","Morningsiders","","https://www.teamwass.com","2025-07-16",NULL
"1940","new","Hugo Hamlet","","https://www.teamwass.com","2025-07-16",NULL
"1992","new","Molly Rainford","","https://www.teamwass.com","2025-07-16",NULL
"1970","new","Courtney Barnett","","https://www.teamwass.com","2025-07-16",NULL
"1978","new","Calibre","","https://www.teamwass.com","2025-07-16",NULL
"1959","new","Star Wars: The Last Jedi in Concert","","https://www.teamwass.com","2025-07-16",NULL
"1982","new","Alex the Astronaut","","https://www.teamwass.com","2025-07-16",NULL
"1973","new","Zero","","https://www.teamwass.com","2025-07-16",NULL
"1931","new","Charlie Puth","","https://www.teamwass.com","2025-07-16",NULL
"1926","new","Tinzo + Jojo","","https://www.teamwass.com","2025-07-16",NULL
"1923","new","Sun King","","https://www.teamwass.com","2025-07-16",NULL
"1964","new","Nina Nesbitt","","https://www.teamwass.com","2025-07-16",NULL
"1971","new","Neil Frances","","https://www.teamwass.com","2025-07-16",NULL
"1967","new","Tia Gostelow","","https://www.teamwass.com","2025-07-16",NULL
"5563","new","Ryan Charles","","https://www.unitedtalent.com","2025-07-16",NULL
"2067","new","Natasha Bedingfield","","https://www.teamwass.com","2025-07-16",NULL
"2054","new","Keller Williams","","https://www.teamwass.com","2025-07-16",NULL
"2023","new","Crush++","","https://www.teamwass.com","2025-07-16",NULL
"2045","new","Powfu","","https://www.teamwass.com","2025-07-16",NULL
"2069","new","Dido","","https://www.teamwass.com","2025-07-16",NULL
"2042","new","Basstripper","","https://www.teamwass.com","2025-07-16",NULL
"8841","new","Bob Mould","","https://www.highroadtouring.com","2025-07-16",NULL
"2062","new","Black Pumas","","https://www.teamwass.com","2025-07-16",NULL
"8842","new","Chapterhouse","","https://www.highroadtouring.com","2025-07-16",NULL
"2040","new","Eric Rachmany","","https://www.teamwass.com","2025-07-16",NULL
"2068","new","The Howl & The Hum","","https://www.teamwass.com","2025-07-16",NULL
"2041","new","The Rions","","https://www.teamwass.com","2025-07-16",NULL
"2035","new","no good","","https://www.teamwass.com","2025-07-16",NULL
"2014","new","Theo Lawrence","","https://www.teamwass.com","2025-07-16",NULL
"2048","new","Deftones","","https://www.teamwass.com","2025-07-16",NULL
"2073","new","The Walters","","https://www.teamwass.com","2025-07-16",NULL
"2072","new","Brina Knauss","","https://www.teamwass.com","2025-07-16",NULL
"2021","new","Dora Jar","","https://www.teamwass.com","2025-07-16",NULL
"2036","new","Tea Street Band","","https://www.teamwass.com","2025-07-16",NULL
"2064","new","Bandits on the Run","","https://www.teamwass.com","2025-07-16",NULL
"2060","new","Soul Asylum","","https://www.teamwass.com","2025-07-16",NULL
"8843","new","Over The Rhine","","https://www.highroadtouring.com","2025-07-16",NULL
"2085","new","Berhana","","https://www.teamwass.com","2025-07-16",NULL
"2086","new","Medeski Martin & Wood","","https://www.teamwass.com","2025-07-16",NULL
"2074","new","Uncle Waffles","","https://www.teamwass.com","2025-07-16",NULL
"2061","new","Denis Coleman","","https://www.teamwass.com","2025-07-16",NULL
"2076","new","Poolside DJ Set","","https://www.teamwass.com","2025-07-16",NULL
"2053","new","Trey Anastasio","","https://www.teamwass.com","2025-07-16",NULL
"2089","new","Liv Harland","","https://www.teamwass.com","2025-07-16",NULL
"2063","new","Viia","","https://www.teamwass.com","2025-07-16",NULL
"2005","new","Holly Walker","","https://www.teamwass.com","2025-07-16",NULL
"2038","new","The Stews","","https://www.teamwass.com","2025-07-16",NULL
"2037","new","Water From Your Eyes","","https://www.teamwass.com","2025-07-16",NULL
"2082","new","Sir Sly","","https://www.teamwass.com","2025-07-16",NULL
"2029","new","Ta-Ku","","https://www.teamwass.com","2025-07-16",NULL
"2011","new","Maxwell Varey","","https://www.teamwass.com","2025-07-16",NULL
"2010","new","Flying Lotus","","https://www.teamwass.com","2025-07-16",NULL
"2024","new","CRYSTALLMESS","","https://www.teamwass.com","2025-07-16",NULL
"2020","new","bby","","https://www.teamwass.com","2025-07-16",NULL
"2028","new","Kolohe Kai","","https://www.teamwass.com","2025-07-16",NULL
"2058","new","Methyl Ethel","","https://www.teamwass.com","2025-07-16",NULL
"2057","new","Ellur","","https://www.teamwass.com","2025-07-16",NULL
"2052","new","SoMo","","https://www.teamwass.com","2025-07-16",NULL
"2051","new","SILVERWINGKILLER","","https://www.teamwass.com","2025-07-16",NULL
"2030","new","DJ EZ","","https://www.teamwass.com","2025-07-16",NULL
"6139","new","Sarah Coffey","","https://www.unitedtalent.com","2025-07-16",NULL
"2004","new","Footballhead","","https://www.teamwass.com","2025-07-16",NULL
"2039","new","Voice Of Baceprot","","https://www.teamwass.com","2025-07-16",NULL
"2017","new","MSPAINT","","https://www.teamwass.com","2025-07-16",NULL
"8844","new","Tyrone Wells","","https://www.highroadtouring.com","2025-07-16",NULL
"2033","new","ALL","","https://www.teamwass.com","2025-07-16",NULL
"2079","new","Woodes","","https://www.teamwass.com","2025-07-16",NULL
"8845","new","Kaiser Chiefs","","https://www.highroadtouring.com","2025-07-16",NULL
"2002","new","Das Koolies","","https://www.teamwass.com","2025-07-16",NULL
"2044","new","Helado Negro","","https://www.teamwass.com","2025-07-16",NULL
"2031","new","Ricky Montgomery","","https://www.teamwass.com","2025-07-16",NULL
"2087","new","PUP","","https://www.teamwass.com","2025-07-16",NULL
"2071","new","AURORA","","https://www.teamwass.com","2025-07-16",NULL
"2078","new","Michelle Branch","","https://www.teamwass.com","2025-07-16",NULL
"8846","new","Hayes Carll","","https://www.highroadtouring.com","2025-07-16",NULL
"2034","new","Gareth Donkin","","https://www.teamwass.com","2025-07-16",NULL
"2019","new","Lumasi","","https://www.teamwass.com","2025-07-16",NULL
"2013","new","Jeanie and The White Boys","","https://www.teamwass.com","2025-07-16",NULL
"2006","new","Effy","","https://www.teamwass.com","2025-07-16",NULL
"2050","new","Rafay Rashid","","https://www.teamwass.com","2025-07-16",NULL
"2083","new","MICO","","https://www.teamwass.com","2025-07-16",NULL
"2012","new","6LACK","","https://www.teamwass.com","2025-07-16",NULL
"2049","new","Gomez","","https://www.teamwass.com","2025-07-16",NULL
"2075","new","Prince Daddy & the Hyena","","https://www.teamwass.com","2025-07-16",NULL
"2026","new","Bully","","https://www.teamwass.com","2025-07-16",NULL
"2070","new","GeeJay","","https://www.teamwass.com","2025-07-16",NULL
"2077","new","Slacker Media Group","","https://www.teamwass.com","2025-07-16",NULL
"8847","new","Emmylou Harris","","https://www.highroadtouring.com","2025-07-16",NULL
"2008","new","George FitzGerald","","https://www.teamwass.com","2025-07-16",NULL
"2066","new","Monsieur Periné","","https://www.teamwass.com","2025-07-16",NULL
"2018","new","Daniel Avery","","https://www.teamwass.com","2025-07-16",NULL
"2032","new","Lights","","https://www.teamwass.com","2025-07-16",NULL
"2043","new","Gretel","","https://www.teamwass.com","2025-07-16",NULL
"2056","new","Jade Cicada","","https://www.teamwass.com","2025-07-16",NULL
"2025","new","The Kaleidoscope Kid","","https://www.teamwass.com","2025-07-16",NULL
"2055","new","Avalon Emerson","","https://www.teamwass.com","2025-07-16",NULL
"2084","new","Abby Hamilton","","https://www.teamwass.com","2025-07-16",NULL
"2080","new","Subtronics","","https://www.teamwass.com","2025-07-16",NULL
"2046","new","Gareth Emery","","https://www.teamwass.com","2025-07-16",NULL
"2003","new","CLEWS","","https://www.teamwass.com","2025-07-16",NULL
"2022","new","Aaron Neville","","https://www.teamwass.com","2025-07-16",NULL
"2016","new","Clover County","","https://www.teamwass.com","2025-07-16",NULL
"2088","new","Drake Milligan","","https://www.teamwass.com","2025-07-16",NULL
"2027","new","SPEED","","https://www.teamwass.com","2025-07-16",NULL
"2059","new","Pedro The Lion","","https://www.teamwass.com","2025-07-16",NULL
"2081","new","Hurts","","https://www.teamwass.com","2025-07-16",NULL
"1567","new","Alfie Templeman","","https://www.teamwass.com","2025-07-16",NULL
"5908","new","Will Moseley","","https://www.unitedtalent.com","2025-07-16",NULL
"2145","new","Criminal","","https://www.teamwass.com","2025-07-16",NULL
"2107","new","Tish Melton","","https://www.teamwass.com","2025-07-16",NULL
"2162","new","Joker Out","","https://www.teamwass.com","2025-07-16",NULL
"2152","new","Rag'n'Bone Man","","https://www.teamwass.com","2025-07-16",NULL
"4425","new","Momma","","https://tbaagency.com","2025-07-16",NULL
"2113","new","Patrick Topping","","https://www.teamwass.com","2025-07-16",NULL
"2125","new","Jim Legxacy","","https://www.teamwass.com","2025-07-16",NULL
"2126","new","Peter Hook & The Light","","https://www.teamwass.com","2025-07-16",NULL
"2150","new","Brutalismus 3000","","https://www.teamwass.com","2025-07-16",NULL
"2094","new","David Foster & Katharine McPhee","","https://www.teamwass.com","2025-07-16",NULL
"2101","new","Bakermat","","https://www.teamwass.com","2025-07-16",NULL
"2118","new","Haute & Freddy","","https://www.teamwass.com","2025-07-16",NULL
"2156","new","The Lone Bellow","","https://www.teamwass.com","2025-07-16",NULL
"2122","new","Sam Stoane","","https://www.teamwass.com","2025-07-16",NULL
"1237","new","Des Rocs","","https://www.teamwass.com","2025-07-16",NULL
"2098","new","Brigitte Calls Me Baby","","https://www.teamwass.com","2025-07-16",NULL
"2091","new","El Camino Acid","","https://www.teamwass.com","2025-07-16",NULL
"1320","new","The Teskey Brothers","","https://www.teamwass.com","2025-07-16",NULL
"1885","new","You Me At Six","","https://www.teamwass.com","2025-07-16",NULL
"1202","new","Clipse","","https://www.teamwass.com","2025-07-16",NULL
"1444","new","Ora The Molecule","","https://www.teamwass.com","2025-07-16",NULL
"2161","new","RYAN SHAW Masters of R&B","","https://www.teamwass.com","2025-07-16",NULL
"2165","new","Benjamin Tod & Lost Dog Street Band","","https://www.teamwass.com","2025-07-16",NULL
"1092","new","The Band CAMINO","","https://www.teamwass.com","2025-07-16",NULL
"2151","new","Albin Lee Meldau","","https://www.teamwass.com","2025-07-16",NULL
"2116","new","Tony Ann","","https://www.teamwass.com","2025-07-16",NULL
"2117","new","Of The Trees","","https://www.teamwass.com","2025-07-16",NULL
"2139","new","Marillion","","https://www.teamwass.com","2025-07-16",NULL
"1985","new","Bootstraps","","https://www.teamwass.com","2025-07-16",NULL
"2109","new","Liquid Mike","","https://www.teamwass.com","2025-07-16",NULL
"2155","new","Annicka","","https://www.teamwass.com","2025-07-16",NULL
"2104","new","Picture This","","https://www.teamwass.com","2025-07-16",NULL
"2136","new","yung kai","","https://www.teamwass.com","2025-07-16",NULL
"8848","new","Fury","","https://www.highroadtouring.com","2025-07-16",NULL
"2095","new","dEUS","","https://www.teamwass.com","2025-07-16",NULL
"1766","new","Cameron Winter","","https://www.teamwass.com","2025-07-16",NULL
"1514","new","Interplanetary Criminal","","https://www.teamwass.com","2025-07-16",NULL
"2144","new","Partiboi69","","https://www.teamwass.com","2025-07-16",NULL
"2093","new","Dijon","","https://www.teamwass.com","2025-07-16",NULL
"2121","new","BoyWithUke","","https://www.teamwass.com","2025-07-16",NULL
"2110","new","Ultra Q","","https://www.teamwass.com","2025-07-16",NULL
"2092","new","Tommy Cash","","https://www.teamwass.com","2025-07-16",NULL
"1596","new","Dombresky","","https://www.teamwass.com","2025-07-16",NULL
"2157","new","Sublime","","https://www.teamwass.com","2025-07-16",NULL
"2103","new","Cavetown","","https://www.teamwass.com","2025-07-16",NULL
"2163","new","DJ HABIBEATS","","https://www.teamwass.com","2025-07-16",NULL
"2015","new","Soulja Boy","","https://www.teamwass.com","2025-07-16",NULL
"2160","new","Kyle Hollingsworth Band","","https://www.teamwass.com","2025-07-16",NULL
"2146","new","Silk City","","https://www.teamwass.com","2025-07-16",NULL
"2141","new","Atmosphere","","https://www.teamwass.com","2025-07-16",NULL
"2158","new","Calum Scott","","https://www.teamwass.com","2025-07-16",NULL
"2114","new","Pharrell","","https://www.teamwass.com","2025-07-16",NULL
"2148","new","High Contrast","","https://www.teamwass.com","2025-07-16",NULL
"2097","new","Denis Sulta","","https://www.teamwass.com","2025-07-16",NULL
"2105","new","a-ha","","https://www.teamwass.com","2025-07-16",NULL
"2149","new","Local Natives","","https://www.teamwass.com","2025-07-16",NULL
"2119","new","Zucchero","","https://www.teamwass.com","2025-07-16",NULL
"2100","new","Snow Strippers","","https://www.teamwass.com","2025-07-16",NULL
"2147","new","White Panda","","https://www.teamwass.com","2025-07-16",NULL
"2099","new","millennium parade","","https://www.teamwass.com","2025-07-16",NULL
"2090","new","Jesse®","","https://www.teamwass.com","2025-07-16",NULL
"2127","new","Shawn Colvin","","https://www.teamwass.com","2025-07-16",NULL
"2129","new","The Horrors","","https://www.teamwass.com","2025-07-16",NULL
"2134","new","Uncle Lucius","","https://www.teamwass.com","2025-07-16",NULL
"2102","new","Louis Cato and The Late Show Band","","https://www.teamwass.com","2025-07-16",NULL
"8849","new","Bahamas","","https://www.highroadtouring.com","2025-07-16",NULL
"2142","new","Goth Babe","","https://www.teamwass.com","2025-07-16",NULL
"1018","new","Kitchen Dwellers","","https://www.teamwass.com","2025-07-16",NULL
"2154","new","Robert Lester Folsom","","https://www.teamwass.com","2025-07-16",NULL
"2128","new","HyunA","","https://www.teamwass.com","2025-07-16",NULL
"2138","new","Two Shell","","https://www.teamwass.com","2025-07-16",NULL
"2106","new","Sebastian Ingrosso","","https://www.teamwass.com","2025-07-16",NULL
"2137","new","The Disco Biscuits","","https://www.teamwass.com","2025-07-16",NULL
"2159","new","urika's bedroom","","https://www.teamwass.com","2025-07-16",NULL
"2123","new","Real Estate","","https://www.teamwass.com","2025-07-16",NULL
"2112","new","Beach Fossils","","https://www.teamwass.com","2025-07-16",NULL
"1668","new","Anne-Marie","","https://www.teamwass.com","2025-07-16",NULL
"2124","new","Spice","","https://www.teamwass.com","2025-07-16",NULL
"2153","new","Duckwrth","","https://www.teamwass.com","2025-07-16",NULL
"2164","new","marinelli","","https://www.teamwass.com","2025-07-16",NULL
"6140","new","Reggie Watts","","https://www.unitedtalent.com","2025-07-16",NULL
"2185","new","poptropicaslutz!","","https://www.teamwass.com","2025-07-16",NULL
"2182","new","ALEXSUCKS","","https://www.teamwass.com","2025-07-16",NULL
"2180","new","SISTRA","","https://www.teamwass.com","2025-07-16",NULL
"2199","new","Mackenzy Mackay","","https://www.teamwass.com","2025-07-16",NULL
"2115","new","Sturgill ""Johnny Blue Skies"" Simpson","","https://www.teamwass.com","2025-07-16",NULL
"2219","new","Dennis Lloyd","","https://www.teamwass.com","2025-07-16",NULL
"2208","new","Neck Deep","","https://www.teamwass.com","2025-07-16",NULL
"2184","new","Walt Disney Animation Studios: A Decade in Concert","","https://www.teamwass.com","2025-07-16",NULL
"2233","new","Matisyahu","","https://www.teamwass.com","2025-07-16",NULL
"2209","new","G. Love & Special Sauce","","https://www.teamwass.com","2025-07-16",NULL
"2191","new","FKA twigs","","https://www.teamwass.com","2025-07-16",NULL
"2205","new","Leon Thomas","","https://www.teamwass.com","2025-07-16",NULL
"2186","new","DJ Python","","https://www.teamwass.com","2025-07-16",NULL
"2232","new","Spaga","","https://www.teamwass.com","2025-07-16",NULL
"2228","new","alt-J","","https://www.teamwass.com","2025-07-16",NULL
"2203","new","The Criticals","","https://www.teamwass.com","2025-07-16",NULL
"2188","new","Josh Baker","","https://www.teamwass.com","2025-07-16",NULL
"2217","new","Billy Talent","","https://www.teamwass.com","2025-07-16",NULL
"2202","new","DJ Daddy Kat","","https://www.teamwass.com","2025-07-16",NULL
"2183","new","Gus Dapperton","","https://www.teamwass.com","2025-07-16",NULL
"2174","new","AJR","","https://www.teamwass.com","2025-07-16",NULL
"2189","new","Picture Parlour","","https://www.teamwass.com","2025-07-16",NULL
"8850","new","Mapache","","https://www.highroadtouring.com","2025-07-16",NULL
"2195","new","The Neighbourhood","","https://www.teamwass.com","2025-07-16",NULL
"2192","new","Skeler","","https://www.teamwass.com","2025-07-16",NULL
"2222","new","Meek","","https://www.teamwass.com","2025-07-16",NULL
"1303","new","Cosmo's Midnight","","https://www.teamwass.com","2025-07-16",NULL
"2227","new","Wisin & Yandel","","https://www.teamwass.com","2025-07-16",NULL
"2187","new","Oden & Fatzo","","https://www.teamwass.com","2025-07-16",NULL
"2242","new","INJI","","https://www.teamwass.com","2025-07-16",NULL
"2225","new","NatGeo in Concert: JANE","","https://www.teamwass.com","2025-07-16",NULL
"2168","new","ericdoa","","https://www.teamwass.com","2025-07-16",NULL
"2212","new","Will Linley","","https://www.teamwass.com","2025-07-16",NULL
"2215","new","Josie Edwards","","https://www.teamwass.com","2025-07-16",NULL
"2237","new","Stella Donnelly","","https://www.teamwass.com","2025-07-16",NULL
"2181","new","Stand Atlantic","","https://www.teamwass.com","2025-07-16",NULL
"2210","new","Vince Staples","","https://www.teamwass.com","2025-07-16",NULL
"2167","new","Naomi Kimpenu","","https://www.teamwass.com","2025-07-16",NULL
"2218","new","Lojay","","https://www.teamwass.com","2025-07-16",NULL
"2200","new","Porter Robinson","","https://www.teamwass.com","2025-07-16",NULL
"2226","new","Vacations","","https://www.teamwass.com","2025-07-16",NULL
"2175","new","Medium Build","","https://www.teamwass.com","2025-07-16",NULL
"2197","new","Hard Life","","https://www.teamwass.com","2025-07-16",NULL
"2213","new","Automatic","","https://www.teamwass.com","2025-07-16",NULL
"2198","new","Ryan Mack","","https://www.teamwass.com","2025-07-16",NULL
"2240","new","Chalk","","https://www.teamwass.com","2025-07-16",NULL
"2178","new","Quinn XCII","","https://www.teamwass.com","2025-07-16",NULL
"2166","new","Gayngs","","https://www.teamwass.com","2025-07-16",NULL
"2245","new","Nieve Ella","","https://www.teamwass.com","2025-07-16",NULL
"2235","new","WAAX","","https://www.teamwass.com","2025-07-16",NULL
"1267","new","girlhouse","","https://www.teamwass.com","2025-07-16",NULL
"2216","new","Omega Sapien","","https://www.teamwass.com","2025-07-16",NULL
"2171","new","TUL8TE","","https://www.teamwass.com","2025-07-16",NULL
"2177","new","Croíthe","","https://www.teamwass.com","2025-07-16",NULL
"2236","new","LEVEL UP","","https://www.teamwass.com","2025-07-16",NULL
"1587","new","Hot Water Music","","https://www.teamwass.com","2025-07-16",NULL
"2239","new","Randy Newman","","https://www.teamwass.com","2025-07-16",NULL
"2206","new","The Pogues","","https://www.teamwass.com","2025-07-16",NULL
"1715","new","GET REAL: Green Velvet & Claude VonStroke","","https://www.teamwass.com","2025-07-16",NULL
"2224","new","Mr. Scruff","","https://www.teamwass.com","2025-07-16",NULL
"2170","new","Tony Njoku","","https://www.teamwass.com","2025-07-16",NULL
"2241","new","Aby Coulibaly","","https://www.teamwass.com","2025-07-16",NULL
"2231","new","Jack Savoretti","","https://www.teamwass.com","2025-07-16",NULL
"2214","new","Airwolf Paradise","","https://www.teamwass.com","2025-07-16",NULL
"2173","new","Sleigh Bells","","https://www.teamwass.com","2025-07-16",NULL
"2229","new","Jaime Wyatt","","https://www.teamwass.com","2025-07-16",NULL
"2220","new","Mickey Hart","","https://www.teamwass.com","2025-07-16",NULL
"2204","new","Clara Luciani","","https://www.teamwass.com","2025-07-16",NULL
"2244","new","Quarters of Change","","https://www.teamwass.com","2025-07-16",NULL
"2207","new","Anuel AA","","https://www.teamwass.com","2025-07-16",NULL
"2172","new","Standing on the Corner","","https://www.teamwass.com","2025-07-16",NULL
"2201","new","Jackie Greene","","https://www.teamwass.com","2025-07-16",NULL
"2190","new","Basement","","https://www.teamwass.com","2025-07-16",NULL
"2211","new","Shobaleader One","","https://www.teamwass.com","2025-07-16",NULL
"2223","new","Maz","","https://www.teamwass.com","2025-07-16",NULL
"2179","new","EATER","","https://www.teamwass.com","2025-07-16",NULL
"2194","new","Guy Sebastian","","https://www.teamwass.com","2025-07-16",NULL
"2196","new","Ella Red","","https://www.teamwass.com","2025-07-16",NULL
"2234","new","Chance Emerson","","https://www.teamwass.com","2025-07-16",NULL
"1029","new","Michael Marcagi","","https://www.teamwass.com","2025-07-16",NULL
"2243","new","Deloyd Elze","","https://www.teamwass.com","2025-07-16",NULL
"2193","new","Dahi","","https://www.teamwass.com","2025-07-16",NULL
"6141","new","Chet Collins","","https://www.unitedtalent.com","2025-07-16",NULL
"2262","new","Blxckie","","https://www.teamwass.com","2025-07-16",NULL
"2282","new","Brandi Cyrus","","https://www.teamwass.com","2025-07-16",NULL
"1990","new","PiL (Public Image Ltd)","","https://www.teamwass.com","2025-07-16",NULL
"2258","new","Rafa Pabön","","https://www.teamwass.com","2025-07-16",NULL
"2324","new","Wynonna Judd","","https://www.teamwass.com","2025-07-16",NULL
"2293","new","Xaviersobased","","https://www.teamwass.com","2025-07-16",NULL
"2250","new","Grace Jones","","https://www.teamwass.com","2025-07-16",NULL
"2325","new","The Piano Guys","","https://www.teamwass.com","2025-07-16",NULL
"2264","new","Real Friends","","https://www.teamwass.com","2025-07-16",NULL
"4626","new","Turno","","https://www.unitedtalent.com","2025-07-16",NULL
"2272","new","Riddy Arman","","https://www.teamwass.com","2025-07-16",NULL
"2260","new","Dirty Projectors","","https://www.teamwass.com","2025-07-16",NULL
"2329","new","Billy Dean","","https://www.teamwass.com","2025-07-16",NULL
"2283","new","Cannons","","https://www.teamwass.com","2025-07-16",NULL
"2269","new","Tom Scharpling","","https://www.teamwass.com","2025-07-16",NULL
"2276","new","Slate","","https://www.teamwass.com","2025-07-16",NULL
"2278","new","Wiz Khalifa","","https://www.teamwass.com","2025-07-16",NULL
"2265","new","Viagra Boys","","https://www.teamwass.com","2025-07-16",NULL
"2251","new","AC Slater","","https://www.teamwass.com","2025-07-16",NULL
"2308","new","Roddy Ricch","","https://www.teamwass.com","2025-07-16",NULL
"2252","new","pH-1","","https://www.teamwass.com","2025-07-16",NULL
"2263","new","Brad Goodall","","https://www.teamwass.com","2025-07-16",NULL
"2274","new","verygently","","https://www.teamwass.com","2025-07-16",NULL
"2267","new","Faithless","","https://www.teamwass.com","2025-07-16",NULL
"2284","new","Laicositna","","https://www.teamwass.com","2025-07-16",NULL
"2314","new","We Came As Romans","","https://www.teamwass.com","2025-07-16",NULL
"2277","new","The Cardigans","","https://www.teamwass.com","2025-07-16",NULL
"2285","new","David Hidalgo","","https://www.teamwass.com","2025-07-16",NULL
"2291","new","Chloe Qisha","","https://www.teamwass.com","2025-07-16",NULL
"8851","new","Secret Machines","","https://www.highroadtouring.com","2025-07-16",NULL
"2311","new","Ali Sethi","","https://www.teamwass.com","2025-07-16",NULL
"2256","new","Forest Blakk","","https://www.teamwass.com","2025-07-16",NULL
"2305","new","Cammy Barnes","","https://www.teamwass.com","2025-07-16",NULL
"2248","new","Jack Botts","","https://www.teamwass.com","2025-07-16",NULL
"2323","new","Flosstradamus","","https://www.teamwass.com","2025-07-16",NULL
"2300","new","Star Wars in Concert","","https://www.teamwass.com","2025-07-16",NULL
"2279","new","Lady Blackbird","","https://www.teamwass.com","2025-07-16",NULL
"1846","new","The Rose","","https://www.teamwass.com","2025-07-16",NULL
"2289","new","Big Scary","","https://www.teamwass.com","2025-07-16",NULL
"2320","new","Young & Sick","","https://www.teamwass.com","2025-07-16",NULL
"2312","new","Los Van Van","","https://www.teamwass.com","2025-07-16",NULL
"2287","new","Dylan Brady","","https://www.teamwass.com","2025-07-16",NULL
"2295","new","Hidden Brain","","https://www.teamwass.com","2025-07-16",NULL
"2319","new","Luz","","https://www.teamwass.com","2025-07-16",NULL
"2318","new","NECKBREAKERS","","https://www.teamwass.com","2025-07-16",NULL
"2315","new","L Devine","","https://www.teamwass.com","2025-07-16",NULL
"2253","new","Matthew Ifield","","https://www.teamwass.com","2025-07-16",NULL
"2327","new","Wonder Woman in Concert","","https://www.teamwass.com","2025-07-16",NULL
"2301","new","CARI","","https://www.teamwass.com","2025-07-16",NULL
"2296","new","GENSHIN CONCERT TOUR","","https://www.teamwass.com","2025-07-16",NULL
"2268","new","Four Tet","","https://www.teamwass.com","2025-07-16",NULL
"2306","new","Lil Darkie","","https://www.teamwass.com","2025-07-16",NULL
"2316","new","Snakehips","","https://www.teamwass.com","2025-07-16",NULL
"2328","new","The String Cheese Incident","","https://www.teamwass.com","2025-07-16",NULL
"2270","new","Mom Jeans","","https://www.teamwass.com","2025-07-16",NULL
"2304","new","PRAANA","","https://www.teamwass.com","2025-07-16",NULL
"2299","new","Sam Grisman Project","","https://www.teamwass.com","2025-07-16",NULL
"2321","new","Burning Spear","","https://www.teamwass.com","2025-07-16",NULL
"2271","new","Free Throw","","https://www.teamwass.com","2025-07-16",NULL
"2249","new","Neal Francis","","https://www.teamwass.com","2025-07-16",NULL
"2292","new","Axwell","","https://www.teamwass.com","2025-07-16",NULL
"2302","new","Dreamer Boy","","https://www.teamwass.com","2025-07-16",NULL
"2281","new","Enzo Siragusa","","https://www.teamwass.com","2025-07-16",NULL
"2266","new","DeeRiginal","","https://www.teamwass.com","2025-07-16",NULL
"2294","new","Jawbreaker","","https://www.teamwass.com","2025-07-16",NULL
"2259","new","Felix Raphael","","https://www.teamwass.com","2025-07-16",NULL
"2286","new","Spanish Love Songs","","https://www.teamwass.com","2025-07-16",NULL
"2317","new","nothing,nowhere.","","https://www.teamwass.com","2025-07-16",NULL
"2310","new","BLK ODYSSY","","https://www.teamwass.com","2025-07-16",NULL
"2326","new","John Vincent III","","https://www.teamwass.com","2025-07-16",NULL
"2273","new","sandy crow","","https://www.teamwass.com","2025-07-16",NULL
"2313","new","Sarah Kang","","https://www.teamwass.com","2025-07-16",NULL
"2307","new","Khatumu","","https://www.teamwass.com","2025-07-16",NULL
"2290","new","Byrne's Night","","https://www.teamwass.com","2025-07-16",NULL
"2257","new","Ella Eyre","","https://www.teamwass.com","2025-07-16",NULL
"2298","new","Georgia Harmer","","https://www.teamwass.com","2025-07-16",NULL
"2247","new","Tash Sultana","","https://www.teamwass.com","2025-07-16",NULL
"2246","new","Azzecca","","https://www.teamwass.com","2025-07-16",NULL
"2255","new","Dropkick Murphys","","https://www.teamwass.com","2025-07-16",NULL
"2288","new","American Authors","","https://www.teamwass.com","2025-07-16",NULL
"2309","new","Mohamed Ramadan","","https://www.teamwass.com","2025-07-16",NULL
"2280","new","ISHAN","","https://www.teamwass.com","2025-07-16",NULL
"2297","new","Holding Absence","","https://www.teamwass.com","2025-07-16",NULL
"6142","new","Jake Nordwind","","https://www.unitedtalent.com","2025-07-16",NULL
"5187","new","Rexx Life Raj","","https://www.unitedtalent.com","2025-07-16",NULL
"2391","new","Nick Lutsko","","https://www.teamwass.com","2025-07-16",NULL
"2373","new","Plested","","https://www.teamwass.com","2025-07-16",NULL
"2386","new","Party Favor","","https://www.teamwass.com","2025-07-16",NULL
"2405","new","Verzache","","https://www.teamwass.com","2025-07-16",NULL
"2353","new","The Temper Trap","","https://www.teamwass.com","2025-07-16",NULL
"2334","new","Dylan","","https://www.teamwass.com","2025-07-16",NULL
"2354","new","Jason Lytle","","https://www.teamwass.com","2025-07-16",NULL
"4744","new","NGHTMRE","","https://www.unitedtalent.com","2025-07-16",NULL
"8852","new","Walt Disco","","https://www.highroadtouring.com","2025-07-16",NULL
"2367","new","Nathan Evans","","https://www.teamwass.com","2025-07-16",NULL
"2362","new","The Ting Tings","","https://www.teamwass.com","2025-07-16",NULL
"2400","new","EOB","","https://www.teamwass.com","2025-07-16",NULL
"2336","new","Raphael Saadiq","","https://www.teamwass.com","2025-07-16",NULL
"2415","new","flor","","https://www.teamwass.com","2025-07-16",NULL
"2352","new","Rachel Grae","","https://www.teamwass.com","2025-07-16",NULL
"2403","new","Wells Ferrari","","https://www.teamwass.com","2025-07-16",NULL
"2390","new","HAAi","","https://www.teamwass.com","2025-07-16",NULL
"2375","new","The Vaccines","","https://www.teamwass.com","2025-07-16",NULL
"2341","new","jigitz","","https://www.teamwass.com","2025-07-16",NULL
"2411","new","Alex G","","https://www.teamwass.com","2025-07-16",NULL
"2344","new","Ear Hustle","","https://www.teamwass.com","2025-07-16",NULL
"2370","new","4B","","https://www.teamwass.com","2025-07-16",NULL
"2399","new","Ian Gillan","","https://www.teamwass.com","2025-07-16",NULL
"2401","new","Mall Grab","","https://www.teamwass.com","2025-07-16",NULL
"2387","new","The Cavemen","","https://www.teamwass.com","2025-07-16",NULL
"2397","new","MT Jones","","https://www.teamwass.com","2025-07-16",NULL
"2413","new","Janelle Monáe","","https://www.teamwass.com","2025-07-16",NULL
"2356","new","Laufey","","https://www.teamwass.com","2025-07-16",NULL
"2331","new","State Champs","","https://www.teamwass.com","2025-07-16",NULL
"2407","new","Don West","","https://www.teamwass.com","2025-07-16",NULL
"2372","new","NOFX","","https://www.teamwass.com","2025-07-16",NULL
"2346","new","Chris Thile","","https://www.teamwass.com","2025-07-16",NULL
"2385","new","Greg Mendez","","https://www.teamwass.com","2025-07-16",NULL
"2414","new","Atlas Sound","","https://www.teamwass.com","2025-07-16",NULL
"2406","new","Pabllo Vittar","","https://www.teamwass.com","2025-07-16",NULL
"2380","new","ZEEMUFFIN","","https://www.teamwass.com","2025-07-16",NULL
"2395","new","Gamesymphonic w/Eímear Noone","","https://www.teamwass.com","2025-07-16",NULL
"2351","new","MJ Lenderman","","https://www.teamwass.com","2025-07-16",NULL
"1473","new","Miles Miller","","https://www.teamwass.com","2025-07-16",NULL
"2368","new","GoldFord","","https://www.teamwass.com","2025-07-16",NULL
"2359","new","Pixar in Concert","","https://www.teamwass.com","2025-07-16",NULL
"2378","new","Flowdan","","https://www.teamwass.com","2025-07-16",NULL
"2348","new","Skrillex","","https://www.teamwass.com","2025-07-16",NULL
"2389","new","TNGHT","","https://www.teamwass.com","2025-07-16",NULL
"2340","new","NLE Choppa","","https://www.teamwass.com","2025-07-16",NULL
"2349","new","Know Good","","https://www.teamwass.com","2025-07-16",NULL
"2410","new","Drug Church","","https://www.teamwass.com","2025-07-16",NULL
"2374","new","Riovaz","","https://www.teamwass.com","2025-07-16",NULL
"2342","new","Stolen Gin","","https://www.teamwass.com","2025-07-16",NULL
"2338","new","MARO","","https://www.teamwass.com","2025-07-16",NULL
"2355","new","Smoakland","","https://www.teamwass.com","2025-07-16",NULL
"2381","new","Peter McPoland","","https://www.teamwass.com","2025-07-16",NULL
"2393","new","Bless You","","https://www.teamwass.com","2025-07-16",NULL
"2371","new","John Summit","","https://www.teamwass.com","2025-07-16",NULL
"2369","new","Vegyn","","https://www.teamwass.com","2025-07-16",NULL
"2332","new","Denzel Curry","","https://www.teamwass.com","2025-07-16",NULL
"2363","new","Pale Jay","","https://www.teamwass.com","2025-07-16",NULL
"2335","new","Knife Party","","https://www.teamwass.com","2025-07-16",NULL
"2404","new","Gryffin","","https://www.teamwass.com","2025-07-16",NULL
"2337","new","Honey Dijon","","https://www.teamwass.com","2025-07-16",NULL
"2409","new","FOREIGNER","","https://www.teamwass.com","2025-07-16",NULL
"2361","new","The Lion King in Concert [Animated]","","https://www.teamwass.com","2025-07-16",NULL
"2358","new","Baby Keem","","https://www.teamwass.com","2025-07-16",NULL
"2394","new","Lucy Gaffney","","https://www.teamwass.com","2025-07-16",NULL
"2345","new","Nitzer Ebb","","https://www.teamwass.com","2025-07-16",NULL
"2398","new","Billy Raffoul","","https://www.teamwass.com","2025-07-16",NULL
"2376","new","Steven Page","","https://www.teamwass.com","2025-07-16",NULL
"2333","new","Tiny Habits","","https://www.teamwass.com","2025-07-16",NULL
"2347","new","Coco in Concert","","https://www.teamwass.com","2025-07-16",NULL
"2412","new","Paige Fish","","https://www.teamwass.com","2025-07-16",NULL
"2408","new","Jason Ross","","https://www.teamwass.com","2025-07-16",NULL
"2384","new","Lily Seabird","","https://www.teamwass.com","2025-07-16",NULL
"2383","new","Kyary Pamyu Pamyu","","https://www.teamwass.com","2025-07-16",NULL
"2392","new","WU LYF","","https://www.teamwass.com","2025-07-16",NULL
"2360","new","Better Lovers","","https://www.teamwass.com","2025-07-16",NULL
"2330","new","Pink Sweat$","","https://www.teamwass.com","2025-07-16",NULL
"2366","new","Amélie Farren","","https://www.teamwass.com","2025-07-16",NULL
"2379","new","Jessica Winter","","https://www.teamwass.com","2025-07-16",NULL
"2402","new","Fatoumata Diawara","","https://www.teamwass.com","2025-07-16",NULL
"2350","new","Bethany Cosentino","","https://www.teamwass.com","2025-07-16",NULL
"2339","new","T.3","","https://www.teamwass.com","2025-07-16",NULL
"2357","new","Aoife O'Donovan","","https://www.teamwass.com","2025-07-16",NULL
"2388","new","CHESCA","","https://www.teamwass.com","2025-07-16",NULL
"2343","new","Villager","","https://www.teamwass.com","2025-07-16",NULL
"2396","new","ASTN","","https://www.teamwass.com","2025-07-16",NULL
"6143","new","Laci Mosley","","https://www.unitedtalent.com","2025-07-16",NULL
"2479","new","Raf-Saperra","","https://www.teamwass.com","2025-07-16",NULL
"2460","new","Daughter","","https://www.teamwass.com","2025-07-16",NULL
"2431","new","Louane","","https://www.teamwass.com","2025-07-16",NULL
"2492","new","Alok","","https://www.teamwass.com","2025-07-16",NULL
"2438","new","SNAYX","","https://www.teamwass.com","2025-07-16",NULL
"4800","new","HOL!","","https://www.unitedtalent.com","2025-07-16",NULL
"2450","new","Amy Shark","","https://www.teamwass.com","2025-07-16",NULL
"2465","new","Mk.gee","","https://www.teamwass.com","2025-07-16",NULL
"2441","new","Anish Kumar","","https://www.teamwass.com","2025-07-16",NULL
"2466","new","Brit Taylor","","https://www.teamwass.com","2025-07-16",NULL
"2444","new","My First Time","","https://www.teamwass.com","2025-07-16",NULL
"2489","new","Joe Unknown","","https://www.teamwass.com","2025-07-16",NULL
"2488","new","Ryan Caraveo","","https://www.teamwass.com","2025-07-16",NULL
"8853","new","Dylan LeBlanc","","https://www.highroadtouring.com","2025-07-16",NULL
"2442","new","Jon Hopkins","","https://www.teamwass.com","2025-07-16",NULL
"2502","new","Annie-Dog","","https://www.teamwass.com","2025-07-16",NULL
"2447","new","John Medeski","","https://www.teamwass.com","2025-07-16",NULL
"2430","new","Harms Way","","https://www.teamwass.com","2025-07-16",NULL
"2496","new","Caleb Hearn","","https://www.teamwass.com","2025-07-16",NULL
"1811","new","33 Below","","https://www.teamwass.com","2025-07-16",NULL
"2459","new","Lewis Capaldi","","https://www.teamwass.com","2025-07-16",NULL
"2453","new","Atarashii Gakko","","https://www.teamwass.com","2025-07-16",NULL
"1187","new","Evan Honer","","https://www.teamwass.com","2025-07-16",NULL
"2418","new","Pallbearer","","https://www.teamwass.com","2025-07-16",NULL
"2467","new","Khemmis","","https://www.teamwass.com","2025-07-16",NULL
"2471","new","Toy Story in Concert","","https://www.teamwass.com","2025-07-16",NULL
"2443","new","Scroobius Pip","","https://www.teamwass.com","2025-07-16",NULL
"2429","new","Marlon Hoffstadt","","https://www.teamwass.com","2025-07-16",NULL
"2422","new","Crooked Still","","https://www.teamwass.com","2025-07-16",NULL
"2500","new","Moon Boots","","https://www.teamwass.com","2025-07-16",NULL
"2446","new","Noah Kahan","","https://www.teamwass.com","2025-07-16",NULL
"2455","new","Elizabeth Cook","","https://www.teamwass.com","2025-07-16",NULL
"2426","new","dublon","","https://www.teamwass.com","2025-07-16",NULL
"2481","new","Ex:Re","","https://www.teamwass.com","2025-07-16",NULL
"2483","new","Catching Flies","","https://www.teamwass.com","2025-07-16",NULL
"2470","new","Madeon","","https://www.teamwass.com","2025-07-16",NULL
"2445","new","London Grammar","","https://www.teamwass.com","2025-07-16",NULL
"2428","new","Snow Patrol","","https://www.teamwass.com","2025-07-16",NULL
"2486","new","audiobooks","","https://www.teamwass.com","2025-07-16",NULL
"2435","new","Slow Fiction","","https://www.teamwass.com","2025-07-16",NULL
"2478","new","[ K S R ]","","https://www.teamwass.com","2025-07-16",NULL
"2452","new","X CLUB.","","https://www.teamwass.com","2025-07-16",NULL
"2475","new","Perfume Genius","","https://www.teamwass.com","2025-07-16",NULL
"2419","new","GANS","","https://www.teamwass.com","2025-07-16",NULL
"2464","new","Scene Queen","","https://www.teamwass.com","2025-07-16",NULL
"2440","new","Tove Styrke","","https://www.teamwass.com","2025-07-16",NULL
"2484","new","Andrew Luce","","https://www.teamwass.com","2025-07-16",NULL
"2449","new","The Homies","","https://www.teamwass.com","2025-07-16",NULL
"2423","new","Rodrigo Amarante","","https://www.teamwass.com","2025-07-16",NULL
"2421","new","Seafret","","https://www.teamwass.com","2025-07-16",NULL
"2457","new","Shlohmo","","https://www.teamwass.com","2025-07-16",NULL
"2451","new","Black Veil Brides","","https://www.teamwass.com","2025-07-16",NULL
"2490","new","Daniel Caesar","","https://www.teamwass.com","2025-07-16",NULL
"2454","new","Amon Tobin","","https://www.teamwass.com","2025-07-16",NULL
"2436","new","Friendly Fires","","https://www.teamwass.com","2025-07-16",NULL
"2491","new","The Living Tombstone","","https://www.teamwass.com","2025-07-16",NULL
"2477","new","SOTA","","https://www.teamwass.com","2025-07-16",NULL
"2501","new","Charlie Jeer","","https://www.teamwass.com","2025-07-16",NULL
"2476","new","Sonny Tennet","","https://www.teamwass.com","2025-07-16",NULL
"2463","new","Laurent Garnier","","https://www.teamwass.com","2025-07-16",NULL
"2487","new","Canabliss","","https://www.teamwass.com","2025-07-16",NULL
"2497","new","Jo Dee Messina","","https://www.teamwass.com","2025-07-16",NULL
"2493","new","Elsa y Elmar","","https://www.teamwass.com","2025-07-16",NULL
"2456","new","Ruston Kelly","","https://www.teamwass.com","2025-07-16",NULL
"2448","new","MCR-T","","https://www.teamwass.com","2025-07-16",NULL
"2439","new","Taiki Nulight","","https://www.teamwass.com","2025-07-16",NULL
"2434","new","The Slip","","https://www.teamwass.com","2025-07-16",NULL
"2432","new","Encanto: The Sing-Along Film Concert","","https://www.teamwass.com","2025-07-16",NULL
"2420","new","Lil Baby","","https://www.teamwass.com","2025-07-16",NULL
"2427","new","Stephen Sanchez","","https://www.teamwass.com","2025-07-16",NULL
"2424","new","Big Image","","https://www.teamwass.com","2025-07-16",NULL
"8854","new","Liana Flores","","https://www.highroadtouring.com","2025-07-16",NULL
"2433","new","Hamdi","","https://www.teamwass.com","2025-07-16",NULL
"2480","new","Undeath","","https://www.teamwass.com","2025-07-16",NULL
"2495","new","fakemink","","https://www.teamwass.com","2025-07-16",NULL
"2437","new","GEMINI","","https://www.teamwass.com","2025-07-16",NULL
"2425","new","RealestK","","https://www.teamwass.com","2025-07-16",NULL
"2462","new","Angelo De Augustine","","https://www.teamwass.com","2025-07-16",NULL
"2417","new","Tom Hamilton","","https://www.teamwass.com","2025-07-16",NULL
"2469","new","Lumï","","https://www.teamwass.com","2025-07-16",NULL
"2498","new","Kevin Devine","","https://www.teamwass.com","2025-07-16",NULL
"2468","new","Beach House","","https://www.teamwass.com","2025-07-16",NULL
"2494","new","Gregory Fisher","","https://www.teamwass.com","2025-07-16",NULL
"2473","new","Wesley Joseph","","https://www.teamwass.com","2025-07-16",NULL
"2474","new","Black Lips","","https://www.teamwass.com","2025-07-16",NULL
"4946","new","Jeremy Enigk","","https://www.unitedtalent.com","2025-07-16",NULL
"2522","new","sogumm","","https://www.teamwass.com","2025-07-16",NULL
"2505","new","Rationale","","https://www.teamwass.com","2025-07-16",NULL
"4921","new","Kill The Noise","","https://www.unitedtalent.com","2025-07-16",NULL
"2561","new","Delivery","","https://www.teamwass.com","2025-07-16",NULL
"2574","new","The Lion King in Concert [Live Action]","","https://www.teamwass.com","2025-07-16",NULL
"2586","new","Morgan Harper-Jones","","https://www.teamwass.com","2025-07-16",NULL
"2569","new","James Ivy","","https://www.teamwass.com","2025-07-16",NULL
"2572","new","Teen Jesus and the Jean Teasers","","https://www.teamwass.com","2025-07-16",NULL
"2519","new","Kim Taylor","","https://www.teamwass.com","2025-07-16",NULL
"2581","new","The Oh Hellos","","https://www.teamwass.com","2025-07-16",NULL
"2551","new","Yandel","","https://www.teamwass.com","2025-07-16",NULL
"8855","new","Michael Nau","","https://www.highroadtouring.com","2025-07-16",NULL
"2579","new","Reinier Zonneveld","","https://www.teamwass.com","2025-07-16",NULL
"2588","new","Lily Fitts","","https://www.teamwass.com","2025-07-16",NULL
"2555","new","Thomas Headon","","https://www.teamwass.com","2025-07-16",NULL
"2533","new","$UICIDEBOY$","","https://www.teamwass.com","2025-07-16",NULL
"2529","new","El Londo","","https://www.teamwass.com","2025-07-16",NULL
"2528","new","OK Go","","https://www.teamwass.com","2025-07-16",NULL
"2511","new","Hayley Sales","","https://www.teamwass.com","2025-07-16",NULL
"2563","new","Roddy Lima","","https://www.teamwass.com","2025-07-16",NULL
"2521","new","Hazlett","","https://www.teamwass.com","2025-07-16",NULL
"2530","new","Aurorawave","","https://www.teamwass.com","2025-07-16",NULL
"2564","new","Say She She","","https://www.teamwass.com","2025-07-16",NULL
"2512","new","Lost Girls","","https://www.teamwass.com","2025-07-16",NULL
"2566","new","Queensrÿche","","https://www.teamwass.com","2025-07-16",NULL
"2559","new","Tayler Holder","","https://www.teamwass.com","2025-07-16",NULL
"2553","new","Against The Current","","https://www.teamwass.com","2025-07-16",NULL
"2546","new","Ghosted","","https://www.teamwass.com","2025-07-16",NULL
"2514","new","Girls Don't Sync","","https://www.teamwass.com","2025-07-16",NULL
"2535","new","Mild Minds","","https://www.teamwass.com","2025-07-16",NULL
"2547","new","KÁRYYN","","https://www.teamwass.com","2025-07-16",NULL
"2554","new","Public Enemy","","https://www.teamwass.com","2025-07-16",NULL
"2562","new","G Flip","","https://www.teamwass.com","2025-07-16",NULL
"2540","new","Rishab Sharma","","https://www.teamwass.com","2025-07-16",NULL
"2541","new","Liam Gallagher","","https://www.teamwass.com","2025-07-16",NULL
"2525","new","NOAHFINNCE","","https://www.teamwass.com","2025-07-16",NULL
"2575","new","The Bronx","","https://www.teamwass.com","2025-07-16",NULL
"2539","new","Braden Bales","","https://www.teamwass.com","2025-07-16",NULL
"2504","new","Cowboy Angels","","https://www.teamwass.com","2025-07-16",NULL
"2545","new","Cameron Whitcomb","","https://www.teamwass.com","2025-07-16",NULL
"2507","new","The Wood Brothers","","https://www.teamwass.com","2025-07-16",NULL
"2583","new","Killer Mike","","https://www.teamwass.com","2025-07-16",NULL
"2565","new","Hippie Sabotage","","https://www.teamwass.com","2025-07-16",NULL
"2576","new","Cousin Curtiss","","https://www.teamwass.com","2025-07-16",NULL
"2537","new","Waylon Wyatt","","https://www.teamwass.com","2025-07-16",NULL
"2524","new","Cherub","","https://www.teamwass.com","2025-07-16",NULL
"2573","new","Whenyoung","","https://www.teamwass.com","2025-07-16",NULL
"2536","new","horsegiirL","","https://www.teamwass.com","2025-07-16",NULL
"2538","new","Christian Lee Hutson","","https://www.teamwass.com","2025-07-16",NULL
"2506","new","Isabel LaRosa","","https://www.teamwass.com","2025-07-16",NULL
"2552","new","potions.","","https://www.teamwass.com","2025-07-16",NULL
"2584","new","BUNT.","","https://www.teamwass.com","2025-07-16",NULL
"2532","new","Steph Strings","","https://www.teamwass.com","2025-07-16",NULL
"2550","new","Loco Dice","","https://www.teamwass.com","2025-07-16",NULL
"2520","new","Pusha T","","https://www.teamwass.com","2025-07-16",NULL
"2557","new","Jim-E Stack","","https://www.teamwass.com","2025-07-16",NULL
"2582","new","Lime Garden","","https://www.teamwass.com","2025-07-16",NULL
"2556","new","Zusha","","https://www.teamwass.com","2025-07-16",NULL
"2544","new","Prince Royce","","https://www.teamwass.com","2025-07-16",NULL
"2568","new","Elvis Crespo","","https://www.teamwass.com","2025-07-16",NULL
"2548","new","Marley Bleu","","https://www.teamwass.com","2025-07-16",NULL
"2585","new","bLAck pARty","","https://www.teamwass.com","2025-07-16",NULL
"2518","new","Sumbuck","","https://www.teamwass.com","2025-07-16",NULL
"2510","new","Blind Pilot","","https://www.teamwass.com","2025-07-16",NULL
"2549","new","Blakey","","https://www.teamwass.com","2025-07-16",NULL
"2580","new","June McDoom","","https://www.teamwass.com","2025-07-16",NULL
"2526","new","JOHNNYSWIM","","https://www.teamwass.com","2025-07-16",NULL
"2513","new","thanks for coming","","https://www.teamwass.com","2025-07-16",NULL
"2508","new","Nemahsis","","https://www.teamwass.com","2025-07-16",NULL
"2571","new","Tirzah","","https://www.teamwass.com","2025-07-16",NULL
"2558","new","Olympia","","https://www.teamwass.com","2025-07-16",NULL
"2527","new","Biscits","","https://www.teamwass.com","2025-07-16",NULL
"2570","new","Anna Tivel","","https://www.teamwass.com","2025-07-16",NULL
"2577","new","Star Wars: The Force Awakens in Concert","","https://www.teamwass.com","2025-07-16",NULL
"2523","new","Gov't Mule","","https://www.teamwass.com","2025-07-16",NULL
"1501","new","No Devotion","","https://www.teamwass.com","2025-07-16",NULL
"2534","new","Bryson Tiller","","https://www.teamwass.com","2025-07-16",NULL
"2531","new","Slaney","","https://www.teamwass.com","2025-07-16",NULL
"2515","new","Mauskovic Dance Band","","https://www.teamwass.com","2025-07-16",NULL
"2503","new","Social Animals","","https://www.teamwass.com","2025-07-16",NULL
"2516","new","Slenderbodies","","https://www.teamwass.com","2025-07-16",NULL
"2509","new","Wale","","https://www.teamwass.com","2025-07-16",NULL
"2517","new","Roman Flügel","","https://www.teamwass.com","2025-07-16",NULL
"4904","new","All Them Witches","","https://www.unitedtalent.com","2025-07-16",NULL
"2543","new","Avalon Emerson & The Charm","","https://www.teamwass.com","2025-07-16",NULL
"2578","new","Dillon Francis","","https://www.teamwass.com","2025-07-16",NULL
"6144","new","Dustin Nickerson","","https://www.unitedtalent.com","2025-07-16",NULL
"2628","new","2hollis","","https://www.teamwass.com","2025-07-16",NULL
"2652","new","Dashboard Confessional","","https://www.teamwass.com","2025-07-16",NULL
"2637","new","Jake Bugg","","https://www.teamwass.com","2025-07-16",NULL
"2645","new","Elephant Gym","","https://www.teamwass.com","2025-07-16",NULL
"2632","new","Kode9","","https://www.teamwass.com","2025-07-16",NULL
"2644","new","Babe Rainbow","","https://www.teamwass.com","2025-07-16",NULL
"8856","new","Cece Coakley","","https://www.highroadtouring.com","2025-07-16",NULL
"2606","new","Soulwax","","https://www.teamwass.com","2025-07-16",NULL
"1607","new","Charlotte de Witte","","https://www.teamwass.com","2025-07-16",NULL
"2615","new","Billy Bragg","","https://www.teamwass.com","2025-07-16",NULL
"2590","new","Bambie Thug","","https://www.teamwass.com","2025-07-16",NULL
"2664","new","WOOSUNG","","https://www.teamwass.com","2025-07-16",NULL
"2649","new","Nicky Youre","","https://www.teamwass.com","2025-07-16",NULL
"2653","new","AJ Kross","","https://www.teamwass.com","2025-07-16",NULL
"2633","new","Walshy Fire","","https://www.teamwass.com","2025-07-16",NULL
"2639","new","Dexys","","https://www.teamwass.com","2025-07-16",NULL
"2623","new","Ghost Mountain","","https://www.teamwass.com","2025-07-16",NULL
"2599","new","Middle Aged Dad Jam Band","","https://www.teamwass.com","2025-07-16",NULL
"2587","new","Nershi Hann Trio","","https://www.teamwass.com","2025-07-16",NULL
"2634","new","So!YoON!","","https://www.teamwass.com","2025-07-16",NULL
"2612","new","Arnold Roth","","https://www.teamwass.com","2025-07-16",NULL
"2655","new","Hudson Mohawke","","https://www.teamwass.com","2025-07-16",NULL
"2665","new","Yellowcard","","https://www.teamwass.com","2025-07-16",NULL
"2593","new","Animal Collective","","https://www.teamwass.com","2025-07-16",NULL
"2654","new","Volcano Choir","","https://www.teamwass.com","2025-07-16",NULL
"2609","new","Off Book: The Improvised Musical","","https://www.teamwass.com","2025-07-16",NULL
"2600","new","Yussef Dayes","","https://www.teamwass.com","2025-07-16",NULL
"1254","new","Logan Halstead","","https://www.teamwass.com","2025-07-16",NULL
"2603","new","AlienBlaze","","https://www.teamwass.com","2025-07-16",NULL
"2641","new","Luther Dickinson Solo","","https://www.teamwass.com","2025-07-16",NULL
"2594","new","Jake Kohn","","https://www.teamwass.com","2025-07-16",NULL
"2625","new","Soulection","","https://www.teamwass.com","2025-07-16",NULL
"2627","new","Dev Lemons","","https://www.teamwass.com","2025-07-16",NULL
"2638","new","Nix Northwest","","https://www.teamwass.com","2025-07-16",NULL
"2608","new","KOKOROKO","","https://www.teamwass.com","2025-07-16",NULL
"2601","new","Armlock","","https://www.teamwass.com","2025-07-16",NULL
"2658","new","Mona Yim","","https://www.teamwass.com","2025-07-16",NULL
"2643","new","Coki","","https://www.teamwass.com","2025-07-16",NULL
"2667","new","Lost Girl","","https://www.teamwass.com","2025-07-16",NULL
"2640","new","Junior Varsity","","https://www.teamwass.com","2025-07-16",NULL
"2636","new","Aaron Frazer","","https://www.teamwass.com","2025-07-16",NULL
"2613","new","David and Tamela Mann","","https://www.teamwass.com","2025-07-16",NULL
"2635","new","His Name is Alive","","https://www.teamwass.com","2025-07-16",NULL
"2631","new","Kassi Valazza","","https://www.teamwass.com","2025-07-16",NULL
"2605","new","Lilla Vargen","","https://www.teamwass.com","2025-07-16",NULL
"2592","new","Hanumankind","","https://www.teamwass.com","2025-07-16",NULL
"2617","new","Röyksopp","","https://www.teamwass.com","2025-07-16",NULL
"2589","new","ELI","","https://www.teamwass.com","2025-07-16",NULL
"2604","new","Liily","","https://www.teamwass.com","2025-07-16",NULL
"2622","new","John Digweed","","https://www.teamwass.com","2025-07-16",NULL
"2591","new","absolutely","","https://www.teamwass.com","2025-07-16",NULL
"2619","new","Oliver Keane","","https://www.teamwass.com","2025-07-16",NULL
"2620","new","The Band Perry","","https://www.teamwass.com","2025-07-16",NULL
"2656","new","Fleet Foxes","","https://www.teamwass.com","2025-07-16",NULL
"2648","new","DWLLRS","","https://www.teamwass.com","2025-07-16",NULL
"2663","new","AYYBO","","https://www.teamwass.com","2025-07-16",NULL
"2662","new","Motionless In White","","https://www.teamwass.com","2025-07-16",NULL
"2597","new","BRKLYN","","https://www.teamwass.com","2025-07-16",NULL
"2666","new","Explosions In The Sky","","https://www.teamwass.com","2025-07-16",NULL
"2595","new","Deakin","","https://www.teamwass.com","2025-07-16",NULL
"2614","new","Femtanyl","","https://www.teamwass.com","2025-07-16",NULL
"2616","new","ISOxo","","https://www.teamwass.com","2025-07-16",NULL
"2621","new","Kelsey Waldon","","https://www.teamwass.com","2025-07-16",NULL
"2646","new","Fat Mike","","https://www.teamwass.com","2025-07-16",NULL
"2626","new","Dave Hause","","https://www.teamwass.com","2025-07-16",NULL
"2669","new","Anna von Hausswolff","","https://www.teamwass.com","2025-07-16",NULL
"2629","new","Abbie McCarthy","","https://www.teamwass.com","2025-07-16",NULL
"2647","new","Amos Lee","","https://www.teamwass.com","2025-07-16",NULL
"2610","new","Jayo","","https://www.teamwass.com","2025-07-16",NULL
"2598","new","Gabi Sklar","","https://www.teamwass.com","2025-07-16",NULL
"2659","new","Barry Can't Swim","","https://www.teamwass.com","2025-07-16",NULL
"2650","new","Toro y Moi","","https://www.teamwass.com","2025-07-16",NULL
"2596","new","Pork Tornado","","https://www.teamwass.com","2025-07-16",NULL
"1452","new","Mudd the Student","","https://www.teamwass.com","2025-07-16",NULL
"2630","new","Bon Iver","","https://www.teamwass.com","2025-07-16",NULL
"2607","new","Andromedik","","https://www.teamwass.com","2025-07-16",NULL
"2651","new","Marvel Studios' Infinity Saga Concert Experience","","https://www.teamwass.com","2025-07-16",NULL
"2618","new","Adam Doleac","","https://www.teamwass.com","2025-07-16",NULL
"2661","new","Mickey Guyton","","https://www.teamwass.com","2025-07-16",NULL
"2642","new","Just Blaze","","https://www.teamwass.com","2025-07-16",NULL
"2611","new","Chuck Ragan","","https://www.teamwass.com","2025-07-16",NULL
"2657","new","Miss Bashful","","https://www.teamwass.com","2025-07-16",NULL
"2660","new","Neve","","https://www.teamwass.com","2025-07-16",NULL
"2673","new","Yukimi","","https://www.teamwass.com","2025-07-16",NULL
"5084","new","Sullivan King","","https://www.unitedtalent.com","2025-07-16",NULL
"2751","new","Kami Kehoe","","https://www.teamwass.com","2025-07-16",NULL
"2684","new","Jhariah","","https://www.teamwass.com","2025-07-16",NULL
"2743","new","Disrupta","","https://www.teamwass.com","2025-07-16",NULL
"2715","new","Mylo","","https://www.teamwass.com","2025-07-16",NULL
"2717","new","Encanto in Concert (film license)","","https://www.teamwass.com","2025-07-16",NULL
"2749","new","Bridget Kearney","","https://www.teamwass.com","2025-07-16",NULL
"8857","new","mary in the junkyard","","https://www.highroadtouring.com","2025-07-16",NULL
"8858","new","The Point.","","https://www.highroadtouring.com","2025-07-16",NULL
"2727","new","Ari Abdul","","https://www.teamwass.com","2025-07-16",NULL
"2704","new","Kimberly Kelly","","https://www.teamwass.com","2025-07-16",NULL
"2697","new","Chuwi","","https://www.teamwass.com","2025-07-16",NULL
"2728","new","Abraham Alexander","","https://www.teamwass.com","2025-07-16",NULL
"2729","new","The Aces","","https://www.teamwass.com","2025-07-16",NULL
"2739","new","Total Giovanni","","https://www.teamwass.com","2025-07-16",NULL
"2694","new","StrateJacket","","https://www.teamwass.com","2025-07-16",NULL
"2736","new","Idina Menzel","","https://www.teamwass.com","2025-07-16",NULL
"2732","new","Just For Fun","","https://www.teamwass.com","2025-07-16",NULL
"2680","new","Dj Tennis","","https://www.teamwass.com","2025-07-16",NULL
"2672","new","Aerial Salad","","https://www.teamwass.com","2025-07-16",NULL
"8859","new","CocoRosie","","https://www.highroadtouring.com","2025-07-16",NULL
"2707","new","Jonah Kagen","","https://www.teamwass.com","2025-07-16",NULL
"2724","new","Salif Keita acoustic tour","","https://www.teamwass.com","2025-07-16",NULL
"2693","new","Kate NV","","https://www.teamwass.com","2025-07-16",NULL
"2711","new","Drew Erwin","","https://www.teamwass.com","2025-07-16",NULL
"2690","new","Marian Hill","","https://www.teamwass.com","2025-07-16",NULL
"2692","new","Lucinda Chua","","https://www.teamwass.com","2025-07-16",NULL
"2691","new","Skin On Skin","","https://www.teamwass.com","2025-07-16",NULL
"2722","new","Rob Bell","","https://www.teamwass.com","2025-07-16",NULL
"2674","new","Ben Folds","","https://www.teamwass.com","2025-07-16",NULL
"2706","new","TRUTH","","https://www.teamwass.com","2025-07-16",NULL
"2695","new","Avi Kaplan","","https://www.teamwass.com","2025-07-16",NULL
"2745","new","Nourished By Time","","https://www.teamwass.com","2025-07-16",NULL
"2705","new","spill tab","","https://www.teamwass.com","2025-07-16",NULL
"2679","new","Potter Payper","","https://www.teamwass.com","2025-07-16",NULL
"2702","new","Tritonal","","https://www.teamwass.com","2025-07-16",NULL
"2699","new","Gucci Mane","","https://www.teamwass.com","2025-07-16",NULL
"2703","new","Nosaj Thing","","https://www.teamwass.com","2025-07-16",NULL
"2737","new","South Arcade","","https://www.teamwass.com","2025-07-16",NULL
"2753","new","Puddles Pity Party","","https://www.teamwass.com","2025-07-16",NULL
"2735","new","Latto","","https://www.teamwass.com","2025-07-16",NULL
"2744","new","N3WYRKLA","","https://www.teamwass.com","2025-07-16",NULL
"2687","new","DERBY","","https://www.teamwass.com","2025-07-16",NULL
"2733","new","Brian Stokes Mitchell","","https://www.teamwass.com","2025-07-16",NULL
"2748","new","Blu DeTiger","","https://www.teamwass.com","2025-07-16",NULL
"2688","new","Ellery Harper","","https://www.teamwass.com","2025-07-16",NULL
"2723","new","Linda Perry","","https://www.teamwass.com","2025-07-16",NULL
"2708","new","Lila Iké","","https://www.teamwass.com","2025-07-16",NULL
"2696","new","Raiden","","https://www.teamwass.com","2025-07-16",NULL
"2714","new","Ladytron","","https://www.teamwass.com","2025-07-16",NULL
"2686","new","Fenix Flexin","","https://www.teamwass.com","2025-07-16",NULL
"2698","new","Mighty Poplar","","https://www.teamwass.com","2025-07-16",NULL
"2676","new","Mother Mother","","https://www.teamwass.com","2025-07-16",NULL
"2675","new","Aaron May","","https://www.teamwass.com","2025-07-16",NULL
"2689","new","Jack Ü","","https://www.teamwass.com","2025-07-16",NULL
"2720","new","Elder","","https://www.teamwass.com","2025-07-16",NULL
"2701","new","Wye Oak","","https://www.teamwass.com","2025-07-16",NULL
"2713","new","Eric Roth","","https://www.teamwass.com","2025-07-16",NULL
"2752","new","Gates to Hell","","https://www.teamwass.com","2025-07-16",NULL
"2731","new","Nat Myers","","https://www.teamwass.com","2025-07-16",NULL
"2726","new","Switch","","https://www.teamwass.com","2025-07-16",NULL
"2718","new","Poison The Well","","https://www.teamwass.com","2025-07-16",NULL
"2685","new","D Smoke","","https://www.teamwass.com","2025-07-16",NULL
"2700","new","Lillian Hepler","","https://www.teamwass.com","2025-07-16",NULL
"2709","new","Millichamp","","https://www.teamwass.com","2025-07-16",NULL
"2746","new","Sofiane Pamart","","https://www.teamwass.com","2025-07-16",NULL
"2681","new","Ofenbach","","https://www.teamwass.com","2025-07-16",NULL
"2754","new","Willie Watson","","https://www.teamwass.com","2025-07-16",NULL
"2682","new","Sean Solomon","","https://www.teamwass.com","2025-07-16",NULL
"1132","new","Weyes Blood","","https://www.teamwass.com","2025-07-16",NULL
"2712","new","Allison Ponthier","","https://www.teamwass.com","2025-07-16",NULL
"2750","new","Tkay Maidza","","https://www.teamwass.com","2025-07-16",NULL
"2716","new","Mon Rovîa","","https://www.teamwass.com","2025-07-16",NULL
"2740","new","Blur","","https://www.teamwass.com","2025-07-16",NULL
"2671","new","Natalie Shay","","https://www.teamwass.com","2025-07-16",NULL
"2683","new","Supertask","","https://www.teamwass.com","2025-07-16",NULL
"2734","new","Gibbz","","https://www.teamwass.com","2025-07-16",NULL
"2678","new","Savages","","https://www.teamwass.com","2025-07-16",NULL
"2710","new","Jesse Daniel","","https://www.teamwass.com","2025-07-16",NULL
"2738","new","Nadia Loren","","https://www.teamwass.com","2025-07-16",NULL
"2747","new","Timmy Skelly","","https://www.teamwass.com","2025-07-16",NULL
"2725","new","girl in red","","https://www.teamwass.com","2025-07-16",NULL
"2677","new","Nancy Williams","","https://www.teamwass.com","2025-07-16",NULL
"1965","new","The Milk Carton Kids","","https://www.teamwass.com","2025-07-16",NULL
"2721","new","Oliver Heldens","","https://www.teamwass.com","2025-07-16",NULL
"2741","new","P-Lo","","https://www.teamwass.com","2025-07-16",NULL
"6145","new","Rob Delaney","","https://www.unitedtalent.com","2025-07-16",NULL
"2797","new","Flock of Dimes","","https://www.teamwass.com","2025-07-16",NULL
"2821","new","Go-Jo","","https://www.teamwass.com","2025-07-16",NULL
"2781","new","Lupin","","https://www.teamwass.com","2025-07-16",NULL
"2787","new","Fake Blood","","https://www.teamwass.com","2025-07-16",NULL
"2832","new","Jeremy Ivey","","https://www.teamwass.com","2025-07-16",NULL
"2838","new","Bury Tomorrow","","https://www.teamwass.com","2025-07-16",NULL
"2793","new","TV Priest","","https://www.teamwass.com","2025-07-16",NULL
"2834","new","Maddie Zahm","","https://www.teamwass.com","2025-07-16",NULL
"8860","new","Shawn Mullins","","https://www.highroadtouring.com","2025-07-16",NULL
"2757","new","HONNE","","https://www.teamwass.com","2025-07-16",NULL
"2803","new","The Prodigy","","https://www.teamwass.com","2025-07-16",NULL
"2810","new","The Grimms","","https://www.teamwass.com","2025-07-16",NULL
"2806","new","The Music","","https://www.teamwass.com","2025-07-16",NULL
"8861","new","Fruition","","https://www.highroadtouring.com","2025-07-16",NULL
"2829","new","Night Lovell","","https://www.teamwass.com","2025-07-16",NULL
"2770","new","TUKAN","","https://www.teamwass.com","2025-07-16",NULL
"2784","new","Midnight North","","https://www.teamwass.com","2025-07-16",NULL
"2833","new","Buzzcocks","","https://www.teamwass.com","2025-07-16",NULL
"2783","new","Maruja","","https://www.teamwass.com","2025-07-16",NULL
"2808","new","Big Freedia","","https://www.teamwass.com","2025-07-16",NULL
"1870","new","Mindchatter","","https://www.teamwass.com","2025-07-16",NULL
"2807","new","Alix Page","","https://www.teamwass.com","2025-07-16",NULL
"2795","new","Blaketheman1000","","https://www.teamwass.com","2025-07-16",NULL
"2772","new","PREP","","https://www.teamwass.com","2025-07-16",NULL
"2796","new","Notion","","https://www.teamwass.com","2025-07-16",NULL
"2759","new","Skillibeng","","https://www.teamwass.com","2025-07-16",NULL
"2830","new","A. G. Cook","","https://www.teamwass.com","2025-07-16",NULL
"2775","new","GRRL x Made of Oak","","https://www.teamwass.com","2025-07-16",NULL
"2802","new","Myles O'Neal","","https://www.teamwass.com","2025-07-16",NULL
"2764","new","ALT BLK ERA","","https://www.teamwass.com","2025-07-16",NULL
"2771","new","Love Spells","","https://www.teamwass.com","2025-07-16",NULL
"2778","new","Pacific Avenue","","https://www.teamwass.com","2025-07-16",NULL
"2828","new","The xx","","https://www.teamwass.com","2025-07-16",NULL
"2782","new","Julie Bergan","","https://www.teamwass.com","2025-07-16",NULL
"2826","new","Kaytranada","","https://www.teamwass.com","2025-07-16",NULL
"2755","new","Hunter Root","","https://www.teamwass.com","2025-07-16",NULL
"2794","new","Caity Baser","","https://www.teamwass.com","2025-07-16",NULL
"2767","new","Bear vs. Shark","","https://www.teamwass.com","2025-07-16",NULL
"2809","new","Galdive","","https://www.teamwass.com","2025-07-16",NULL
"2763","new","Boo","","https://www.teamwass.com","2025-07-16",NULL
"2790","new","Tommy Ragen","","https://www.teamwass.com","2025-07-16",NULL
"2820","new","Nick Heyward","","https://www.teamwass.com","2025-07-16",NULL
"2815","new","George Clanton","","https://www.teamwass.com","2025-07-16",NULL
"2776","new","Claud","","https://www.teamwass.com","2025-07-16",NULL
"2765","new","Franc Moody","","https://www.teamwass.com","2025-07-16",NULL
"2768","new","Katherine Li","","https://www.teamwass.com","2025-07-16",NULL
"2822","new","Muse","","https://www.teamwass.com","2025-07-16",NULL
"2817","new","LiSA","","https://www.teamwass.com","2025-07-16",NULL
"2816","new","Catfish and the Bottlemen","","https://www.teamwass.com","2025-07-16",NULL
"2779","new","Michael Clifford","","https://www.teamwass.com","2025-07-16",NULL
"2824","new","The Big Moon","","https://www.teamwass.com","2025-07-16",NULL
"2785","new","Billianne","","https://www.teamwass.com","2025-07-16",NULL
"2758","new","Mondo Cozmo","","https://www.teamwass.com","2025-07-16",NULL
"1683","new","Best Coast","","https://www.teamwass.com","2025-07-16",NULL
"1484","new","LAUNDRY DAY","","https://www.teamwass.com","2025-07-16",NULL
"2798","new","Oblé Reed","","https://www.teamwass.com","2025-07-16",NULL
"2819","new","Jordan Smart","","https://www.teamwass.com","2025-07-16",NULL
"2811","new","Yot Club","","https://www.teamwass.com","2025-07-16",NULL
"2837","new","Golden Features","","https://www.teamwass.com","2025-07-16",NULL
"2835","new","Rubén Blades","","https://www.teamwass.com","2025-07-16",NULL
"2760","new","Sia","","https://www.teamwass.com","2025-07-16",NULL
"2825","new","Two Another","","https://www.teamwass.com","2025-07-16",NULL
"2823","new","WineMom","","https://www.teamwass.com","2025-07-16",NULL
"2800","new","X Ambassadors","","https://www.teamwass.com","2025-07-16",NULL
"2792","new","Borough Council","","https://www.teamwass.com","2025-07-16",NULL
"2774","new","Lunay","","https://www.teamwass.com","2025-07-16",NULL
"2777","new","SHERELLE","","https://www.teamwass.com","2025-07-16",NULL
"2769","new","Deerhunter","","https://www.teamwass.com","2025-07-16",NULL
"2786","new","BASSLAYERZ","","https://www.teamwass.com","2025-07-16",NULL
"2789","new","The Little Mermaid in Concert","","https://www.teamwass.com","2025-07-16",NULL
"2788","new","Radhika Das","","https://www.teamwass.com","2025-07-16",NULL
"2831","new","TxC","","https://www.teamwass.com","2025-07-16",NULL
"2756","new","The Rum Runners","","https://www.teamwass.com","2025-07-16",NULL
"2766","new","Tommy Guerrero","","https://www.teamwass.com","2025-07-16",NULL
"2827","new","Feux","","https://www.teamwass.com","2025-07-16",NULL
"2780","new","Holy Wars","","https://www.teamwass.com","2025-07-16",NULL
"2773","new","Guster","","https://www.teamwass.com","2025-07-16",NULL
"2791","new","Dreamwake","","https://www.teamwass.com","2025-07-16",NULL
"2804","new","Home Alone 2 in Concert","","https://www.teamwass.com","2025-07-16",NULL
"1371","new","Pirates of the Caribbean: On Stranger Tides in Concert","","https://www.teamwass.com","2025-07-16",NULL
"2801","new","Mountain Grass Unit","","https://www.teamwass.com","2025-07-16",NULL
"2818","new","Tyler Ballgame","","https://www.teamwass.com","2025-07-16",NULL
"2761","new","Francisca Valenzuela","","https://www.teamwass.com","2025-07-16",NULL
"6146","new","Iliza Shlesinger","","https://www.unitedtalent.com","2025-07-16",NULL
"5229","new","IMANU","","https://www.unitedtalent.com","2025-07-16",NULL
"2902","new","bôa","","https://www.teamwass.com","2025-07-16",NULL
"2865","new","Blessd","","https://www.teamwass.com","2025-07-16",NULL
"2920","new","La Roux","","https://www.teamwass.com","2025-07-16",NULL
"2895","new","The Nude Party","","https://www.teamwass.com","2025-07-16",NULL
"2893","new","Marshmello","","https://www.teamwass.com","2025-07-16",NULL
"2848","new","Lovett or Leave It","","https://www.teamwass.com","2025-07-16",NULL
"2871","new","Elderbrook","","https://www.teamwass.com","2025-07-16",NULL
"2876","new","Matthew Dear","","https://www.teamwass.com","2025-07-16",NULL
"2908","new","Love,Shaun","","https://www.teamwass.com","2025-07-16",NULL
"2867","new","Warpaint","","https://www.teamwass.com","2025-07-16",NULL
"2884","new","Leela James","","https://www.teamwass.com","2025-07-16",NULL
"2872","new","Ed Sheeran","","https://www.teamwass.com","2025-07-16",NULL
"2913","new","Kal Banx","","https://www.teamwass.com","2025-07-16",NULL
"2840","new","ROYA","","https://www.teamwass.com","2025-07-16",NULL
"2855","new","Lightning Bolt","","https://www.teamwass.com","2025-07-16",NULL
"2849","new","Wild Youth","","https://www.teamwass.com","2025-07-16",NULL
"2878","new","Cigarettes After Sex","","https://www.teamwass.com","2025-07-16",NULL
"2860","new","Milky Chance","","https://www.teamwass.com","2025-07-16",NULL
"2839","new","Jaden","","https://www.teamwass.com","2025-07-16",NULL
"2907","new","Hurray for the Riff Raff","","https://www.teamwass.com","2025-07-16",NULL
"2857","new","Jerry Rivera","","https://www.teamwass.com","2025-07-16",NULL
"2880","new","The Home Team","","https://www.teamwass.com","2025-07-16",NULL
"2892","new","KSHMR","","https://www.teamwass.com","2025-07-16",NULL
"2897","new","Creeper","","https://www.teamwass.com","2025-07-16",NULL
"2843","new","Ruby Waters","","https://www.teamwass.com","2025-07-16",NULL
"2915","new","Rebūke","","https://www.teamwass.com","2025-07-16",NULL
"2842","new","Dirt Monkey","","https://www.teamwass.com","2025-07-16",NULL
"1208","new","Stewart Copeland","","https://www.teamwass.com","2025-07-16",NULL
"2862","new","Sid Sriram","","https://www.teamwass.com","2025-07-16",NULL
"2859","new","Maxwell","","https://www.teamwass.com","2025-07-16",NULL
"2873","new","Joy Oladokun","","https://www.teamwass.com","2025-07-16",NULL
"2900","new","The Psychology Of...","","https://www.teamwass.com","2025-07-16",NULL
"2906","new","Eyes of Others","","https://www.teamwass.com","2025-07-16",NULL
"2889","new","Alan Sparhawk","","https://www.teamwass.com","2025-07-16",NULL
"2899","new","Pomo","","https://www.teamwass.com","2025-07-16",NULL
"2905","new","A-Trak","","https://www.teamwass.com","2025-07-16",NULL
"2877","new","Stephen Dawes","","https://www.teamwass.com","2025-07-16",NULL
"2885","new","Ledisi","","https://www.teamwass.com","2025-07-16",NULL
"2879","new","Eloise","","https://www.teamwass.com","2025-07-16",NULL
"2912","new","BENEE","","https://www.teamwass.com","2025-07-16",NULL
"2903","new","Adam Melchor","","https://www.teamwass.com","2025-07-16",NULL
"2850","new","Adrian Sherwood","","https://www.teamwass.com","2025-07-16",NULL
"2923","new","FLO","","https://www.teamwass.com","2025-07-16",NULL
"2921","new","The Warning","","https://www.teamwass.com","2025-07-16",NULL
"2904","new","OPIUO","","https://www.teamwass.com","2025-07-16",NULL
"2881","new","Whitey Morgan and the 78's","","https://www.teamwass.com","2025-07-16",NULL
"2845","new","Duck Sauce","","https://www.teamwass.com","2025-07-16",NULL
"2911","new","Mollie Elizabeth","","https://www.teamwass.com","2025-07-16",NULL
"2858","new","Joni Mitchell","","https://www.teamwass.com","2025-07-16",NULL
"2856","new","Diplo","","https://www.teamwass.com","2025-07-16",NULL
"2910","new","Coldplay","","https://www.teamwass.com","2025-07-16",NULL
"2883","new","David Mahoney","","https://www.teamwass.com","2025-07-16",NULL
"2853","new","Miki Berenyi Trio","","https://www.teamwass.com","2025-07-16",NULL
"2888","new","Tanya Tucker","","https://www.teamwass.com","2025-07-16",NULL
"2863","new","Assembly Of Dust","","https://www.teamwass.com","2025-07-16",NULL
"2844","new","Chezile","","https://www.teamwass.com","2025-07-16",NULL
"2868","new","Romare","","https://www.teamwass.com","2025-07-16",NULL
"2851","new","Little Man Tate","","https://www.teamwass.com","2025-07-16",NULL
"2861","new","Hrishikesh Hirway","","https://www.teamwass.com","2025-07-16",NULL
"1817","new","Mathilda Homer","","https://www.teamwass.com","2025-07-16",NULL
"2870","new","Sudan Archives","","https://www.teamwass.com","2025-07-16",NULL
"1057","new","RL Grime","","https://www.teamwass.com","2025-07-16",NULL
"2916","new","FLETCHR FLETCHR","","https://www.teamwass.com","2025-07-16",NULL
"2909","new","A.A. Bondy","","https://www.teamwass.com","2025-07-16",NULL
"2894","new","Prospa","","https://www.teamwass.com","2025-07-16",NULL
"2847","new","Khamari","","https://www.teamwass.com","2025-07-16",NULL
"2914","new","Buzzy Lee","","https://www.teamwass.com","2025-07-16",NULL
"2890","new","Blake Shelton","","https://www.teamwass.com","2025-07-16",NULL
"2887","new","Blossom","","https://www.teamwass.com","2025-07-16",NULL
"2852","new","Good Looks","","https://www.teamwass.com","2025-07-16",NULL
"2896","new","Downward","","https://www.teamwass.com","2025-07-16",NULL
"2891","new","AJ Tracey","","https://www.teamwass.com","2025-07-16",NULL
"2846","new","LA REEZY","","https://www.teamwass.com","2025-07-16",NULL
"2886","new","Sistas Who Kill","","https://www.teamwass.com","2025-07-16",NULL
"2918","new","Panjabi Hit Squad","","https://www.teamwass.com","2025-07-16",NULL
"2875","new","Sonny Fodera","","https://www.teamwass.com","2025-07-16",NULL
"2864","new","Duster","","https://www.teamwass.com","2025-07-16",NULL
"2854","new","If Not For Me","","https://www.teamwass.com","2025-07-16",NULL
"2922","new","Liang Lawrence","","https://www.teamwass.com","2025-07-16",NULL
"2841","new","Ivy Queen","","https://www.teamwass.com","2025-07-16",NULL
"2869","new","The Verve","","https://www.teamwass.com","2025-07-16",NULL
"5232","new","JD McPherson","","https://www.unitedtalent.com","2025-07-16",NULL
"5272","new","Kayzo","","https://www.unitedtalent.com","2025-07-16",NULL
"4881","new","Basement Jaxx","","https://www.unitedtalent.com","2025-07-16",NULL
"8862","new","The Still Tide","","https://www.highroadtouring.com","2025-07-16",NULL
"6147","new","Morgan Murphy","","https://www.unitedtalent.com","2025-07-16",NULL
"2988","new","Hannibal Buress","","https://www.teamwass.com","2025-07-16",NULL
"2928","new","Jenny Hval","","https://www.teamwass.com","2025-07-16",NULL
"2978","new","The Pigeon Detectives","","https://www.teamwass.com","2025-07-16",NULL
"2960","new","Dying Wish","","https://www.teamwass.com","2025-07-16",NULL
"3002","new","Balming Tiger","","https://www.teamwass.com","2025-07-16",NULL
"2955","new","Eddy de Pretto","","https://www.teamwass.com","2025-07-16",NULL
"2990","new","De La Soul","","https://www.teamwass.com","2025-07-16",NULL
"2956","new","Oklou","","https://www.teamwass.com","2025-07-16",NULL
"2984","new","Hasan Raheem","","https://www.teamwass.com","2025-07-16",NULL
"2941","new","Mae Muller","","https://www.teamwass.com","2025-07-16",NULL
"2973","new","TEED","","https://www.teamwass.com","2025-07-16",NULL
"2992","new","Oneohtrix Point Never","","https://www.teamwass.com","2025-07-16",NULL
"2974","new","Duke Dumont","","https://www.teamwass.com","2025-07-16",NULL
"2925","new","Antigoni","","https://www.teamwass.com","2025-07-16",NULL
"2961","new","Baauer","","https://www.teamwass.com","2025-07-16",NULL
"2989","new","WITHOUT","","https://www.teamwass.com","2025-07-16",NULL
"2933","new","DJ Gigola","","https://www.teamwass.com","2025-07-16",NULL
"2948","new","Mochakk","","https://www.teamwass.com","2025-07-16",NULL
"2947","new","India.Arie","","https://www.teamwass.com","2025-07-16",NULL
"2927","new","Ghetts","","https://www.teamwass.com","2025-07-16",NULL
"2987","new","Róise","","https://www.teamwass.com","2025-07-16",NULL
"2958","new","Matt and Kim","","https://www.teamwass.com","2025-07-16",NULL
"2993","new","DJ Snake","","https://www.teamwass.com","2025-07-16",NULL
"8863","new","The Sophs","","https://www.highroadtouring.com","2025-07-16",NULL
"3007","new","P.O.S","","https://www.teamwass.com","2025-07-16",NULL
"2945","new","Ferguson","","https://www.teamwass.com","2025-07-16",NULL
"3001","new","Jenevieve","","https://www.teamwass.com","2025-07-16",NULL
"2997","new","Pip Millett","","https://www.teamwass.com","2025-07-16",NULL
"2966","new","SiR","","https://www.teamwass.com","2025-07-16",NULL
"2969","new","Girls Aloud","","https://www.teamwass.com","2025-07-16",NULL
"3003","new","Josiah and the Bonnevilles","","https://www.teamwass.com","2025-07-16",NULL
"2949","new","Judas Priest","","https://www.teamwass.com","2025-07-16",NULL
"2970","new","Sheck Wes","","https://www.teamwass.com","2025-07-16",NULL
"2967","new","Tommy Prine","","https://www.teamwass.com","2025-07-16",NULL
"2934","new","&friends","","https://www.teamwass.com","2025-07-16",NULL
"2924","new","Andrew Bayer","","https://www.teamwass.com","2025-07-16",NULL
"2926","new","Odie Leigh","","https://www.teamwass.com","2025-07-16",NULL
"2971","new","Y2K","","https://www.teamwass.com","2025-07-16",NULL
"2932","new","Calvin Harris","","https://www.teamwass.com","2025-07-16",NULL
"2953","new","Jamie Woon","","https://www.teamwass.com","2025-07-16",NULL
"2996","new","Riff Wood","","https://www.teamwass.com","2025-07-16",NULL
"2944","new","Mike Sabath","","https://www.teamwass.com","2025-07-16",NULL
"2963","new","HOMESHAKE","","https://www.teamwass.com","2025-07-16",NULL
"2975","new","Crowe Boys","","https://www.teamwass.com","2025-07-16",NULL
"2952","new","Timeflies","","https://www.teamwass.com","2025-07-16",NULL
"2981","new","Far Caspian","","https://www.teamwass.com","2025-07-16",NULL
"2979","new","John Morgan","","https://www.teamwass.com","2025-07-16",NULL
"2936","new","LÉON","","https://www.teamwass.com","2025-07-16",NULL
"2931","new","Oscar and the Wolf","","https://www.teamwass.com","2025-07-16",NULL
"2982","new","Static Dress","","https://www.teamwass.com","2025-07-16",NULL
"2937","new","The Honeysticks","","https://www.teamwass.com","2025-07-16",NULL
"2962","new","DEATHPACT","","https://www.teamwass.com","2025-07-16",NULL
"2977","new","Uwade","","https://www.teamwass.com","2025-07-16",NULL
"2935","new","Bartees Strange","","https://www.teamwass.com","2025-07-16",NULL
"2972","new","Frank Ocean","","https://www.teamwass.com","2025-07-16",NULL
"2959","new","Cool Customer","","https://www.teamwass.com","2025-07-16",NULL
"2929","new","Champion","","https://www.teamwass.com","2025-07-16",NULL
"2950","new","Dark Divine","","https://www.teamwass.com","2025-07-16",NULL
"3005","new","Chase & Status","","https://www.teamwass.com","2025-07-16",NULL
"2986","new","Sworn Virgins","","https://www.teamwass.com","2025-07-16",NULL
"2938","new","The Heavy","","https://www.teamwass.com","2025-07-16",NULL
"2942","new","DISPATCH","","https://www.teamwass.com","2025-07-16",NULL
"3006","new","Death Cab for Cutie","","https://www.teamwass.com","2025-07-16",NULL
"2976","new","ODD LUKE","","https://www.teamwass.com","2025-07-16",NULL
"3004","new","bbno$","","https://www.teamwass.com","2025-07-16",NULL
"1090","new","Reverend And The Makers","","https://www.teamwass.com","2025-07-16",NULL
"2980","new","Clue: A Walking Mystery","","https://www.teamwass.com","2025-07-16",NULL
"2951","new","MRCY","","https://www.teamwass.com","2025-07-16",NULL
"2983","new","Jerry Garcia Symphonic Celebration","","https://www.teamwass.com","2025-07-16",NULL
"2954","new","Channel Tres","","https://www.teamwass.com","2025-07-16",NULL
"2994","new","JJ Grey & Mofro","","https://www.teamwass.com","2025-07-16",NULL
"2965","new","Valley James","","https://www.teamwass.com","2025-07-16",NULL
"2943","new","FS Green","","https://www.teamwass.com","2025-07-16",NULL
"2940","new","Joy Orbison","","https://www.teamwass.com","2025-07-16",NULL
"2957","new","Very Nice Person","","https://www.teamwass.com","2025-07-16",NULL
"2995","new","Shoreline Mafia","","https://www.teamwass.com","2025-07-16",NULL
"2999","new","Marti Perramon","","https://www.teamwass.com","2025-07-16",NULL
"2946","new","Noah Cyrus","","https://www.teamwass.com","2025-07-16",NULL
"2998","new","Hagop Tchaparian","","https://www.teamwass.com","2025-07-16",NULL
"5386","new","Space Laces","","https://www.unitedtalent.com","2025-07-16",NULL
"3000","new","Rose Gray","","https://www.teamwass.com","2025-07-16",NULL
"2985","new","DEVAULT","","https://www.teamwass.com","2025-07-16",NULL
"6148","new","Marie Faustin","","https://www.unitedtalent.com","2025-07-16",NULL
"6149","new","Ari Matti","","https://www.unitedtalent.com","2025-07-16",NULL
"6150","new","Beck Bennett","","https://www.unitedtalent.com","2025-07-16",NULL
"8864","new","Margo Cilker","","https://www.highroadtouring.com","2025-07-16",NULL
"4724","new","Brian Wilson (Estate)","","https://www.unitedtalent.com","2025-07-16",NULL
"6151","new","Chad and JT","","https://www.unitedtalent.com","2025-07-16",NULL
"6152","new","Anjelah Johnson-Reyes","","https://www.unitedtalent.com","2025-07-16",NULL
"6153","new","Amber Autry","","https://www.unitedtalent.com","2025-07-16",NULL
"6154","new","Seth Meyers","","https://www.unitedtalent.com","2025-07-16",NULL
"4500","new","Michael Franti & Spearhead","","https://www.unitedtalent.com","2025-07-16",NULL
"6155","new","Mitra Jouhari","","https://www.unitedtalent.com","2025-07-16",NULL
"6156","new","Leo Reich","","https://www.unitedtalent.com","2025-07-16",NULL
"6157","new","Jesus Trejo","","https://www.unitedtalent.com","2025-07-16",NULL
"6158","new","Whitney Cummings","","https://www.unitedtalent.com","2025-07-16",NULL
"5179","new","English Beat, The","","https://www.unitedtalent.com","2025-07-16",NULL
"6001","new","Youngr","","https://www.unitedtalent.com","2025-07-16",NULL
"6159","new","Martin Urbano","","https://www.unitedtalent.com","2025-07-16",NULL
"6160","new","Heather McMahan","","https://www.unitedtalent.com","2025-07-16",NULL
"6161","new","Maggie Winters","","https://www.unitedtalent.com","2025-07-16",NULL
"6162","new","Adam Conover","","https://www.unitedtalent.com","2025-07-16",NULL
"6163","new","Eugene Mirman","","https://www.unitedtalent.com","2025-07-16",NULL
"6164","new","Ivan Decker","","https://www.unitedtalent.com","2025-07-16",NULL
"6165","new","B. Simone","","https://www.unitedtalent.com","2025-07-16",NULL
"5509","new","Charlie Worsham","","https://www.unitedtalent.com","2025-07-16",NULL
"6166","new","Will Ferrell","","https://www.unitedtalent.com","2025-07-16",NULL
"6167","new","Noel Miller","","https://www.unitedtalent.com","2025-07-16",NULL
"5298","new","Chanel Loren","","https://www.unitedtalent.com","2025-07-16",NULL
"4590","new","Heléna Star","","https://www.unitedtalent.com","2025-07-16",NULL
"5241","new","Michael Brun","","https://www.unitedtalent.com","2025-07-16",NULL
"6168","new","Carmen Christopher","","https://www.unitedtalent.com","2025-07-16",NULL
"4887","new","Choir! Choir! Choir!","","https://www.unitedtalent.com","2025-07-16",NULL
"6169","new","John Leguizamo","","https://www.unitedtalent.com","2025-07-16",NULL
"5360","new","The Philharmonik","","https://www.unitedtalent.com","2025-07-16",NULL
"6170","new","Cole Escola","","https://www.unitedtalent.com","2025-07-16",NULL
"6171","new","Tim Heidecker","","https://www.unitedtalent.com","2025-07-16",NULL
"6172","new","Eric Andre","","https://www.unitedtalent.com","2025-07-16",NULL
"6173","new","Sarah Sherman","","https://www.unitedtalent.com","2025-07-16",NULL
"6174","new","Lil Rel Howery","","https://www.unitedtalent.com","2025-07-16",NULL
"6175","new","Sarah Keyworth","","https://www.unitedtalent.com","2025-07-16",NULL
"6176","new","Jim Gaffigan","","https://www.unitedtalent.com","2025-07-16",NULL
"6177","new","Phil Rosenthal","","https://www.unitedtalent.com","2025-07-16",NULL
"6178","new","Dana Carvey","","https://www.unitedtalent.com","2025-07-16",NULL
"5942","new","Hitty","","https://www.unitedtalent.com","2025-07-16",NULL
"6179","new","Sahib Singh","","https://www.unitedtalent.com","2025-07-16",NULL
"6180","new","Josh Mandl","","https://www.unitedtalent.com","2025-07-16",NULL
"6181","new","Patton Oswalt","","https://www.unitedtalent.com","2025-07-16",NULL
"6182","new","Amir K","","https://www.unitedtalent.com","2025-07-16",NULL
"5622","new","The Jaded Hearts Club","","https://www.unitedtalent.com","2025-07-16",NULL
"6183","new","Jessica Williams","","https://www.unitedtalent.com","2025-07-16",NULL
"6184","new","Biniam Bizuneh","","https://www.unitedtalent.com","2025-07-16",NULL
"6185","new","Bitch Sesh","","https://www.unitedtalent.com","2025-07-16",NULL
"6054","new","Paula Abdul","","https://www.unitedtalent.com","2025-07-16",NULL
"6186","new","Ashley Padilla","","https://www.unitedtalent.com","2025-07-16",NULL
"6187","new","Danny Pellegrino","","https://www.unitedtalent.com","2025-07-16",NULL
"6188","new","Beth Stelling","","https://www.unitedtalent.com","2025-07-16",NULL
"6189","new","Vir Das","","https://www.unitedtalent.com","2025-07-16",NULL
"6190","new","Al Franken","","https://www.unitedtalent.com","2025-07-16",NULL
"6191","new","My Dad Wrote a Porno","","https://www.unitedtalent.com","2025-07-16",NULL
"6192","new","Yvonne Orji","","https://www.unitedtalent.com","2025-07-16",NULL
"6193","new","Megan Stalter","","https://www.unitedtalent.com","2025-07-16",NULL
"6194","new","Tim & Eric","","https://www.unitedtalent.com","2025-07-16",NULL
"6195","new","Kyle Dunnigan","","https://www.unitedtalent.com","2025-07-16",NULL
"4846","new","Alice Cooper","","https://www.unitedtalent.com","2025-07-16",NULL
"6196","new","Leslie Jones","","https://www.unitedtalent.com","2025-07-16",NULL
"6197","new","Jimmy Tatro","","https://www.unitedtalent.com","2025-07-16",NULL
"6198","new","Derrick Stroup","","https://www.unitedtalent.com","2025-07-16",NULL
"6199","new","Rosebud Baker","","https://www.unitedtalent.com","2025-07-16",NULL
"6200","new","Leanne Morgan","","https://www.unitedtalent.com","2025-07-16",NULL
"6201","new","George Lopez","","https://www.unitedtalent.com","2025-07-16",NULL
"5822","new","Moses Sumney","","https://www.unitedtalent.com","2025-07-16",NULL
"6202","new","Chike Robinson","","https://www.unitedtalent.com","2025-07-16",NULL
"6203","new","H. Jon Benjamin","","https://www.unitedtalent.com","2025-07-16",NULL
"3016","new","All Saints","","https://www.teamwass.com","2025-07-16",NULL
"3017","new","Brian Culbertson","","https://www.teamwass.com","2025-07-16",NULL
"8865","new","Matt Corby","","https://www.highroadtouring.com","2025-07-16",NULL
"5455","new","NTO","","https://www.unitedtalent.com","2025-07-16",NULL
"3014","new","Leftover Salmon","","https://www.teamwass.com","2025-07-16",NULL
"3009","new","Rise Against","","https://www.teamwass.com","2025-07-16",NULL
"3008","new","BIIANCO","","https://www.teamwass.com","2025-07-16",NULL
"3015","new","anamē","","https://www.teamwass.com","2025-07-16",NULL
"3013","new","Provoker","","https://www.teamwass.com","2025-07-16",NULL
"3010","new","Jammy Buffet","","https://www.teamwass.com","2025-07-16",NULL
"3011","new","STVSH","","https://www.teamwass.com","2025-07-16",NULL
"3012","new","Dr Dubplate / ec2a","","https://www.teamwass.com","2025-07-16",NULL
"1433","new","Plain White T's","","https://www.teamwass.com","2025-07-16",NULL
"6204","new","Shane Todd","","https://www.unitedtalent.com","2025-07-16",NULL
"6205","new","Bobby Bones","","https://www.unitedtalent.com","2025-07-16",NULL
"6206","new","Ali Woods","","https://www.unitedtalent.com","2025-07-16",NULL
"6207","new","Gary Janetti","","https://www.unitedtalent.com","2025-07-16",NULL
"6208","new","The Lonely Island","","https://www.unitedtalent.com","2025-07-16",NULL
"5077","new","Sidewalks and Skeletons","","https://www.unitedtalent.com","2025-07-16",NULL
"6209","new","Steven Wright","","https://www.unitedtalent.com","2025-07-16",NULL
"6210","new","John Early","","https://www.unitedtalent.com","2025-07-16",NULL
"6211","new","Brian Posehn","","https://www.unitedtalent.com","2025-07-16",NULL
"6212","new","Chris Estrada","","https://www.unitedtalent.com","2025-07-16",NULL
"6213","new","Hassan Phills","","https://www.unitedtalent.com","2025-07-16",NULL
"6214","new","Justin Willman","","https://www.unitedtalent.com","2025-07-16",NULL
"6215","new","John Crist","","https://www.unitedtalent.com","2025-07-16",NULL
"6216","new","Maddie Wiener","","https://www.unitedtalent.com","2025-07-16",NULL
"6217","new","Sal Vulcano","","https://www.unitedtalent.com","2025-07-16",NULL
"6218","new","Patti Harrison","","https://www.unitedtalent.com","2025-07-16",NULL
"6219","new","Billy Gardell","","https://www.unitedtalent.com","2025-07-16",NULL
"6220","new","Moss Perricone","","https://www.unitedtalent.com","2025-07-16",NULL
"6221","new","Foil Arms & Hog","","https://www.unitedtalent.com","2025-07-16",NULL
"5750","new","Anna Shoemaker","","https://www.unitedtalent.com","2025-07-16",NULL
"6222","new","Nikki Glaser","","https://www.unitedtalent.com","2025-07-16",NULL
"6223","new","Chris Turner","","https://www.unitedtalent.com","2025-07-16",NULL
"4920","new","Hank Azaria and the EZ Street Band – A Springsteen Celebration","","https://www.unitedtalent.com","2025-07-16",NULL
"6224","new","Demetri Martin","","https://www.unitedtalent.com","2025-07-16",NULL
"6005","new","Summer Walker","","https://www.unitedtalent.com","2025-07-16",NULL
"5523","new","Killswitch Engage","","https://www.unitedtalent.com","2025-07-16",NULL
"6225","new","Fahim Anwar","","https://www.unitedtalent.com","2025-07-16",NULL
"6226","new","Kev Herrera","","https://www.unitedtalent.com","2025-07-16",NULL
"6227","new","Kristen Schaal","","https://www.unitedtalent.com","2025-07-16",NULL
"6228","new","Taylor Tomlinson","","https://www.unitedtalent.com","2025-07-16",NULL
"6229","new","Neil Hamburger","","https://www.unitedtalent.com","2025-07-16",NULL
"6230","new","Yassir Lester","","https://www.unitedtalent.com","2025-07-16",NULL
"6231","new","Tiffany Haddish","","https://www.unitedtalent.com","2025-07-16",NULL
"5168","new","Continental GT","","https://www.unitedtalent.com","2025-07-16",NULL
"4617","new","Sinead O'Brien","","https://www.unitedtalent.com","2025-07-16",NULL
"6232","new","This Might Get Weird","","https://www.unitedtalent.com","2025-07-16",NULL
"6233","new","Tom Papa","","https://www.unitedtalent.com","2025-07-16",NULL
"6234","new","Greta Titelman","","https://www.unitedtalent.com","2025-07-16",NULL
"5210","new","Isabella Rossellini","","https://www.unitedtalent.com","2025-07-16",NULL
"6235","new","Michael Rowland","","https://www.unitedtalent.com","2025-07-16",NULL
"5466","new","Jamie MacDonald","","https://www.unitedtalent.com","2025-07-16",NULL
"6236","new","Sebastian Maniscalco","","https://www.unitedtalent.com","2025-07-16",NULL
"6237","new","Matt Rogers","","https://www.unitedtalent.com","2025-07-16",NULL
"6238","new","Alok","","https://www.unitedtalent.com","2025-07-16",NULL
"4997","new","Sultan + Shepard","","https://www.unitedtalent.com","2025-07-16",NULL
"4698","new","Disfreq","","https://www.unitedtalent.com","2025-07-16",NULL
"6239","new","EJ Marcus","","https://www.unitedtalent.com","2025-07-16",NULL
"6240","new","Nick Offerman","","https://www.unitedtalent.com","2025-07-16",NULL
"6241","new","Liam Cullagh","","https://www.unitedtalent.com","2025-07-16",NULL
"5353","new","Willow Kayne","","https://www.unitedtalent.com","2025-07-16",NULL
"6242","new","Yohay Sponder","","https://www.unitedtalent.com","2025-07-16",NULL
"6243","new","Mike Rice","","https://www.unitedtalent.com","2025-07-16",NULL
"6244","new","Druski","","https://www.unitedtalent.com","2025-07-16",NULL
"6245","new","Whindersson Nunes","","https://www.unitedtalent.com","2025-07-16",NULL
"6246","new","My Favorite Murder","","https://www.unitedtalent.com","2025-07-16",NULL
"6247","new","Lazy Susan","","https://www.unitedtalent.com","2025-07-16",NULL
"6248","new","Comedy Bang! Bang!","","https://www.unitedtalent.com","2025-07-16",NULL
"6249","new","Lil Duval","","https://www.unitedtalent.com","2025-07-16",NULL
"6250","new","Bo Burnham","","https://www.unitedtalent.com","2025-07-16",NULL
"4535","new","Avery Wilson","","https://www.unitedtalent.com","2025-07-16",NULL
"6251","new","Phoebe Robinson","","https://www.unitedtalent.com","2025-07-16",NULL
"6252","new","Frankie Quiñones","","https://www.unitedtalent.com","2025-07-16",NULL
"6253","new","Charlie Berens","","https://www.unitedtalent.com","2025-07-16",NULL
"6254","new","Kyle Mooney","","https://www.unitedtalent.com","2025-07-16",NULL
"4453","new","Christone ""Kingfish"" Ingram","","https://www.unitedtalent.com","2025-07-16",NULL
"5388","new","Finbar Furey","","https://www.unitedtalent.com","2025-07-16",NULL
"6255","new","Broad City","","https://www.unitedtalent.com","2025-07-16",NULL
"8866","new","Bob Schneider","","https://www.highroadtouring.com","2025-07-16",NULL
"6256","new","Vittorio Angelone","","https://www.unitedtalent.com","2025-07-16",NULL
"6257","new","Robby Hoffman","","https://www.unitedtalent.com","2025-07-16",NULL
"6258","new","Flight Of The Conchords","","https://www.unitedtalent.com","2025-07-16",NULL
"6259","new","Dennis Miller","","https://www.unitedtalent.com","2025-07-16",NULL
"6260","new","Matt Rife","","https://www.unitedtalent.com","2025-07-16",NULL
"6261","new","Axel Blake","","https://www.unitedtalent.com","2025-07-16",NULL
"6262","new","Harry Settel","","https://www.unitedtalent.com","2025-07-16",NULL
"5909","new","Sammy Virji","","https://www.unitedtalent.com","2025-07-16",NULL
"6263","new","Killers of Kill Tony","","https://www.unitedtalent.com","2025-07-16",NULL
"6264","new","Nate Bargatze","","https://www.unitedtalent.com","2025-07-16",NULL
"6265","new","James Murray","","https://www.unitedtalent.com","2025-07-16",NULL
"6266","new","Modi","","https://www.unitedtalent.com","2025-07-16",NULL
"5685","new","Sleeping With Sirens","","https://www.unitedtalent.com","2025-07-16",NULL
"6267","new","Awkwafina","","https://www.unitedtalent.com","2025-07-16",NULL
"4840","new","REO Speedwagon","","https://www.unitedtalent.com","2025-07-16",NULL
"6268","new","Rob Kazi","","https://www.unitedtalent.com","2025-07-16",NULL
"6033","new","Joey Dosik","","https://www.unitedtalent.com","2025-07-16",NULL
"6269","new","Henry Cho","","https://www.unitedtalent.com","2025-07-16",NULL
"5717","new","Black Pistol Fire","","https://www.unitedtalent.com","2025-07-16",NULL
"6270","new","Tony Hinchcliffe","","https://www.unitedtalent.com","2025-07-16",NULL
"6271","new","Ana Fabrega","","https://www.unitedtalent.com","2025-07-16",NULL
"5856","new","Claire Richards","","https://www.unitedtalent.com","2025-07-16",NULL
"6272","new","Lewis Black","","https://www.unitedtalent.com","2025-07-16",NULL
"6273","new","Katya Zamolodchikova","","https://www.unitedtalent.com","2025-07-16",NULL
"5038","new","Thomas Edwards","","https://www.unitedtalent.com","2025-07-16",NULL
"6274","new","Grace O'Malley","","https://www.unitedtalent.com","2025-07-16",NULL
"6275","new","Malik Elassal","","https://www.unitedtalent.com","2025-07-16",NULL
"6276","new","Emil Wakim","","https://www.unitedtalent.com","2025-07-16",NULL
"6277","new","Bert Kreischer","","https://www.unitedtalent.com","2025-07-16",NULL
"5987","new","Bird and Byron","","https://www.unitedtalent.com","2025-07-16",NULL
"6278","new","Connor Wood","","https://www.unitedtalent.com","2025-07-16",NULL
"6279","new","Hannah Gadsby","","https://www.unitedtalent.com","2025-07-16",NULL
"6280","new","Joe Gatto","","https://www.unitedtalent.com","2025-07-16",NULL
"6281","new","Rachel Kaly","","https://www.unitedtalent.com","2025-07-16",NULL
"6282","new","Chris Hardwick","","https://www.unitedtalent.com","2025-07-16",NULL
"6283","new","Mark Normand","","https://www.unitedtalent.com","2025-07-16",NULL
"6284","new","Larry The Cable Guy","","https://www.unitedtalent.com","2025-07-16",NULL
"6285","new","Ryan Hamilton","","https://www.unitedtalent.com","2025-07-16",NULL
"6286","new","Rickey Smiley","","https://www.unitedtalent.com","2025-07-16",NULL
"6287","new","Dan Soder","","https://www.unitedtalent.com","2025-07-16",NULL
"6288","new","Bill O'Neill","","https://www.unitedtalent.com","2025-07-16",NULL
"6289","new","Ivy Wolk","","https://www.unitedtalent.com","2025-07-16",NULL
"6290","new","Impractical Jokers","","https://www.unitedtalent.com","2025-07-16",NULL
"6291","new","Naomi Watanabe","","https://www.unitedtalent.com","2025-07-16",NULL
"6292","new","Jermaine Fowler","","https://www.unitedtalent.com","2025-07-16",NULL
"6293","new","Stavros Halkias","","https://www.unitedtalent.com","2025-07-16",NULL
"6294","new","Marc Maron","","https://www.unitedtalent.com","2025-07-16",NULL
"6295","new","Grace Kuhlenschmidt","","https://www.unitedtalent.com","2025-07-16",NULL
"6296","new","Tommy Brennan","","https://www.unitedtalent.com","2025-07-16",NULL
"6297","new","Paul Reiser","","https://www.unitedtalent.com","2025-07-16",NULL
"6298","new","David Cross","","https://www.unitedtalent.com","2025-07-16",NULL
"6299","new","Abi Clarke","","https://www.unitedtalent.com","2025-07-16",NULL
"6300","new","Veronika Slowikowska","","https://www.unitedtalent.com","2025-07-16",NULL
"6301","new","Isiah Kelly","","https://www.unitedtalent.com","2025-07-16",NULL
"6302","new","Jessie 'Jetski' Johnson","","https://www.unitedtalent.com","2025-07-16",NULL
"6303","new","Samantha Bee","","https://www.unitedtalent.com","2025-07-16",NULL
"4540","new","Wax Motif","","https://www.unitedtalent.com","2025-07-16",NULL
"6304","new","Ali Macofsky","","https://www.unitedtalent.com","2025-07-16",NULL
"6305","new","Claudia O'Doherty","","https://www.unitedtalent.com","2025-07-16",NULL
"6306","new","Dusty Slay","","https://www.unitedtalent.com","2025-07-16",NULL
"6307","new","Andrew Santino","","https://www.unitedtalent.com","2025-07-16",NULL
"4942","new","Svdden Death","","https://www.unitedtalent.com","2025-07-16",NULL
"6308","new","Joe Pera","","https://www.unitedtalent.com","2025-07-16",NULL
"6309","new","Sherri Shepherd","","https://www.unitedtalent.com","2025-07-16",NULL
"6310","new","Matteo Lane","","https://www.unitedtalent.com","2025-07-16",NULL
"6311","new","Jen Kirkman","","https://www.unitedtalent.com","2025-07-16",NULL
"6312","new","Kids In The Hall","","https://www.unitedtalent.com","2025-07-16",NULL
"6313","new","Curtis Cook","","https://www.unitedtalent.com","2025-07-16",NULL
"6314","new","Grace Campbell","","https://www.unitedtalent.com","2025-07-16",NULL
"6315","new","Jacob Hawley","","https://www.unitedtalent.com","2025-07-16",NULL
"6316","new","Serena Terry","","https://www.unitedtalent.com","2025-07-16",NULL
"6317","new","Zakir Khan","","https://www.unitedtalent.com","2025-07-16",NULL
"6318","new","Guz Khan","","https://www.unitedtalent.com","2025-07-16",NULL
"6319","new","Russell Peters","","https://www.unitedtalent.com","2025-07-16",NULL
"5200","new","Jimmy Eat World","","https://www.unitedtalent.com","2025-07-16",NULL
"6320","new","Andre Kim","","https://www.unitedtalent.com","2025-07-16",NULL
"6321","new","Nathan Fielder","","https://www.unitedtalent.com","2025-07-16",NULL
"6322","new","Lucas Bros","","https://www.unitedtalent.com","2025-07-16",NULL
"6323","new","The Comedy Get Down","","https://www.unitedtalent.com","2025-07-16",NULL
"5776","new","Jeff Goldblum & the Mildred Snitzer Orchestra","","https://www.unitedtalent.com","2025-07-16",NULL
"5119","new","MALEVOLENCE","","https://www.unitedtalent.com","2025-07-16",NULL
"1234","new","Kerr Mercer","","https://www.teamwass.com","2025-07-16",NULL
"6324","new","Steph Tolev","","https://www.unitedtalent.com","2025-07-16",NULL
"6325","new","Bruce Bruce","","https://www.unitedtalent.com","2025-07-16",NULL
"6326","new","Nico Carney","","https://www.unitedtalent.com","2025-07-16",NULL
"4837","new","Lous and The Yakuza","","https://www.unitedtalent.com","2025-07-16",NULL
"6327","new","Ali Wong","","https://www.unitedtalent.com","2025-07-16",NULL
"6328","new","Casey Rocket","","https://www.unitedtalent.com","2025-07-16",NULL
"4614","new","The Ghost Inside","","https://www.unitedtalent.com","2025-07-16",NULL
"6329","new","Deborah Frances White","","https://www.unitedtalent.com","2025-07-16",NULL
"6330","new","Brendan Sagalow","","https://www.unitedtalent.com","2025-07-16",NULL
"6331","new","DL Hughley","","https://www.unitedtalent.com","2025-07-16",NULL
"5539","new","Balu Brigada","","https://www.unitedtalent.com","2025-07-16",NULL
"5438","new","Last Hounds","","https://www.unitedtalent.com","2025-07-16",NULL
"4680","new","The Blood Brothers","","https://www.unitedtalent.com","2025-07-16",NULL
"6332","new","Adam Ray","","https://www.unitedtalent.com","2025-07-16",NULL
"6333","new","Jordan Mendoza","","https://www.unitedtalent.com","2025-07-16",NULL
"6334","new","Jeff Foxworthy","","https://www.unitedtalent.com","2025-07-16",NULL
"6335","new","Kathleen Madigan","","https://www.unitedtalent.com","2025-07-16",NULL
"6336","new","Francis Ellis","","https://www.unitedtalent.com","2025-07-16",NULL
"6052","new","Mild Orange","","https://www.unitedtalent.com","2025-07-16",NULL
"5352","new","Princess Nokia","","https://www.unitedtalent.com","2025-07-16",NULL
"6337","new","Desi Banks","","https://www.unitedtalent.com","2025-07-16",NULL
"6338","new","Pat McGann","","https://www.unitedtalent.com","2025-07-16",NULL
"6339","new","Mike Goodwin","","https://www.unitedtalent.com","2025-07-16",NULL
"6340","new","Leslie Liao","","https://www.unitedtalent.com","2025-07-16",NULL
"5650","new","Conor Albert","","https://www.unitedtalent.com","2025-07-16",NULL
"6341","new","Ian Bagg","","https://www.unitedtalent.com","2025-07-16",NULL
"6342","new","Richard Gadd","","https://www.unitedtalent.com","2025-07-16",NULL
"5389","new","Flaurese","","https://www.unitedtalent.com","2025-07-16",NULL
"6343","new","Randy Feltface","","https://www.unitedtalent.com","2025-07-16",NULL
"6344","new","Nick Thune","","https://www.unitedtalent.com","2025-07-16",NULL
"6345","new","Ralph Barbosa","","https://www.unitedtalent.com","2025-07-16",NULL
"6346","new","Amos Gill","","https://www.unitedtalent.com","2025-07-16",NULL
"6347","new","Bored Teachers","","https://www.unitedtalent.com","2025-07-16",NULL
"6348","new","Rory Scovel","","https://www.unitedtalent.com","2025-07-16",NULL
"6349","new","Ceara O’Sullivan","","https://www.unitedtalent.com","2025-07-16",NULL
"6350","new","Julio Torres","","https://www.unitedtalent.com","2025-07-16",NULL
"6351","new","Lara Ricote","","https://www.unitedtalent.com","2025-07-16",NULL
"6352","new","Sarah Silverman","","https://www.unitedtalent.com","2025-07-16",NULL
"6353","new","Guilty Feminist","","https://www.unitedtalent.com","2025-07-16",NULL
"6354","new","Tig Notaro","","https://www.unitedtalent.com","2025-07-16",NULL
"6355","new","Jim Jefferies","","https://www.unitedtalent.com","2025-07-16",NULL
"6356","new","Cody Ko","","https://www.unitedtalent.com","2025-07-16",NULL
"6357","new","Billy Eichner","","https://www.unitedtalent.com","2025-07-16",NULL
"6358","new","Bowen Yang","","https://www.unitedtalent.com","2025-07-16",NULL
"6359","new","Red Richardson","","https://www.unitedtalent.com","2025-07-16",NULL
"6360","new","Shane Torres","","https://www.unitedtalent.com","2025-07-16",NULL
"6361","new","Roisin Conaty","","https://www.unitedtalent.com","2025-07-16",NULL
"4858","new","The Drums","","https://www.unitedtalent.com","2025-07-16",NULL
"6362","new","Sheng Wang","","https://www.unitedtalent.com","2025-07-16",NULL
"6363","new","Jared Goldstein","","https://www.unitedtalent.com","2025-07-16",NULL
"4488","new","Sam MacPherson","","https://www.unitedtalent.com","2025-07-16",NULL
"6364","new","Opey Olagbaju","","https://www.unitedtalent.com","2025-07-16",NULL
"6365","new","Celeste Barber","","https://www.unitedtalent.com","2025-07-16",NULL
"6366","new","Aaron Chen","","https://www.unitedtalent.com","2025-07-16",NULL
"6367","new","Bob The Drag Queen","","https://www.unitedtalent.com","2025-07-16",NULL
"6368","new","Aldo Campana","","https://www.unitedtalent.com","2025-07-16",NULL
"6369","new","Enissa Amani","","https://www.unitedtalent.com","2025-07-16",NULL
"6370","new","Daniel Howell","","https://www.unitedtalent.com","2025-07-16",NULL
"6371","new","Aidan McCluskey","","https://www.unitedtalent.com","2025-07-16",NULL
"6372","new","Fortune Feimster","","https://www.unitedtalent.com","2025-07-16",NULL
"6373","new","Kanan Gill","","https://www.unitedtalent.com","2025-07-16",NULL
"6374","new","Kate Berlant","","https://www.unitedtalent.com","2025-07-16",NULL
"4547","new","Clara La San","","https://www.unitedtalent.com","2025-07-16",NULL
"6375","new","Ellie Taylor","","https://www.unitedtalent.com","2025-07-16",NULL
"5042","new","Henry Jamison","","https://www.unitedtalent.com","2025-07-16",NULL
"6376","new","Rahul Subramanian","","https://www.unitedtalent.com","2025-07-16",NULL
"6377","new","Small Town Murder","","https://www.unitedtalent.com","2025-07-16",NULL
"6378","new","Loni Love","","https://www.unitedtalent.com","2025-07-16",NULL
"6379","new","Jonathan Van Ness","","https://www.unitedtalent.com","2025-07-16",NULL
"6380","new","Kenny Sebastian","","https://www.unitedtalent.com","2025-07-16",NULL
"6381","new","Las Culturistas","","https://www.unitedtalent.com","2025-07-16",NULL
"6382","new","Mary Beth Barone","","https://www.unitedtalent.com","2025-07-16",NULL
"6383","new","Bretman Rock","","https://www.unitedtalent.com","2025-07-16",NULL
"6384","new","Hannah Einbinder","","https://www.unitedtalent.com","2025-07-16",NULL
"6385","new","Karlous Miller","","https://www.unitedtalent.com","2025-07-16",NULL
"6386","new","Caleb Elliott","","https://www.unitedtalent.com","2025-07-16",NULL
"5966","new","Charlotte Haining","","https://www.unitedtalent.com","2025-07-16",NULL
"6387","new","Felipe Esparza","","https://www.unitedtalent.com","2025-07-16",NULL
"5767","new","Hello Yello","","https://www.unitedtalent.com","2025-07-16",NULL
"5004","new","Charlotte Cardin","","https://www.unitedtalent.com","2025-07-16",NULL
"6388","new","Carlos Ballarta","","https://www.unitedtalent.com","2025-07-16",NULL
"6389","new","Kyle Kinane","","https://www.unitedtalent.com","2025-07-16",NULL
"5557","new","Moby (DJ Set)","","https://www.unitedtalent.com","2025-07-16",NULL
"4670","new","GASHI","","https://www.unitedtalent.com","2025-07-16",NULL
"6390","new","Michael Rapaport","","https://www.unitedtalent.com","2025-07-16",NULL
"6391","new","Jamali Maddix","","https://www.unitedtalent.com","2025-07-16",NULL
"6392","new","Mo Welch","","https://www.unitedtalent.com","2025-07-16",NULL
"6393","new","Brittany Broski","","https://www.unitedtalent.com","2025-07-16",NULL
"6394","new","Rob Riggle","","https://www.unitedtalent.com","2025-07-16",NULL
"5114","new","The Australian Pink Floyd Show","","https://www.unitedtalent.com","2025-07-16",NULL
"4701","new","Haven Madison","","https://www.unitedtalent.com","2025-07-16",NULL
"6623","new","Jason Isbell","","https://music.wmeagency.com","2025-07-16",NULL
"6624","new","White Denim","","https://music.wmeagency.com","2025-07-16",NULL
"6625","new","Peter One","","https://music.wmeagency.com","2025-07-16",NULL
"6626","new","Mako","","https://music.wmeagency.com","2025-07-16",NULL
"6627","new","ARTBAT","","https://music.wmeagency.com","2025-07-16",NULL
"6628","new","The Oak Ridge Boys","","https://music.wmeagency.com","2025-07-16",NULL
"6395","new","Rex Orange County","","https://music.wmeagency.com","2025-07-16",NULL
"6396","new","Jazmin Bean","","https://music.wmeagency.com","2025-07-16",NULL
"6397","new","Brooks & Dunn","","https://music.wmeagency.com","2025-07-16",NULL
"6398","new","Michael Kosta","","https://music.wmeagency.com","2025-07-16",NULL
"6399","new","Blaqk Audio","","https://music.wmeagency.com","2025-07-16",NULL
"6400","new","Levi Turner","","https://music.wmeagency.com","2025-07-16",NULL
"6401","new","Kumail Nanjiani","","https://music.wmeagency.com","2025-07-16",NULL
"6402","new","Joesef","","https://music.wmeagency.com","2025-07-16",NULL
"8867","new","Doyle Bramhall II","","https://www.highroadtouring.com","2025-07-16",NULL
"6403","new","Ashnikko","","https://music.wmeagency.com","2025-07-16",NULL
"6404","new","Trippie Redd","","https://music.wmeagency.com","2025-07-16",NULL
"6405","new","Shenseea","","https://music.wmeagency.com","2025-07-16",NULL
"6406","new","Eric Prydz","","https://music.wmeagency.com","2025-07-16",NULL
"6407","new","Damian ""Jr. Gong"" Marley","","https://music.wmeagency.com","2025-07-16",NULL
"6408","new","HotWax","","https://music.wmeagency.com","2025-07-16",NULL
"6409","new","Allen Stone","","https://music.wmeagency.com","2025-07-16",NULL
"6410","new","Milo Spykers","","https://music.wmeagency.com","2025-07-16",NULL
"6411","new","Freestyle Love Supreme","","https://music.wmeagency.com","2025-07-16",NULL
"6412","new","Royel Otis","","https://music.wmeagency.com","2025-07-16",NULL
"6413","new","Tom Tom Club","","https://music.wmeagency.com","2025-07-16",NULL
"6414","new","Tobe Nwigwe","","https://music.wmeagency.com","2025-07-16",NULL
"6415","new","Massano","","https://music.wmeagency.com","2025-07-16",NULL
"6416","new","daydreamers","","https://music.wmeagency.com","2025-07-16",NULL
"6417","new","Garrick Bernard","","https://music.wmeagency.com","2025-07-16",NULL
"6418","new","Glom","","https://music.wmeagency.com","2025-07-16",NULL
"6419","new","Jack Penate","","https://music.wmeagency.com","2025-07-16",NULL
"6420","new","Cardinals","","https://music.wmeagency.com","2025-07-16",NULL
"6421","new","Peter Frampton","","https://music.wmeagency.com","2025-07-16",NULL
"6422","new","Tasha Cobbs Leonard","","https://music.wmeagency.com","2025-07-16",NULL
"6423","new","Justin Moore","","https://music.wmeagency.com","2025-07-16",NULL
"6424","new","Not Another D&D Podcast","","https://music.wmeagency.com","2025-07-16",NULL
"3679","new","Angie K","","https://www.teamwass.com","2025-07-16",NULL
"6425","new","Christian McCartney","","https://music.wmeagency.com","2025-07-16",NULL
"6426","new","The Band of Heathens","","https://music.wmeagency.com","2025-07-16",NULL
"6427","new","Che Durena","","https://music.wmeagency.com","2025-07-16",NULL
"6428","new","Greylan James","","https://music.wmeagency.com","2025-07-16",NULL
"6429","new","Beastie Boys","","https://music.wmeagency.com","2025-07-16",NULL
"6430","new","Rascal Flatts","","https://music.wmeagency.com","2025-07-16",NULL
"6431","new","Ruel","","https://music.wmeagency.com","2025-07-16",NULL
"6432","new","Nafe Smallz","","https://music.wmeagency.com","2025-07-16",NULL
"6433","new","Jamie Lee","","https://music.wmeagency.com","2025-07-16",NULL
"6434","new","Sabrina Jalees","","https://music.wmeagency.com","2025-07-16",NULL
"6435","new","Hari Kondabolu","","https://music.wmeagency.com","2025-07-16",NULL
"6436","new","William Beckmann","","https://music.wmeagency.com","2025-07-16",NULL
"6437","new","Linka Moja","","https://music.wmeagency.com","2025-07-16",NULL
"6438","new","Ziwe","","https://music.wmeagency.com","2025-07-16",NULL
"6439","new","Cornetto","","https://music.wmeagency.com","2025-07-16",NULL
"6440","new","TOBi","","https://music.wmeagency.com","2025-07-16",NULL
"6441","new","Isabel Abbott","","https://music.wmeagency.com","2025-07-16",NULL
"6442","new","Jockstrap","","https://music.wmeagency.com","2025-07-16",NULL
"6443","new","Party Shirt","","https://music.wmeagency.com","2025-07-16",NULL
"6444","new","Chelsea Peretti","","https://music.wmeagency.com","2025-07-16",NULL
"6445","new","Bell Biv DeVoe","","https://music.wmeagency.com","2025-07-16",NULL
"6446","new","Pod Save America","","https://music.wmeagency.com","2025-07-16",NULL
"6447","new","Alex English","","https://music.wmeagency.com","2025-07-16",NULL
"6448","new","Arath Herce","","https://music.wmeagency.com","2025-07-16",NULL
"6449","new","Hasan Minhaj","","https://music.wmeagency.com","2025-07-16",NULL
"6450","new","Don Woezik","","https://music.wmeagency.com","2025-07-16",NULL
"6451","new","Sad Night Dynamite","","https://music.wmeagency.com","2025-07-16",NULL
"6452","new","N.E.R.D","","https://music.wmeagency.com","2025-07-16",NULL
"6453","new","Wanda Sykes","","https://music.wmeagency.com","2025-07-16",NULL
"6454","new","Claptone","","https://music.wmeagency.com","2025-07-16",NULL
"6455","new","So Good","","https://music.wmeagency.com","2025-07-16",NULL
"6456","new","Jean Dawson","","https://music.wmeagency.com","2025-07-16",NULL
"6457","new","Streeter Seidell","","https://music.wmeagency.com","2025-07-16",NULL
"6458","new","Shooter Jennings","","https://music.wmeagency.com","2025-07-16",NULL
"6459","new","Self Esteem","","https://music.wmeagency.com","2025-07-16",NULL
"8868","new","The Barr Brothers","","https://www.highroadtouring.com","2025-07-16",NULL
"5827","new","Peekaboo","","https://www.unitedtalent.com","2025-07-16",NULL
"6460","new","Meg Mac","","https://music.wmeagency.com","2025-07-16",NULL
"6461","new","Rilo Kiley","","https://music.wmeagency.com","2025-07-16",NULL
"6462","new","Rachel Brathen","","https://music.wmeagency.com","2025-07-16",NULL
"6463","new","Brian Setzer Orchestra","","https://music.wmeagency.com","2025-07-16",NULL
"6464","new","Vannessa Jackson","","https://music.wmeagency.com","2025-07-16",NULL
"6465","new","Charles Wesley Godwin","","https://music.wmeagency.com","2025-07-16",NULL
"6466","new","Mack Keane","","https://music.wmeagency.com","2025-07-16",NULL
"6467","new","Griff","","https://music.wmeagency.com","2025-07-16",NULL
"6468","new","Alex Jean","","https://music.wmeagency.com","2025-07-16",NULL
"6469","new","Peach PRC","","https://music.wmeagency.com","2025-07-16",NULL
"6470","new","Slim","","https://music.wmeagency.com","2025-07-16",NULL
"6471","new","Whoopi Goldberg","","https://music.wmeagency.com","2025-07-16",NULL
"6472","new","JARV IS?","","https://music.wmeagency.com","2025-07-16",NULL
"6473","new","Reignwolf","","https://music.wmeagency.com","2025-07-16",NULL
"6474","new","Brutus","","https://music.wmeagency.com","2025-07-16",NULL
"6475","new","Tenille Townes","","https://music.wmeagency.com","2025-07-16",NULL
"6476","new","Ivan Cornejo","","https://music.wmeagency.com","2025-07-16",NULL
"6477","new","Carly Rae Jepsen","","https://music.wmeagency.com","2025-07-16",NULL
"6478","new","VEEZE","","https://music.wmeagency.com","2025-07-16",NULL
"6479","new","Alicia Creti","","https://music.wmeagency.com","2025-07-16",NULL
"6480","new","Caifanes","","https://music.wmeagency.com","2025-07-16",NULL
"6481","new","Matt Schuster","","https://music.wmeagency.com","2025-07-16",NULL
"6482","new","Savages","","https://music.wmeagency.com","2025-07-16",NULL
"6483","new","American Aquarium","","https://music.wmeagency.com","2025-07-16",NULL
"6484","new","Death Grips","","https://music.wmeagency.com","2025-07-16",NULL
"6485","new","OGUZ","","https://music.wmeagency.com","2025-07-16",NULL
"6486","new","Quicksand","","https://music.wmeagency.com","2025-07-16",NULL
"6487","new","Liv.e","","https://music.wmeagency.com","2025-07-16",NULL
"6488","new","John Cena","","https://music.wmeagency.com","2025-07-16",NULL
"6489","new","Pete Davidson","","https://music.wmeagency.com","2025-07-16",NULL
"6490","new","Argy","","https://music.wmeagency.com","2025-07-16",NULL
"6491","new","Gilla Band","","https://music.wmeagency.com","2025-07-16",NULL
"6492","new","Shakira","","https://music.wmeagency.com","2025-07-16",NULL
"6493","new","Dasha","","https://music.wmeagency.com","2025-07-16",NULL
"6494","new","JoJo","","https://music.wmeagency.com","2025-07-16",NULL
"6495","new","Dam Funk","","https://music.wmeagency.com","2025-07-16",NULL
"6496","new","Giovannie & The Hired Guns","","https://music.wmeagency.com","2025-07-16",NULL
"6497","new","Thirsty Merc","","https://music.wmeagency.com","2025-07-16",NULL
"6498","new","Baynk","","https://music.wmeagency.com","2025-07-16",NULL
"6499","new","Juno Birch","","https://music.wmeagency.com","2025-07-16",NULL
"6500","new","Babyface","","https://music.wmeagency.com","2025-07-16",NULL
"6501","new","Kameron Marlowe","","https://music.wmeagency.com","2025-07-16",NULL
"6502","new","Steve Aoki","","https://music.wmeagency.com","2025-07-16",NULL
"6503","new","Scott Seiss","","https://music.wmeagency.com","2025-07-16",NULL
"6504","new","Adam Ten","","https://music.wmeagency.com","2025-07-16",NULL
"6505","new","Ellie Kemper","","https://music.wmeagency.com","2025-07-16",NULL
"6506","new","Dhani Harrison","","https://music.wmeagency.com","2025-07-16",NULL
"6507","new","Tamzene","","https://music.wmeagency.com","2025-07-16",NULL
"6508","new","Jordan Adetunji","","https://music.wmeagency.com","2025-07-16",NULL
"6509","new","The Mountain Goats","","https://music.wmeagency.com","2025-07-16",NULL
"6510","new","Victoria Monet","","https://music.wmeagency.com","2025-07-16",NULL
"6511","new","Walker Hayes","","https://music.wmeagency.com","2025-07-16",NULL
"6512","new","Body Count ft Ice T","","https://music.wmeagency.com","2025-07-16",NULL
"6513","new","Danger Mouse","","https://music.wmeagency.com","2025-07-16",NULL
"6514","new","Spencer Crandall","","https://music.wmeagency.com","2025-07-16",NULL
"6515","new","Groove Armada","","https://music.wmeagency.com","2025-07-16",NULL
"6516","new","Em Beihold","","https://music.wmeagency.com","2025-07-16",NULL
"6517","new","Brantley Gilbert","","https://music.wmeagency.com","2025-07-16",NULL
"6518","new","2Rare","","https://music.wmeagency.com","2025-07-16",NULL
"6519","new","Cody Jinks","","https://music.wmeagency.com","2025-07-16",NULL
"6520","new","Ryan Hurd","","https://music.wmeagency.com","2025-07-16",NULL
"6521","new","Luke Bower","","https://music.wmeagency.com","2025-07-16",NULL
"6522","new","Justin Jesso","","https://music.wmeagency.com","2025-07-16",NULL
"6523","new","Rival Schools","","https://music.wmeagency.com","2025-07-16",NULL
"6524","new","Shane Smith & The Saints","","https://music.wmeagency.com","2025-07-16",NULL
"6525","new","Mandy Moore","","https://music.wmeagency.com","2025-07-16",NULL
"6526","new","BELLE MT","","https://music.wmeagency.com","2025-07-16",NULL
"6527","new","Conner Smith","","https://music.wmeagency.com","2025-07-16",NULL
"6528","new","Layla Benitez","","https://music.wmeagency.com","2025-07-16",NULL
"6529","new","Vincent Mason","","https://music.wmeagency.com","2025-07-16",NULL
"6530","new","Farruko","","https://music.wmeagency.com","2025-07-16",NULL
"6531","new","Are You Garbage?","","https://music.wmeagency.com","2025-07-16",NULL
"6532","new","Catie Offerman","","https://music.wmeagency.com","2025-07-16",NULL
"6533","new","Scars on Broadway","","https://music.wmeagency.com","2025-07-16",NULL
"6534","new","Stiff Little Fingers","","https://music.wmeagency.com","2025-07-16",NULL
"6535","new","Amelie Lens","","https://music.wmeagency.com","2025-07-16",NULL
"6536","new","A. Swayze & The Ghosts","","https://music.wmeagency.com","2025-07-16",NULL
"6537","new","Royal Blood","","https://music.wmeagency.com","2025-07-16",NULL
"6538","new","Alvaro Diaz","","https://music.wmeagency.com","2025-07-16",NULL
"6539","new","Parker McCollum","","https://music.wmeagency.com","2025-07-16",NULL
"6540","new","Air","","https://music.wmeagency.com","2025-07-16",NULL
"6541","new","Reyna Tropical","","https://music.wmeagency.com","2025-07-16",NULL
"8869","new","Richard Dawson","","https://www.highroadtouring.com","2025-07-16",NULL
"6542","new","ANFISA LETYAGO","","https://music.wmeagency.com","2025-07-16",NULL
"6543","new","Josh Turner","","https://music.wmeagency.com","2025-07-16",NULL
"6544","new","Benjamin William Hastings","","https://music.wmeagency.com","2025-07-16",NULL
"6545","new","Monochrome","","https://music.wmeagency.com","2025-07-16",NULL
"6546","new","Lou Barlow","","https://music.wmeagency.com","2025-07-16",NULL
"6547","new","City Morgue","","https://music.wmeagency.com","2025-07-16",NULL
"6548","new","Reba McEntire","","https://music.wmeagency.com","2025-07-16",NULL
"6549","new","James","","https://music.wmeagency.com","2025-07-16",NULL
"6550","new","Lainey Wilson","","https://music.wmeagency.com","2025-07-16",NULL
"6551","new","Julia Masli","","https://music.wmeagency.com","2025-07-16",NULL
"6552","new","Laszewo","","https://music.wmeagency.com","2025-07-16",NULL
"6553","new","Lucy Darling","","https://music.wmeagency.com","2025-07-16",NULL
"6554","new","Mike Myers","","https://music.wmeagency.com","2025-07-16",NULL
"6555","new","Linkin Park","","https://music.wmeagency.com","2025-07-16",NULL
"6556","new","Big K.R.I.T.","","https://music.wmeagency.com","2025-07-16",NULL
"6557","new","Sarah Cooper","","https://music.wmeagency.com","2025-07-16",NULL
"6558","new","Last Podcast On The Left","","https://music.wmeagency.com","2025-07-16",NULL
"6559","new","Please Don't Destroy","","https://music.wmeagency.com","2025-07-16",NULL
"6560","new","Refused","","https://music.wmeagency.com","2025-07-16",NULL
"6561","new","Colby Acuff","","https://music.wmeagency.com","2025-07-16",NULL
"6562","new","Daniel Tosh","","https://music.wmeagency.com","2025-07-16",NULL
"3603","new","Skinny Pelembe","","https://www.teamwass.com","2025-07-16",NULL
"3604","new","John R. Miller","","https://www.teamwass.com","2025-07-16",NULL
"2814","new","Rio Romeo","","https://www.teamwass.com","2025-07-16",NULL
"3605","new","Ghostland Observatory","","https://www.teamwass.com","2025-07-16",NULL
"1157","new","John Legend","","https://www.teamwass.com","2025-07-16",NULL
"3606","new","The Mary Wallopers","","https://www.teamwass.com","2025-07-16",NULL
"2991","new","Chase Shakur","","https://www.teamwass.com","2025-07-16",NULL
"3607","new","MEG MYERS","","https://www.teamwass.com","2025-07-16",NULL
"3608","new","This Is Lorelei","","https://www.teamwass.com","2025-07-16",NULL
"2485","new","Above & Beyond","","https://www.teamwass.com","2025-07-16",NULL
"1986","new","Certainly So","","https://www.teamwass.com","2025-07-16",NULL
"3609","new","Aidan Bissett","","https://www.teamwass.com","2025-07-16",NULL
"3610","new","Thievery Corporation","","https://www.teamwass.com","2025-07-16",NULL
"1708","new","City of the Sun","","https://www.teamwass.com","2025-07-16",NULL
"1533","new","Delta Rae","","https://www.teamwass.com","2025-07-16",NULL
"3611","new","Hungry","","https://www.teamwass.com","2025-07-16",NULL
"1841","new","The Holiday in Concert","","https://www.teamwass.com","2025-07-16",NULL
"3612","new","Arthur Hill","","https://www.teamwass.com","2025-07-16",NULL
"3613","new","Paula Tape","","https://www.teamwass.com","2025-07-16",NULL
"3614","new","Wednesday","","https://www.teamwass.com","2025-07-16",NULL
"3615","new","Cassyette","","https://www.teamwass.com","2025-07-16",NULL
"2007","new","Stewart Copeland: Police Deranged","","https://www.teamwass.com","2025-07-16",NULL
"2742","new","Sydney Minsky Sargeant","","https://www.teamwass.com","2025-07-16",NULL
"3616","new","Richy Mitch & The Coal Miners","","https://www.teamwass.com","2025-07-16",NULL
"3617","new","Ape Drums","","https://www.teamwass.com","2025-07-16",NULL
"3618","new","Rushy","","https://www.teamwass.com","2025-07-16",NULL
"3619","new","SAILORR","","https://www.teamwass.com","2025-07-16",NULL
"3620","new","Sara Watkins","","https://www.teamwass.com","2025-07-16",NULL
"3621","new","Vilray","","https://www.teamwass.com","2025-07-16",NULL
"3623","new","Lorde","","https://www.teamwass.com","2025-07-16",NULL
"2624","new","Superheaven","","https://www.teamwass.com","2025-07-16",NULL
"3624","new","Bobby McFerrin","","https://www.teamwass.com","2025-07-16",NULL
"3625","new","Clementine Douglas","","https://www.teamwass.com","2025-07-16",NULL
"3626","new","Anthony Parnther","","https://www.teamwass.com","2025-07-16",NULL
"3627","new","Don Toliver","","https://www.teamwass.com","2025-07-16",NULL
"3628","new","Bdrmm","","https://www.teamwass.com","2025-07-16",NULL
"2261","new","Clean Bandit","","https://www.teamwass.com","2025-07-16",NULL
"3629","new","Robert Earl Keen","","https://www.teamwass.com","2025-07-16",NULL
"2120","new","Pendulum (Live)","","https://www.teamwass.com","2025-07-16",NULL
"3630","new","Flatbush Zombies","","https://www.teamwass.com","2025-07-16",NULL
"3631","new","Zinadelphia","","https://www.teamwass.com","2025-07-16",NULL
"3632","new","KING","","https://www.teamwass.com","2025-07-16",NULL
"1458","new","Ice Cube","","https://www.teamwass.com","2025-07-16",NULL
"3633","new","The Infamous Stringdusters","","https://www.teamwass.com","2025-07-16",NULL
"3634","new","White Flowers","","https://www.teamwass.com","2025-07-16",NULL
"3635","new","Villanelle","","https://www.teamwass.com","2025-07-16",NULL
"3636","new","RØZ","","https://www.teamwass.com","2025-07-16",NULL
"3637","new","Elvis Perkins","","https://www.teamwass.com","2025-07-16",NULL
"3638","new","Kassi Ashton","","https://www.teamwass.com","2025-07-16",NULL
"3639","new","Wampi","","https://www.teamwass.com","2025-07-16",NULL
"3640","new","Ben Gibbard","","https://www.teamwass.com","2025-07-16",NULL
"3641","new","Tai Verdes","","https://www.teamwass.com","2025-07-16",NULL
"3642","new","Borderline","","https://www.teamwass.com","2025-07-16",NULL
"3643","new","Cosmic Gate","","https://www.teamwass.com","2025-07-16",NULL
"3644","new","Toni Sancho","","https://www.teamwass.com","2025-07-16",NULL
"3645","new","Kaleena Zanders","","https://www.teamwass.com","2025-07-16",NULL
"3646","new","David Garibaldi","","https://www.teamwass.com","2025-07-16",NULL
"3647","new","Sleep","","https://www.teamwass.com","2025-07-16",NULL
"5894","new","Scary Pockets","","https://www.unitedtalent.com","2025-07-16",NULL
"6013","new","Lit","","https://www.unitedtalent.com","2025-07-16",NULL
"3648","new","Charlie Starr","","https://www.teamwass.com","2025-07-16",NULL
"3649","new","Alissic","","https://www.teamwass.com","2025-07-16",NULL
"1752","new","Rachael Yamagata","","https://www.teamwass.com","2025-07-16",NULL
"3650","new","Frank Iero","","https://www.teamwass.com","2025-07-16",NULL
"3651","new","Holly Herndon","","https://www.teamwass.com","2025-07-16",NULL
"3652","new","Queen Millz","","https://www.teamwass.com","2025-07-16",NULL
"3653","new","Amber Van Day","","https://www.teamwass.com","2025-07-16",NULL
"3655","new","AVA JOE","","https://www.teamwass.com","2025-07-16",NULL
"2874","new","A Little Sound","","https://www.teamwass.com","2025-07-16",NULL
"1466","new","Disney '80s-'90s Celebration - The Concert","","https://www.teamwass.com","2025-07-16",NULL
"3656","new","Whitmer Thomas","","https://www.teamwass.com","2025-07-16",NULL
"3657","new","Eileen Alister","","https://www.teamwass.com","2025-07-16",NULL
"3658","new","Big Boi","","https://www.teamwass.com","2025-07-16",NULL
"3659","new","HEYZ","","https://www.teamwass.com","2025-07-16",NULL
"3660","new","Nia Archives","","https://www.teamwass.com","2025-07-16",NULL
"3661","new","Page McConnell","","https://www.teamwass.com","2025-07-16",NULL
"3662","new","Daily Bread","","https://www.teamwass.com","2025-07-16",NULL
"3663","new","David Keenan","","https://www.teamwass.com","2025-07-16",NULL
"3664","new","Only The Poets","","https://www.teamwass.com","2025-07-16",NULL
"3665","new","Anna Lunoe","","https://www.teamwass.com","2025-07-16",NULL
"3666","new","FARR","","https://www.teamwass.com","2025-07-16",NULL
"8870","new","The Lemon Twigs","","https://www.highroadtouring.com","2025-07-16",NULL
"3667","new","Twin Shadow","","https://www.teamwass.com","2025-07-16",NULL
"3670","new","Cooly G","","https://www.teamwass.com","2025-07-16",NULL
"1381","new","Talia Mar","","https://www.teamwass.com","2025-07-16",NULL
"3671","new","BIG WETT","","https://www.teamwass.com","2025-07-16",NULL
"3672","new","Asal","","https://www.teamwass.com","2025-07-16",NULL
"3673","new","MISSIO","","https://www.teamwass.com","2025-07-16",NULL
"3674","new","PJ Morton","","https://www.teamwass.com","2025-07-16",NULL
"3675","new","Song Exploder","","https://www.teamwass.com","2025-07-16",NULL
"3676","new","Paige Tomlinson","","https://www.teamwass.com","2025-07-16",NULL
"3677","new","Ovy on the Drums","","https://www.teamwass.com","2025-07-16",NULL
"1220","new","The Story So Far","","https://www.teamwass.com","2025-07-16",NULL
"3678","new","Karenn","","https://www.teamwass.com","2025-07-16",NULL
"3680","new","ILE","","https://www.teamwass.com","2025-07-16",NULL
"3681","new","ODESZA","","https://www.teamwass.com","2025-07-16",NULL
"3682","new","Christopher","","https://www.teamwass.com","2025-07-16",NULL
"3683","new","Jade Bird","","https://www.teamwass.com","2025-07-16",NULL
"3684","new","Gigi Perez","","https://www.teamwass.com","2025-07-16",NULL
"3685","new","Lamp","","https://www.teamwass.com","2025-07-16",NULL
"3686","new","DVSN","","https://www.teamwass.com","2025-07-16",NULL
"3687","new","Danny Howard","","https://www.teamwass.com","2025-07-16",NULL
"3688","new","Mr. Carmack","","https://www.teamwass.com","2025-07-16",NULL
"2939","new","Ship Wrek","","https://www.teamwass.com","2025-07-16",NULL
"1054","new","Cafuné","","https://www.teamwass.com","2025-07-16",NULL
"3689","new","not dvr","","https://www.teamwass.com","2025-07-16",NULL
"3690","new","Aya Nakamura","","https://www.teamwass.com","2025-07-16",NULL
"3691","new","Chloe Moriondo","","https://www.teamwass.com","2025-07-16",NULL
"3692","new","Dari Bay","","https://www.teamwass.com","2025-07-16",NULL
"1073","new","Mat Zo","","https://www.teamwass.com","2025-07-16",NULL
"3693","new","Suki Waterhouse","","https://www.teamwass.com","2025-07-16",NULL
"3694","new","MOONLGHT","","https://www.teamwass.com","2025-07-16",NULL
"3695","new","Tyla","","https://www.teamwass.com","2025-07-16",NULL
"3696","new","Mild High Club","","https://www.teamwass.com","2025-07-16",NULL
"3697","new","MARINA","","https://www.teamwass.com","2025-07-16",NULL
"3698","new","Starjunk 95","","https://www.teamwass.com","2025-07-16",NULL
"3699","new","Cub Sport","","https://www.teamwass.com","2025-07-16",NULL
"3700","new","Descendents","","https://www.teamwass.com","2025-07-16",NULL
"3701","new","Tunnel Vision","","https://www.teamwass.com","2025-07-16",NULL
"3702","new","Gentlemens Club","","https://www.teamwass.com","2025-07-16",NULL
"3703","new","Adam Rom","","https://www.teamwass.com","2025-07-16",NULL
"3704","new","Enrico Sangiuliano","","https://www.teamwass.com","2025-07-16",NULL
"3705","new","North Mississippi Allstars","","https://www.teamwass.com","2025-07-16",NULL
"3706","new","Tsunami","","https://www.teamwass.com","2025-07-16",NULL
"3707","new","Fantasia in Concert","","https://www.teamwass.com","2025-07-16",NULL
"3708","new","Waylon Payne","","https://www.teamwass.com","2025-07-16",NULL
"3709","new","Cassian","","https://www.teamwass.com","2025-07-16",NULL
"3710","new","Starcrawler","","https://www.teamwass.com","2025-07-16",NULL
"3711","new","Tyler Childers","","https://www.teamwass.com","2025-07-16",NULL
"3712","new","Star Wars: Return of the Jedi in Concert","","https://www.teamwass.com","2025-07-16",NULL
"3713","new","Jon Lovitz","","https://www.teamwass.com","2025-07-16",NULL
"3714","new","Mountain Man","","https://www.teamwass.com","2025-07-16",NULL
"3715","new","Nathan Sykes","","https://www.teamwass.com","2025-07-16",NULL
"3716","new","LSD","","https://www.teamwass.com","2025-07-16",NULL
"3717","new","Lauren Sanderson","","https://www.teamwass.com","2025-07-16",NULL
"3718","new","Stornoway","","https://www.teamwass.com","2025-07-16",NULL
"2322","new","David Bazan","","https://www.teamwass.com","2025-07-16",NULL
"3719","new","Diarrhea Planet","","https://www.teamwass.com","2025-07-16",NULL
"3720","new","Friction","","https://www.teamwass.com","2025-07-16",NULL
"2238","new","Erlend Øye & La Comitiva","","https://www.teamwass.com","2025-07-16",NULL
"3721","new","corook","","https://www.teamwass.com","2025-07-16",NULL
"3722","new","HMLTD","","https://www.teamwass.com","2025-07-16",NULL
"3723","new","Full Body 2","","https://www.teamwass.com","2025-07-16",NULL
"3724","new","Baby Boys","","https://www.teamwass.com","2025-07-16",NULL
"3725","new","Ben Quad","","https://www.teamwass.com","2025-07-16",NULL
"3727","new","Sarah Jarosz","","https://www.teamwass.com","2025-07-16",NULL
"8871","new","Die Spitz","","https://www.highroadtouring.com","2025-07-16",NULL
"3728","new","Silverstein","","https://www.teamwass.com","2025-07-16",NULL
"3729","new","Pedro Santos","","https://www.teamwass.com","2025-07-16",NULL
"3730","new","Tommy Genesis","","https://www.teamwass.com","2025-07-16",NULL
"3731","new","All Under Heaven","","https://www.teamwass.com","2025-07-16",NULL
"3732","new","Guitarricadelafuente","","https://www.teamwass.com","2025-07-16",NULL
"3733","new","Disney in Concert: Around the World","","https://www.teamwass.com","2025-07-16",NULL
"3734","new","Colter Wall","","https://www.teamwass.com","2025-07-16",NULL
"2602","new","Trampled By Turtles","","https://www.teamwass.com","2025-07-16",NULL
"3735","new","Brett Dennen","","https://www.teamwass.com","2025-07-16",NULL
"3736","new","LF SYSTEM","","https://www.teamwass.com","2025-07-16",NULL
"3737","new","Drain","","https://www.teamwass.com","2025-07-16",NULL
"2065","new","John Coltrane: A Centennial Symphonic Celebration","","https://www.teamwass.com","2025-07-16",NULL
"3738","new","Chantal Kreviazuk","","https://www.teamwass.com","2025-07-16",NULL
"3739","new","Sigur Rós","","https://www.teamwass.com","2025-07-16",NULL
"3740","new","Chappell Roan","","https://www.teamwass.com","2025-07-16",NULL
"3741","new","STWO","","https://www.teamwass.com","2025-07-16",NULL
"3742","new","NatGeo in Concert: Symphony For Our World","","https://www.teamwass.com","2025-07-16",NULL
"3743","new","Tuxedo","","https://www.teamwass.com","2025-07-16",NULL
"8872","new","Alison's Halo","","https://www.highroadtouring.com","2025-07-16",NULL
"3744","new","White Reaper","","https://www.teamwass.com","2025-07-16",NULL
"3745","new","Alessia Cara","","https://www.teamwass.com","2025-07-16",NULL
"3746","new","Huey Lewis and the News","","https://www.teamwass.com","2025-07-16",NULL
"3747","new","Parcels","","https://www.teamwass.com","2025-07-16",NULL
"3748","new","Barenaked Ladies","","https://www.teamwass.com","2025-07-16",NULL
"3749","new","Run The Jewels","","https://www.teamwass.com","2025-07-16",NULL
"3750","new","James Gillespie","","https://www.teamwass.com","2025-07-16",NULL
"2567","new","Jane Remover","","https://www.teamwass.com","2025-07-16",NULL
"3751","new","The Starting Line","","https://www.teamwass.com","2025-07-16",NULL
"3752","new","Clarence & The Modern Life","","https://www.teamwass.com","2025-07-16",NULL
"3753","new","TV Girl","","https://www.teamwass.com","2025-07-16",NULL
"3754","new","Ski Aggu","","https://www.teamwass.com","2025-07-16",NULL
"3755","new","Glare","","https://www.teamwass.com","2025-07-16",NULL
"3756","new","The Fearless Flyers","","https://www.teamwass.com","2025-07-16",NULL
"3757","new","Matthew Morrison","","https://www.teamwass.com","2025-07-16",NULL
"3758","new","Joji","","https://www.teamwass.com","2025-07-16",NULL
"3759","new","Robin Pecknold","","https://www.teamwass.com","2025-07-16",NULL
"3760","new","Strangefolk","","https://www.teamwass.com","2025-07-16",NULL
"3761","new","Central Cee","","https://www.teamwass.com","2025-07-16",NULL
"3762","new","Chloe Adams","","https://www.teamwass.com","2025-07-16",NULL
"3763","new","((( O )))","","https://www.teamwass.com","2025-07-16",NULL
"3764","new","Skye Newman","","https://www.teamwass.com","2025-07-16",NULL
"3765","new","Bobby Wolfgang","","https://www.teamwass.com","2025-07-16",NULL
"3766","new","Jai Wolf","","https://www.teamwass.com","2025-07-16",NULL
"2131","new","Bloom","","https://www.teamwass.com","2025-07-16",NULL
"2140","new","VARIETOPIA with Paul F. Tompkins","","https://www.teamwass.com","2025-07-16",NULL
"3768","new","Vertical Horizon","","https://www.teamwass.com","2025-07-16",NULL
"2472","new","SG Lewis","","https://www.teamwass.com","2025-07-16",NULL
"3769","new","Franz Ferdinand","","https://www.teamwass.com","2025-07-16",NULL
"3770","new","Daya","","https://www.teamwass.com","2025-07-16",NULL
"3771","new","Umphrey's McGee","","https://www.teamwass.com","2025-07-16",NULL
"3772","new","Myles Smith","","https://www.teamwass.com","2025-07-16",NULL
"3773","new","Enfant Sauvage","","https://www.teamwass.com","2025-07-16",NULL
"3774","new","Hayden James","","https://www.teamwass.com","2025-07-16",NULL
"3775","new","Vansire","","https://www.teamwass.com","2025-07-16",NULL
"3776","new","Ohgeesy","","https://www.teamwass.com","2025-07-16",NULL
"3777","new","Cajmere","","https://www.teamwass.com","2025-07-16",NULL
"3778","new","Saint Blonde","","https://www.teamwass.com","2025-07-16",NULL
"3779","new","Club Cheval","","https://www.teamwass.com","2025-07-16",NULL
"3780","new","Calum Bowie","","https://www.teamwass.com","2025-07-16",NULL
"3781","new","DARGZ","","https://www.teamwass.com","2025-07-16",NULL
"3782","new","Kay Hanley","","https://www.teamwass.com","2025-07-16",NULL
"3783","new","JPEGMAFIA","","https://www.teamwass.com","2025-07-16",NULL
"3784","new","Alewya","","https://www.teamwass.com","2025-07-16",NULL
"3785","new","Reuben Aziz","","https://www.teamwass.com","2025-07-16",NULL
"3786","new","Keller Williams Presents DeadPettyKellerGrass","","https://www.teamwass.com","2025-07-16",NULL
"3787","new","SUSTO","","https://www.teamwass.com","2025-07-16",NULL
"3788","new","SHAED","","https://www.teamwass.com","2025-07-16",NULL
"3789","new","Ella Henderson","","https://www.teamwass.com","2025-07-16",NULL
"3790","new","Ryan Beatty","","https://www.teamwass.com","2025-07-16",NULL
"3791","new","Julien Baker","","https://www.teamwass.com","2025-07-16",NULL
"3792","new","Boston Manor","","https://www.teamwass.com","2025-07-16",NULL
"3793","new","Sienna Spiro","","https://www.teamwass.com","2025-07-16",NULL
"3794","new","Bladee","","https://www.teamwass.com","2025-07-16",NULL
"3795","new","Colin Miller","","https://www.teamwass.com","2025-07-16",NULL
"3796","new","i-dle","","https://www.teamwass.com","2025-07-16",NULL
"3797","new","Sawyer Hill","","https://www.teamwass.com","2025-07-16",NULL
"3798","new","Carnage","","https://www.teamwass.com","2025-07-16",NULL
"6081","new","Cory Henry","","https://www.unitedtalent.com","2025-07-16",NULL
"3799","new","lozeak","","https://www.teamwass.com","2025-07-16",NULL
"3800","new","Iceage","","https://www.teamwass.com","2025-07-16",NULL
"3801","new","BLOND:ISH","","https://www.teamwass.com","2025-07-16",NULL
"3802","new","Cedric Gervais","","https://www.teamwass.com","2025-07-16",NULL
"3803","new","The Jungle Giants","","https://www.teamwass.com","2025-07-16",NULL
"3804","new","Thought Process","","https://www.teamwass.com","2025-07-16",NULL
"3805","new","Turnstile","","https://www.teamwass.com","2025-07-16",NULL
"3806","new","Arsun","","https://www.teamwass.com","2025-07-16",NULL
"3807","new","Gesaffelstein","","https://www.teamwass.com","2025-07-16",NULL
"3808","new","Brunello","","https://www.teamwass.com","2025-07-16",NULL
"3809","new","Charlotte Cardin","","https://www.teamwass.com","2025-07-16",NULL
"3810","new","Dada Life","","https://www.teamwass.com","2025-07-16",NULL
"3811","new","Pirates of the Caribbean: The Curse of the Black Pearl in Concert","","https://www.teamwass.com","2025-07-16",NULL
"3812","new","The Dare","","https://www.teamwass.com","2025-07-16",NULL
"3813","new","MOIO","","https://www.teamwass.com","2025-07-16",NULL
"3814","new","Renny Conti","","https://www.teamwass.com","2025-07-16",NULL
"3815","new","Anthony Naples","","https://www.teamwass.com","2025-07-16",NULL
"3816","new","Reuben Gray","","https://www.teamwass.com","2025-07-16",NULL
"3817","new","Daisy Veacock","","https://www.teamwass.com","2025-07-16",NULL
"3818","new","Louis Tomlinson","","https://www.teamwass.com","2025-07-16",NULL
"3819","new","Sho Madjozi","","https://www.teamwass.com","2025-07-16",NULL
"3820","new","Mark Knopfler","","https://www.teamwass.com","2025-07-16",NULL
"3821","new","The Wrecks","","https://www.teamwass.com","2025-07-16",NULL
"3822","new","Max Alan","","https://www.teamwass.com","2025-07-16",NULL
"3824","new","Mersiv","","https://www.teamwass.com","2025-07-16",NULL
"3825","new","Tank and the Bangas","","https://www.teamwass.com","2025-07-16",NULL
"3826","new","FARIANA","","https://www.teamwass.com","2025-07-16",NULL
"3828","new","Benjamin Tod","","https://www.teamwass.com","2025-07-16",NULL
"3829","new","Tony Hadley","","https://www.teamwass.com","2025-07-16",NULL
"3831","new","Jane Lynch","","https://www.teamwass.com","2025-07-16",NULL
"3832","new","Wyclef Jean","","https://www.teamwass.com","2025-07-16",NULL
"3833","new","U.S. Girls","","https://www.teamwass.com","2025-07-16",NULL
"3834","new","Beach Bunny","","https://www.teamwass.com","2025-07-16",NULL
"3835","new","Passenger","","https://www.teamwass.com","2025-07-16",NULL
"3836","new","Mario","","https://www.teamwass.com","2025-07-16",NULL
"3837","new","Jack Harlow","","https://www.teamwass.com","2025-07-16",NULL
"3838","new","Saturdays At Your Place","","https://www.teamwass.com","2025-07-16",NULL
"3839","new","Major Lazer","","https://www.teamwass.com","2025-07-16",NULL
"3840","new","Green Velvet","","https://www.teamwass.com","2025-07-16",NULL
"2805","new","Bea Miller","","https://www.teamwass.com","2025-07-16",NULL
"3841","new","EVAN GIIA","","https://www.teamwass.com","2025-07-16",NULL
"3842","new","Frost Children","","https://www.teamwass.com","2025-07-16",NULL
"3843","new","Jawdropped","","https://www.teamwass.com","2025-07-16",NULL
"2377","new","Coldcut","","https://www.teamwass.com","2025-07-16",NULL
"3844","new","Max Allais","","https://www.teamwass.com","2025-07-16",NULL
"3845","new","Waze","","https://www.teamwass.com","2025-07-16",NULL
"3846","new","Nep","","https://www.teamwass.com","2025-07-16",NULL
"3847","new","Kolton Moore & the Clever Few","","https://www.teamwass.com","2025-07-16",NULL
"3848","new","NieR: Orchestra Concert","","https://www.teamwass.com","2025-07-16",NULL
"3849","new","Lilyisthatyou","","https://www.teamwass.com","2025-07-16",NULL
"3850","new","Popcaan","","https://www.teamwass.com","2025-07-16",NULL
"3851","new","Canaan Cox","","https://www.teamwass.com","2025-07-16",NULL
"3852","new","MNEK","","https://www.teamwass.com","2025-07-16",NULL
"3853","new","Tinlicker","","https://www.teamwass.com","2025-07-16",NULL
"3854","new","Billen Ted","","https://www.teamwass.com","2025-07-16",NULL
"3855","new","Nancy Whang","","https://www.teamwass.com","2025-07-16",NULL
"3856","new","Ibrahim Maalouf","","https://www.teamwass.com","2025-07-16",NULL
"3857","new","Round Trip","","https://www.teamwass.com","2025-07-16",NULL
"3858","new","D-Block Europe","","https://www.teamwass.com","2025-07-16",NULL
"3860","new","Felo Le Tee","","https://www.teamwass.com","2025-07-16",NULL
"3861","new","Dead Man Winter","","https://www.teamwass.com","2025-07-16",NULL
"3862","new","Flume","","https://www.teamwass.com","2025-07-16",NULL
"3863","new","Yetep","","https://www.teamwass.com","2025-07-16",NULL
"3864","new","Reid Genauer","","https://www.teamwass.com","2025-07-16",NULL
"3865","new","God Complex","","https://www.teamwass.com","2025-07-16",NULL
"3866","new","Keyland","","https://www.teamwass.com","2025-07-16",NULL
"3867","new","Versatile","","https://www.teamwass.com","2025-07-16",NULL
"3868","new","Scott Helman","","https://www.teamwass.com","2025-07-16",NULL
"3870","new","Ice Spice","","https://www.teamwass.com","2025-07-16",NULL
"2968","new","Gridiron","","https://www.teamwass.com","2025-07-16",NULL
"3871","new","Hot Chip DJ Set","","https://www.teamwass.com","2025-07-16",NULL
"3872","new","3lijah","","https://www.teamwass.com","2025-07-16",NULL
"3873","new","Panda Bear","","https://www.teamwass.com","2025-07-16",NULL
"3874","new","Ziggy Alberts","","https://www.teamwass.com","2025-07-16",NULL
"3875","new","Joe Russo's Almost Dead","","https://www.teamwass.com","2025-07-16",NULL
"3876","new","Sara Bareilles","","https://www.teamwass.com","2025-07-16",NULL
"3877","new","Culture Shock","","https://www.teamwass.com","2025-07-16",NULL
"3878","new","evilgiane","","https://www.teamwass.com","2025-07-16",NULL
"3879","new","Johnnie Guilbert","","https://www.teamwass.com","2025-07-16",NULL
"3880","new","The High Hawks","","https://www.teamwass.com","2025-07-16",NULL
"3881","new","US","","https://www.teamwass.com","2025-07-16",NULL
"3882","new","Soft Play","","https://www.teamwass.com","2025-07-16",NULL
"3883","new","hannah bahng","","https://www.teamwass.com","2025-07-16",NULL
"3884","new","Brent Faiyaz","","https://www.teamwass.com","2025-07-16",NULL
"3885","new","Foy Vance","","https://www.teamwass.com","2025-07-16",NULL
"3886","new","Detox Unit","","https://www.teamwass.com","2025-07-16",NULL
"3887","new","Quiet Man","","https://www.teamwass.com","2025-07-16",NULL
"3888","new","it's murph","","https://www.teamwass.com","2025-07-16",NULL
"3889","new","Goodbye Road","","https://www.teamwass.com","2025-07-16",NULL
"3890","new","The Paper Kites","","https://www.teamwass.com","2025-07-16",NULL
"3891","new","Ted Sperling","","https://www.teamwass.com","2025-07-16",NULL
"3892","new","Skuzland","","https://www.teamwass.com","2025-07-16",NULL
"2275","new","Man/Woman/Chainsaw","","https://www.teamwass.com","2025-07-16",NULL
"3893","new","Deafheaven","","https://www.teamwass.com","2025-07-16",NULL
"3894","new","Mura Masa","","https://www.teamwass.com","2025-07-16",NULL
"2499","new","Altura Presents","","https://www.teamwass.com","2025-07-16",NULL
"3895","new","Sultan + Shepard","","https://www.teamwass.com","2025-07-16",NULL
"3896","new","Yu Su","","https://www.teamwass.com","2025-07-16",NULL
"3897","new","MUZZ","","https://www.teamwass.com","2025-07-16",NULL
"6641","new","The Cribs","","https://music.wmeagency.com","2025-07-16",NULL
"3898","new","Mayer Hawthorne","","https://www.teamwass.com","2025-07-16",NULL
"3899","new","The Original Wailers","","https://www.teamwass.com","2025-07-16",NULL
"3900","new","Maggie Rose","","https://www.teamwass.com","2025-07-16",NULL
"3901","new","SAMIA","","https://www.teamwass.com","2025-07-16",NULL
"3902","new","Dominic Wright","","https://www.teamwass.com","2025-07-16",NULL
"3903","new","Corbon Amodio","","https://www.teamwass.com","2025-07-16",NULL
"2866","new","Tim Burton’s The Nightmare Before Christmas in Concert","","https://www.teamwass.com","2025-07-16",NULL
"3904","new","Folamour","","https://www.teamwass.com","2025-07-16",NULL
"2668","new","Briston Maroney","","https://www.teamwass.com","2025-07-16",NULL
"3905","new","Sabella","","https://www.teamwass.com","2025-07-16",NULL
"3906","new","Com Truise","","https://www.teamwass.com","2025-07-16",NULL
"3907","new","Anders Osborne & Jackie Greene","","https://www.teamwass.com","2025-07-16",NULL
"3908","new","Quadeca","","https://www.teamwass.com","2025-07-16",NULL
"3909","new","Lime Cordiale","","https://www.teamwass.com","2025-07-16",NULL
"3910","new","shallou","","https://www.teamwass.com","2025-07-16",NULL
"3911","new","Asha Banks","","https://www.teamwass.com","2025-07-16",NULL
"3912","new","Tamera","","https://www.teamwass.com","2025-07-16",NULL
"3913","new","Somewhere Special","","https://www.teamwass.com","2025-07-16",NULL
"3914","new","Kenny Beats","","https://www.teamwass.com","2025-07-16",NULL
"3915","new","Boogie T","","https://www.teamwass.com","2025-07-16",NULL
"3916","new","Red Rockers","","https://www.teamwass.com","2025-07-16",NULL
"3917","new","Romy","","https://www.teamwass.com","2025-07-16",NULL
"3918","new","Jerome Collins","","https://www.teamwass.com","2025-07-16",NULL
"3919","new","Varju","","https://www.teamwass.com","2025-07-16",NULL
"3920","new","Nick Mulvey","","https://www.teamwass.com","2025-07-16",NULL
"3921","new","Ross From Friends","","https://www.teamwass.com","2025-07-16",NULL
"3922","new","Kelis","","https://www.teamwass.com","2025-07-16",NULL
"3923","new","Cruz Beckham","","https://www.teamwass.com","2025-07-16",NULL
"3924","new","Ralphie Choo","","https://www.teamwass.com","2025-07-16",NULL
"3925","new","The Psycodelics","","https://www.teamwass.com","2025-07-16",NULL
"3926","new","Lee Ann Womack","","https://www.teamwass.com","2025-07-16",NULL
"3927","new","Iglu & Hartly","","https://www.teamwass.com","2025-07-16",NULL
"3928","new","CRi","","https://www.teamwass.com","2025-07-16",NULL
"3929","new","Maria Becerra","","https://www.teamwass.com","2025-07-16",NULL
"3930","new","Creep Show","","https://www.teamwass.com","2025-07-16",NULL
"3931","new","RAYE","","https://www.teamwass.com","2025-07-16",NULL
"3932","new","girlpuppy","","https://www.teamwass.com","2025-07-16",NULL
"3933","new","Riot Ten","","https://www.teamwass.com","2025-07-16",NULL
"3934","new","Delaney Bailey","","https://www.teamwass.com","2025-07-16",NULL
"1074","new","Sub Focus","","https://www.teamwass.com","2025-07-16",NULL
"3935","new","NALA","","https://www.teamwass.com","2025-07-16",NULL
"3936","new","GARZA","","https://www.teamwass.com","2025-07-16",NULL
"3937","new","Freddie Halkon","","https://www.teamwass.com","2025-07-16",NULL
"3938","new","Offset","","https://www.teamwass.com","2025-07-16",NULL
"3939","new","NAO","","https://www.teamwass.com","2025-07-16",NULL
"3940","new","Taj Mahal","","https://www.teamwass.com","2025-07-16",NULL
"3941","new","Don Omar","","https://www.teamwass.com","2025-07-16",NULL
"3942","new","Telescreens","","https://www.teamwass.com","2025-07-16",NULL
"3943","new","Black Violin","","https://www.teamwass.com","2025-07-16",NULL
"3944","new","DJ Scheme","","https://www.teamwass.com","2025-07-16",NULL
"3945","new","Mark Ronson","","https://www.teamwass.com","2025-07-16",NULL
"3946","new","Rick Ross","","https://www.teamwass.com","2025-07-16",NULL
"2169","new","Ghostbusters (1984) Film with Live Orchestra","","https://www.teamwass.com","2025-07-16",NULL
"3948","new","Brandy Clark","","https://www.teamwass.com","2025-07-16",NULL
"3949","new","grandson","","https://www.teamwass.com","2025-07-16",NULL
"3950","new","Ásgeir","","https://www.teamwass.com","2025-07-16",NULL
"3951","new","Massano","","https://www.teamwass.com","2025-07-16",NULL
"3952","new","Orville Peck","","https://www.teamwass.com","2025-07-16",NULL
"3953","new","Squarepusher","","https://www.teamwass.com","2025-07-16",NULL
"3954","new","Del Amitri","","https://www.teamwass.com","2025-07-16",NULL
"3955","new","A Silly Symphony Celebration","","https://www.teamwass.com","2025-07-16",NULL
"3956","new","Jack Van Cleaf","","https://www.teamwass.com","2025-07-16",NULL
"1337","new","Peter Hook presents Joy Division Orchestrated","","https://www.teamwass.com","2025-07-16",NULL
"3957","new","Keller Cox","","https://www.teamwass.com","2025-07-16",NULL
"3958","new","Restraining Order","","https://www.teamwass.com","2025-07-16",NULL
"3959","new","Morgan Johnston","","https://www.teamwass.com","2025-07-16",NULL
"3960","new","My Chemical Romance","","https://www.teamwass.com","2025-07-16",NULL
"3961","new","Arm's Length","","https://www.teamwass.com","2025-07-16",NULL
"3962","new","Frozen in Concert","","https://www.teamwass.com","2025-07-16",NULL
"3963","new","Latin Playboys","","https://www.teamwass.com","2025-07-16",NULL
"3964","new","Eera","","https://www.teamwass.com","2025-07-16",NULL
"3965","new","Joesef","","https://www.teamwass.com","2025-07-16",NULL
"3966","new","FERG","","https://www.teamwass.com","2025-07-16",NULL
"3967","new","TSHA","","https://www.teamwass.com","2025-07-16",NULL
"3968","new","Punch Brothers","","https://www.teamwass.com","2025-07-16",NULL
"3969","new","Lake Street Dive","","https://www.teamwass.com","2025-07-16",NULL
"3970","new","August Burns Red","","https://www.teamwass.com","2025-07-16",NULL
"3971","new","We Are KING","","https://www.teamwass.com","2025-07-16",NULL
"3972","new","REIK","","https://www.teamwass.com","2025-07-16",NULL
"3973","new","Griffin William Sherry","","https://www.teamwass.com","2025-07-16",NULL
"3974","new","The Lonesome Trio","","https://www.teamwass.com","2025-07-16",NULL
"3975","new","Stereolab","","https://www.teamwass.com","2025-07-16",NULL
"3976","new","Jesse McCartney","","https://www.teamwass.com","2025-07-16",NULL
"3977","new","Planningtorock","","https://www.teamwass.com","2025-07-16",NULL
"3978","new","Saved By The 90s","","https://www.teamwass.com","2025-07-16",NULL
"3980","new","Cassandra Jenkins","","https://www.teamwass.com","2025-07-16",NULL
"3981","new","Lil Gotit","","https://www.teamwass.com","2025-07-16",NULL
"3982","new","Aaron West and the Roaring Twenties","","https://www.teamwass.com","2025-07-16",NULL
"3983","new","KT Tunstall","","https://www.teamwass.com","2025-07-16",NULL
"3984","new","The Shouting Matches","","https://www.teamwass.com","2025-07-16",NULL
"3985","new","The Wonderfool","","https://www.teamwass.com","2025-07-16",NULL
"3986","new","Amber Liu","","https://www.teamwass.com","2025-07-16",NULL
"3987","new","Tide Lines","","https://www.teamwass.com","2025-07-16",NULL
"3988","new","El Dorodo","","https://www.teamwass.com","2025-07-16",NULL
"3989","new","Wreckno","","https://www.teamwass.com","2025-07-16",NULL
"3990","new","Sanguisugabogg","","https://www.teamwass.com","2025-07-16",NULL
"3991","new","Jai Paul","","https://www.teamwass.com","2025-07-16",NULL
"3992","new","The Lawrence Arms","","https://www.teamwass.com","2025-07-16",NULL
"3993","new","DENNETT","","https://www.teamwass.com","2025-07-16",NULL
"3994","new","SABAI","","https://www.teamwass.com","2025-07-16",NULL
"3995","new","Cole Chaney","","https://www.teamwass.com","2025-07-16",NULL
"3996","new","Äyanna","","https://www.teamwass.com","2025-07-16",NULL
"2365","new","Vein.fm","","https://www.teamwass.com","2025-07-16",NULL
"3997","new","Vida Blue","","https://www.teamwass.com","2025-07-16",NULL
"3998","new","Abbey Cone","","https://www.teamwass.com","2025-07-16",NULL
"3999","new","Holy Fuck","","https://www.teamwass.com","2025-07-16",NULL
"4000","new","Mary in the Junkyard","","https://www.teamwass.com","2025-07-16",NULL
"4001","new","Knuckle Puck","","https://www.teamwass.com","2025-07-16",NULL
"4002","new","Strap Originals","","https://www.teamwass.com","2025-07-16",NULL
"4003","new","Bob Moses (Club Set)","","https://www.teamwass.com","2025-07-16",NULL
"4004","new","Haley Blais","","https://www.teamwass.com","2025-07-16",NULL
"4005","new","OMNOM","","https://www.teamwass.com","2025-07-16",NULL
"4006","new","Rudimental","","https://www.teamwass.com","2025-07-16",NULL
"4007","new","Dan Whitlam","","https://www.teamwass.com","2025-07-16",NULL
"2730","new","NatGeo in Concert: Secrets of the Whales","","https://www.teamwass.com","2025-07-16",NULL
"4008","new","Badly Drawn Boy","","https://www.teamwass.com","2025-07-16",NULL
"4009","new","Dave 1","","https://www.teamwass.com","2025-07-16",NULL
"4010","new","Shawn Mendes","","https://www.teamwass.com","2025-07-16",NULL
"4011","new","YONAKA","","https://www.teamwass.com","2025-07-16",NULL
"4012","new","Emily Scott Robinson","","https://www.teamwass.com","2025-07-16",NULL
"4013","new","Marietta","","https://www.teamwass.com","2025-07-16",NULL
"4014","new","SOFI TUKKER","","https://www.teamwass.com","2025-07-16",NULL
"4016","new","Sam Moran","","https://www.teamwass.com","2025-07-16",NULL
"4017","new","Color Green","","https://www.teamwass.com","2025-07-16",NULL
"4018","new","ROLE MODEL","","https://www.teamwass.com","2025-07-16",NULL
"4019","new","Gordo","","https://www.teamwass.com","2025-07-16",NULL
"4020","new","Mind Against","","https://www.teamwass.com","2025-07-16",NULL
"4021","new","Yung Lean","","https://www.teamwass.com","2025-07-16",NULL
"4022","new","ATRIP","","https://www.teamwass.com","2025-07-16",NULL
"4023","new","Linska","","https://www.teamwass.com","2025-07-16",NULL
"4024","new","MURS","","https://www.teamwass.com","2025-07-16",NULL
"4025","new","Boyish","","https://www.teamwass.com","2025-07-16",NULL
"4026","new","Mike Gordon","","https://www.teamwass.com","2025-07-16",NULL
"2812","new","Perry Maysun","","https://www.teamwass.com","2025-07-16",NULL
"4027","new","Cyril Hahn","","https://www.teamwass.com","2025-07-16",NULL
"4028","new","Bo Staloch","","https://www.teamwass.com","2025-07-16",NULL
"4030","new","ATB","","https://www.teamwass.com","2025-07-16",NULL
"4031","new","Mont Rouge","","https://www.teamwass.com","2025-07-16",NULL
"1930","new","An Evening with Marc Shaiman and His Music: Sleepless in Seattle, Hairspray, Beaches, Sister Act, Smash and more!","","https://www.teamwass.com","2025-07-16",NULL
"4032","new","MOLIY","","https://www.teamwass.com","2025-07-16",NULL
"4033","new","Chloe Slater","","https://www.teamwass.com","2025-07-16",NULL
"4034","new","Chadwick Stokes & The Pintos","","https://www.teamwass.com","2025-07-16",NULL
"4035","new","The Kooks","","https://www.teamwass.com","2025-07-16",NULL
"4036","new","Tall Heights","","https://www.teamwass.com","2025-07-16",NULL
"4037","new","Bones UK","","https://www.teamwass.com","2025-07-16",NULL
"4038","new","Cardinals","","https://www.teamwass.com","2025-07-16",NULL
"4039","new","Omar Apollo","","https://www.teamwass.com","2025-07-16",NULL
"4040","new","Vundabar","","https://www.teamwass.com","2025-07-16",NULL
"4041","new","Open Mike Eagle","","https://www.teamwass.com","2025-07-16",NULL
"4042","new","ORB","","https://www.teamwass.com","2025-07-16",NULL
"4043","new","Faithless DJ Set","","https://www.teamwass.com","2025-07-16",NULL
"4044","new","Jain","","https://www.teamwass.com","2025-07-16",NULL
"4045","new","Baker Boy","","https://www.teamwass.com","2025-07-16",NULL
"4046","new","Floating Points","","https://www.teamwass.com","2025-07-16",NULL
"4047","new","Ber","","https://www.teamwass.com","2025-07-16",NULL
"4048","new","Zedd","","https://www.teamwass.com","2025-07-16",NULL
"4050","new","Ratatouille in Concert","","https://www.teamwass.com","2025-07-16",NULL
"4051","new","Star Wars: The Empire Strikes Back in Concert","","https://www.teamwass.com","2025-07-16",NULL
"4052","new","AMAKA","","https://www.teamwass.com","2025-07-16",NULL
"4053","new","Glass Cannon Live!","","https://www.teamwass.com","2025-07-16",NULL
"4055","new","Myd","","https://www.teamwass.com","2025-07-16",NULL
"4056","new","Benitt","","https://www.teamwass.com","2025-07-16",NULL
"4057","new","George Alice","","https://www.teamwass.com","2025-07-16",NULL
"4058","new","Danielle Ponder","","https://www.teamwass.com","2025-07-16",NULL
"4059","new","Liz Phair","","https://www.teamwass.com","2025-07-16",NULL
"4060","new","Wicca Phase Springs Eternal","","https://www.teamwass.com","2025-07-16",NULL
"4061","new","James Reid","","https://www.teamwass.com","2025-07-16",NULL
"4062","new","Joel Corry","","https://www.teamwass.com","2025-07-16",NULL
"4063","new","Deadlands","","https://www.teamwass.com","2025-07-16",NULL
"4064","new","The Word","","https://www.teamwass.com","2025-07-16",NULL
"4065","new","2woBunnies","","https://www.teamwass.com","2025-07-16",NULL
"4066","new","Friedberg","","https://www.teamwass.com","2025-07-16",NULL
"4068","new","Sasha Alex Sloan","","https://www.teamwass.com","2025-07-16",NULL
"2364","new","Southern Soul Assembly: JJ Grey, Marc Broussard, Anders Osborne and Luther Dickinson","","https://www.teamwass.com","2025-07-16",NULL
"4069","new","Sofia Camara","","https://www.teamwass.com","2025-07-16",NULL
"4070","new","bixby","","https://www.teamwass.com","2025-07-16",NULL
"4071","new","Blair Davie","","https://www.teamwass.com","2025-07-16",NULL
"4072","new","Kindred Valley","","https://www.teamwass.com","2025-07-16",NULL
"4073","new","Yousuke Yukimatsu (¥ØU$UK€ ¥UK1MAT$U)","","https://www.teamwass.com","2025-07-16",NULL
"4074","new","Deeps","","https://www.teamwass.com","2025-07-16",NULL
"4076","new","Herbie Hancock","","https://www.teamwass.com","2025-07-16",NULL
"2560","new","I'm With Her: Sara Watkins - Sarah Jarosz - Aoife O'Donovan","","https://www.teamwass.com","2025-07-16",NULL
"4078","new","VIRTUAL RIOT","","https://www.teamwass.com","2025-07-16",NULL
"4079","new","Dot Major","","https://www.teamwass.com","2025-07-16",NULL
"4080","new","fantasy of a broken heart","","https://www.teamwass.com","2025-07-16",NULL
"4081","new","Levity","","https://www.teamwass.com","2025-07-16",NULL
"4082","new","Nérija","","https://www.teamwass.com","2025-07-16",NULL
"4083","new","Xavier Rudd","","https://www.teamwass.com","2025-07-16",NULL
"4084","new","PC Music","","https://www.teamwass.com","2025-07-16",NULL
"4085","new","late night drive home","","https://www.teamwass.com","2025-07-16",NULL
"4086","new","Scream Live to Film","","https://www.teamwass.com","2025-07-16",NULL
"4087","new","Apparat","","https://www.teamwass.com","2025-07-16",NULL
"4088","new","Bobby Weir","","https://www.teamwass.com","2025-07-16",NULL
"4089","new","Mount Kimbie","","https://www.teamwass.com","2025-07-16",NULL
"4090","new","Fideles","","https://www.teamwass.com","2025-07-16",NULL
"4091","new","Vwillz","","https://www.teamwass.com","2025-07-16",NULL
"2303","new","Kimberly Perry","","https://www.teamwass.com","2025-07-16",NULL
"4092","new","Katharine McPhee","","https://www.teamwass.com","2025-07-16",NULL
"4093","new","Erin LeCount","","https://www.teamwass.com","2025-07-16",NULL
"4094","new","Oversize","","https://www.teamwass.com","2025-07-16",NULL
"4095","new","The Last Revel","","https://www.teamwass.com","2025-07-16",NULL
"2670","new","Amaarae","","https://www.teamwass.com","2025-07-16",NULL
"4096","new","Jastin Martin","","https://www.teamwass.com","2025-07-16",NULL
"2461","new","Jeff Rosenstock","","https://www.teamwass.com","2025-07-16",NULL
"4097","new","BL3SS","","https://www.teamwass.com","2025-07-16",NULL
"4098","new","Betty","","https://www.teamwass.com","2025-07-16",NULL
"4099","new","Future","","https://www.teamwass.com","2025-07-16",NULL
"4100","new","VASTIVE","","https://www.teamwass.com","2025-07-16",NULL
"4101","new","Hope Tala","","https://www.teamwass.com","2025-07-16",NULL
"4102","new","DJ HEARTSTRING","","https://www.teamwass.com","2025-07-16",NULL
"4103","new","Mudi Sama","","https://www.teamwass.com","2025-07-16",NULL
"4104","new","Blackberry Smoke","","https://www.teamwass.com","2025-07-16",NULL
"4105","new","LeAnn Rimes","","https://www.teamwass.com","2025-07-16",NULL
"4106","new","L.E.J.","","https://www.teamwass.com","2025-07-16",NULL
"4107","new","One Step Closer","","https://www.teamwass.com","2025-07-16",NULL
"4108","new","L.S. Dunes","","https://www.teamwass.com","2025-07-16",NULL
"4109","new","The Brothers","","https://www.teamwass.com","2025-07-16",NULL
"4110","new","Charlie Floyd","","https://www.teamwass.com","2025-07-16",NULL
"4111","new","Tshegue","","https://www.teamwass.com","2025-07-16",NULL
"4112","new","Rick Beato","","https://www.teamwass.com","2025-07-16",NULL
"4113","new","Etham","","https://www.teamwass.com","2025-07-16",NULL
"4114","new","SWIM","","https://www.teamwass.com","2025-07-16",NULL
"2799","new","While She Sleeps","","https://www.teamwass.com","2025-07-16",NULL
"4115","new","Batman (1989) in Concert","","https://www.teamwass.com","2025-07-16",NULL
"4116","new","Terror","","https://www.teamwass.com","2025-07-16",NULL
"4117","new","Voka Gentle","","https://www.teamwass.com","2025-07-16",NULL
"4118","new","Arooj Aftab","","https://www.teamwass.com","2025-07-16",NULL
"4119","new","Disney '80s-'90s Celebration - The Symphony Concert","","https://www.teamwass.com","2025-07-16",NULL
"4120","new","Gerard Way","","https://www.teamwass.com","2025-07-16",NULL
"4121","new","WondaGurl","","https://www.teamwass.com","2025-07-16",NULL
"4122","new","The Scratch","","https://www.teamwass.com","2025-07-16",NULL
"4123","new","Cautious Clay","","https://www.teamwass.com","2025-07-16",NULL
"2111","new","Dave Stewart Eurythmics","","https://www.teamwass.com","2025-07-16",NULL
"4124","new","DANILO PLESSOW / MCDE","","https://www.teamwass.com","2025-07-16",NULL
"4125","new","ONEFOUR","","https://www.teamwass.com","2025-07-16",NULL
"4126","new","Ray Bull","","https://www.teamwass.com","2025-07-16",NULL
"4127","new","Catbite","","https://www.teamwass.com","2025-07-16",NULL
"4128","new","DRAMA","","https://www.teamwass.com","2025-07-16",NULL
"4129","new","George Strait","","https://www.teamwass.com","2025-07-16",NULL
"4130","new","Prateek Kuhad","","https://www.teamwass.com","2025-07-16",NULL
"4131","new","HVN","","https://www.teamwass.com","2025-07-16",NULL
"4132","new","Robyn","","https://www.teamwass.com","2025-07-16",NULL
"4133","new","Wuki","","https://www.teamwass.com","2025-07-16",NULL
"4134","new","Kavinsky","","https://www.teamwass.com","2025-07-16",NULL
"4135","new","180DB","","https://www.teamwass.com","2025-07-16",NULL
"2230","new","Villano Antillano","","https://www.teamwass.com","2025-07-16",NULL
"4136","new","Jamie xx","","https://www.teamwass.com","2025-07-16",NULL
"4137","new","Zach Templar","","https://www.teamwass.com","2025-07-16",NULL
"4138","new","Paul Russell","","https://www.teamwass.com","2025-07-16",NULL
"4139","new","Ludwig Wicki","","https://www.teamwass.com","2025-07-16",NULL
"4140","new","Ethan Holt","","https://www.teamwass.com","2025-07-16",NULL
"4141","new","Caleb Calloway","","https://www.teamwass.com","2025-07-16",NULL
"4142","new","Saint Motel","","https://www.teamwass.com","2025-07-16",NULL
"4143","new","INFEKT","","https://www.teamwass.com","2025-07-16",NULL
"4144","new","Tune-Yards","","https://www.teamwass.com","2025-07-16",NULL
"2132","new","David Gray","","https://www.teamwass.com","2025-07-16",NULL
"4145","new","Prima Queen","","https://www.teamwass.com","2025-07-16",NULL
"4146","new","Victony","","https://www.teamwass.com","2025-07-16",NULL
"4147","new","Kendrick Lamar","","https://www.teamwass.com","2025-07-16",NULL
"4148","new","Racing Mount Pleasant","","https://www.teamwass.com","2025-07-16",NULL
"4149","new","Joe Jackson","","https://www.teamwass.com","2025-07-16",NULL
"4150","new","Rita Ora","","https://www.teamwass.com","2025-07-16",NULL
"4151","new","Penelope Scott","","https://www.teamwass.com","2025-07-16",NULL
"4152","new","Adrian Quesada","","https://www.teamwass.com","2025-07-16",NULL
"4153","new","O'Flynn","","https://www.teamwass.com","2025-07-16",NULL
"4154","new","Simian Mobile Disco","","https://www.teamwass.com","2025-07-16",NULL
"4155","new","The Righteous Brothers","","https://www.teamwass.com","2025-07-16",NULL
"4156","new","Louis The Child","","https://www.teamwass.com","2025-07-16",NULL
"4157","new","Jason Scott & The High Heat","","https://www.teamwass.com","2025-07-16",NULL
"4158","new","Destructo","","https://www.teamwass.com","2025-07-16",NULL
"4159","new","Grandaddy","","https://www.teamwass.com","2025-07-16",NULL
"4160","new","TimaLikesMusic","","https://www.teamwass.com","2025-07-16",NULL
"4161","new","Sufjan Stevens","","https://www.teamwass.com","2025-07-16",NULL
"4162","new","Clipz","","https://www.teamwass.com","2025-07-16",NULL
"4163","new","Vienna Vienna","","https://www.teamwass.com","2025-07-16",NULL
"4164","new","yeule","","https://www.teamwass.com","2025-07-16",NULL
"4165","new","Doves","","https://www.teamwass.com","2025-07-16",NULL
"4166","new","4 Non Blondes","","https://www.teamwass.com","2025-07-16",NULL
"4167","new","k.d. lang","","https://www.teamwass.com","2025-07-16",NULL
"4168","new","Slow Hollows","","https://www.teamwass.com","2025-07-16",NULL
"4169","new","Jack & Jack","","https://www.teamwass.com","2025-07-16",NULL
"4170","new","Jónsi","","https://www.teamwass.com","2025-07-16",NULL
"4171","new","Gotye","","https://www.teamwass.com","2025-07-16",NULL
"4172","new","Nooriyah","","https://www.teamwass.com","2025-07-16",NULL
"4173","new","Hunter Oliveri","","https://www.teamwass.com","2025-07-16",NULL
"4174","new","SPINALL","","https://www.teamwass.com","2025-07-16",NULL
"4175","new","Estrellas De Buena Vista y Mas","","https://www.teamwass.com","2025-07-16",NULL
"4176","new","The Flatliners","","https://www.teamwass.com","2025-07-16",NULL
"4177","new","Torren Foot","","https://www.teamwass.com","2025-07-16",NULL
"4178","new","Dolly Parton's Threads: My Songs in Symphony","","https://www.teamwass.com","2025-07-16",NULL
"4179","new","Roger Eno","","https://www.teamwass.com","2025-07-16",NULL
"4180","new","Pirates of the Caribbean: At World’s End in Concert","","https://www.teamwass.com","2025-07-16",NULL
"4181","new","Nxdia","","https://www.teamwass.com","2025-07-16",NULL
"4182","new","Chloé Caillet","","https://www.teamwass.com","2025-07-16",NULL
"4183","new","BEL","","https://www.teamwass.com","2025-07-16",NULL
"4184","new","Aminé","","https://www.teamwass.com","2025-07-16",NULL
"4185","new","New Found Glory","","https://www.teamwass.com","2025-07-16",NULL
"4186","new","Kerala Dust","","https://www.teamwass.com","2025-07-16",NULL
"4187","new","Example","","https://www.teamwass.com","2025-07-16",NULL
"4188","new","Bilmuri","","https://www.teamwass.com","2025-07-16",NULL
"4189","new","Dave Matthews Band","","https://www.teamwass.com","2025-07-16",NULL
"4190","new","Aladdin in Concert [Animated]","","https://www.teamwass.com","2025-07-16",NULL
"4191","new","Jordan Rakei","","https://www.teamwass.com","2025-07-16",NULL
"2898","new","Jesse & Joy","","https://www.teamwass.com","2025-07-16",NULL
"4192","new","Shaggy","","https://www.teamwass.com","2025-07-16",NULL
"4193","new","Boys Noize","","https://www.teamwass.com","2025-07-16",NULL
"4194","new","The Devil Makes Three","","https://www.teamwass.com","2025-07-16",NULL
"4195","new","clipping.","","https://www.teamwass.com","2025-07-16",NULL
"4196","new","Brennan Wedl","","https://tbaagency.com","2025-07-16",NULL
"4197","new","Little Jesus","","https://tbaagency.com","2025-07-16",NULL
"4198","new","Poolside","","https://tbaagency.com","2025-07-16",NULL
"4199","new","Jet Vesper","","https://tbaagency.com","2025-07-16",NULL
"4200","new","Bea and her Business","","https://tbaagency.com","2025-07-16",NULL
"4201","new","LIES","","https://tbaagency.com","2025-07-16",NULL
"4202","new","Sword II","","https://tbaagency.com","2025-07-16",NULL
"4203","new","TDJ","","https://tbaagency.com","2025-07-16",NULL
"4204","new","Xenia Rubinos","","https://tbaagency.com","2025-07-16",NULL
"4205","new","Stella Bridie","","https://tbaagency.com","2025-07-16",NULL
"4207","new","EKKSTACY","","https://tbaagency.com","2025-07-16",NULL
"4208","new","Aeon Station","","https://tbaagency.com","2025-07-16",NULL
"4209","new","Madame Gandhi","","https://tbaagency.com","2025-07-16",NULL
"4210","new","Nicola Cruz","","https://tbaagency.com","2025-07-16",NULL
"4211","new","Wishy","","https://tbaagency.com","2025-07-16",NULL
"4212","new","The Midnight","","https://tbaagency.com","2025-07-16",NULL
"4213","new","Dream, Ivory","","https://tbaagency.com","2025-07-16",NULL
"4214","new","feeble little horse","","https://tbaagency.com","2025-07-16",NULL
"4215","new","Digitalism","","https://tbaagency.com","2025-07-16",NULL
"4216","new","Gus","","https://tbaagency.com","2025-07-16",NULL
"4217","new","sweet93","","https://tbaagency.com","2025-07-16",NULL
"4218","new","Camila Fernández","","https://tbaagency.com","2025-07-16",NULL
"4220","new","Jacob Alon","","https://tbaagency.com","2025-07-16",NULL
"4221","new","SEES00000","","https://tbaagency.com","2025-07-16",NULL
"4222","new","Gia Margaret","","https://tbaagency.com","2025-07-16",NULL
"4223","new","Keni Titus","","https://tbaagency.com","2025-07-16",NULL
"4224","new","Nina Las Vegas","","https://tbaagency.com","2025-07-16",NULL
"4225","new","Snakehips","","https://tbaagency.com","2025-07-16",NULL
"4226","new","SNACKTIME","","https://tbaagency.com","2025-07-16",NULL
"4227","new","The Kilans","","https://tbaagency.com","2025-07-16",NULL
"4228","new","Veronica Swift","","https://tbaagency.com","2025-07-16",NULL
"4229","new","DāM-FunK","","https://tbaagency.com","2025-07-16",NULL
"4230","new","Devendra Banhart","","https://tbaagency.com","2025-07-16",NULL
"4231","new","Jadu Heart","","https://tbaagency.com","2025-07-16",NULL
"4232","new","Chrissy Chlapecka","","https://tbaagency.com","2025-07-16",NULL
"4233","new","Tirzah","","https://tbaagency.com","2025-07-16",NULL
"4234","new","James Krivchenia","","https://tbaagency.com","2025-07-16",NULL
"4235","new","HighSchool","","https://tbaagency.com","2025-07-16",NULL
"4236","new","Miami Horror","","https://tbaagency.com","2025-07-16",NULL
"4237","new","Nina Cobham","","https://tbaagency.com","2025-07-16",NULL
"4238","new","rusowsky","","https://tbaagency.com","2025-07-16",NULL
"4239","new","salute","","https://tbaagency.com","2025-07-16",NULL
"4240","new","Urias","","https://tbaagency.com","2025-07-16",NULL
"4241","new","Marinero","","https://tbaagency.com","2025-07-16",NULL
"4242","new","Tycho","","https://tbaagency.com","2025-07-16",NULL
"4244","new","Quinn Christopherson","","https://tbaagency.com","2025-07-16",NULL
"4245","new","Searows","","https://tbaagency.com","2025-07-16",NULL
"4246","new","Superorganism","","https://tbaagency.com","2025-07-16",NULL
"4247","new","Your Smith","","https://tbaagency.com","2025-07-16",NULL
"4248","new","Owen","","https://tbaagency.com","2025-07-16",NULL
"4249","new","Adi Oasis","","https://tbaagency.com","2025-07-16",NULL
"4250","new","Nick León","","https://tbaagency.com","2025-07-16",NULL
"4251","new","Arushi Jain","","https://tbaagency.com","2025-07-16",NULL
"4252","new","HVOB","","https://tbaagency.com","2025-07-16",NULL
"4253","new","Estevie","","https://tbaagency.com","2025-07-16",NULL
"4254","new","Adrianne Lenker","","https://tbaagency.com","2025-07-16",NULL
"4255","new","ggwendolyn","","https://tbaagency.com","2025-07-16",NULL
"4256","new","Ana Tijoux","","https://tbaagency.com","2025-07-16",NULL
"4257","new","Javypablo","","https://tbaagency.com","2025-07-16",NULL
"4258","new","Lo Moon","","https://tbaagency.com","2025-07-16",NULL
"4259","new","Bassvictim","","https://tbaagency.com","2025-07-16",NULL
"4260","new","bdrmm","","https://tbaagency.com","2025-07-16",NULL
"4261","new","Ambar Lucid","","https://tbaagency.com","2025-07-16",NULL
"4262","new","Pink Martini","","https://tbaagency.com","2025-07-16",NULL
"4263","new","Rio Kosta","","https://tbaagency.com","2025-07-16",NULL
"4264","new","Tanukichan","","https://tbaagency.com","2025-07-16",NULL
"4265","new","Hiatus Kaiyote","","https://tbaagency.com","2025-07-16",NULL
"4267","new","Vallis Alps","","https://tbaagency.com","2025-07-16",NULL
"4268","new","Blondshell","","https://tbaagency.com","2025-07-16",NULL
"4269","new","gglum","","https://tbaagency.com","2025-07-16",NULL
"4270","new","Sparklmami","","https://tbaagency.com","2025-07-16",NULL
"4271","new","Delivery","","https://tbaagency.com","2025-07-16",NULL
"4272","new","Julia Holter","","https://tbaagency.com","2025-07-16",NULL
"4273","new","Starcleaner Reunion","","https://tbaagency.com","2025-07-16",NULL
"4274","new","Faye Webster","","https://tbaagency.com","2025-07-16",NULL
"4275","new","Ezra Williams","","https://tbaagency.com","2025-07-16",NULL
"4276","new","Avalon Emerson","","https://tbaagency.com","2025-07-16",NULL
"4277","new","pablopablo","","https://tbaagency.com","2025-07-16",NULL
"4278","new","9Million","","https://tbaagency.com","2025-07-16",NULL
"4279","new","Elkka","","https://tbaagency.com","2025-07-16",NULL
"4280","new","Súbelo Neo","","https://tbaagency.com","2025-07-16",NULL
"4281","new","Remi Wolf","","https://tbaagency.com","2025-07-16",NULL
"4282","new","USERx","","https://tbaagency.com","2025-07-16",NULL
"4283","new","Hohnen Ford","","https://tbaagency.com","2025-07-16",NULL
"4284","new","Sen Senra","","https://tbaagency.com","2025-07-16",NULL
"4285","new","Courtney Barnett","","https://tbaagency.com","2025-07-16",NULL
"4286","new","ratbag","","https://tbaagency.com","2025-07-16",NULL
"4287","new","Mild Minds","","https://tbaagency.com","2025-07-16",NULL
"4288","new","Coach Party","","https://tbaagency.com","2025-07-16",NULL
"4289","new","Sabino","","https://tbaagency.com","2025-07-16",NULL
"4290","new","Gustaf","","https://tbaagency.com","2025-07-16",NULL
"4291","new","The Presets","","https://tbaagency.com","2025-07-16",NULL
"4292","new","Grupo Frontera","","https://tbaagency.com","2025-07-16",NULL
"4293","new","Disq","","https://tbaagency.com","2025-07-16",NULL
"4294","new","Kiltro","","https://tbaagency.com","2025-07-16",NULL
"4295","new","Andrew W.K.","","https://tbaagency.com","2025-07-16",NULL
"4296","new","Trueno","","https://tbaagency.com","2025-07-16",NULL
"4297","new","Jakob","","https://tbaagency.com","2025-07-16",NULL
"7037","new","Beth Orton","","https://music.wmeagency.com","2025-07-16",NULL
"4298","new","Edna Vazquez","","https://tbaagency.com","2025-07-16",NULL
"4299","new","Tiago PZK","","https://tbaagency.com","2025-07-16",NULL
"4300","new","La Doña","","https://tbaagency.com","2025-07-16",NULL
"4301","new","Todd Terje","","https://tbaagency.com","2025-07-16",NULL
"4302","new","Buck Meek","","https://tbaagency.com","2025-07-16",NULL
"4303","new","Orion Sun","","https://tbaagency.com","2025-07-16",NULL
"4304","new","The Beths","","https://tbaagency.com","2025-07-16",NULL
"4305","new","J Noa","","https://tbaagency.com","2025-07-16",NULL
"4306","new","FUR","","https://tbaagency.com","2025-07-16",NULL
"4307","new","Kerala Dust","","https://tbaagency.com","2025-07-16",NULL
"4308","new","K.Flay","","https://tbaagency.com","2025-07-16",NULL
"4309","new","Porridge Radio","","https://tbaagency.com","2025-07-16",NULL
"4310","new","Bratty","","https://tbaagency.com","2025-07-16",NULL
"4311","new","Skinny Pelembe","","https://tbaagency.com","2025-07-16",NULL
"4312","new","Bandalos Chinos","","https://tbaagency.com","2025-07-16",NULL
"4313","new","Becky and the Birds","","https://tbaagency.com","2025-07-16",NULL
"4314","new","Mexican Institute of Sound","","https://tbaagency.com","2025-07-16",NULL
"4315","new","Olivia Barton","","https://tbaagency.com","2025-07-16",NULL
"4316","new","Justin Quiles","","https://tbaagency.com","2025-07-16",NULL
"4317","new","Beirut","","https://tbaagency.com","2025-07-16",NULL
"4318","new","Yuno","","https://tbaagency.com","2025-07-16",NULL
"4319","new","Kilder","","https://tbaagency.com","2025-07-16",NULL
"4320","new","Celebrity Book Club with Steven and Lily","","https://tbaagency.com","2025-07-16",NULL
"4321","new","Leith Ross","","https://tbaagency.com","2025-07-16",NULL
"4322","new","MS NINA","","https://tbaagency.com","2025-07-16",NULL
"4323","new","Ethel Cain","","https://tbaagency.com","2025-07-16",NULL
"4325","new","Sweet Pill","","https://tbaagency.com","2025-07-16",NULL
"4327","new","Tamino","","https://tbaagency.com","2025-07-16",NULL
"4328","new","Paloma Mami","","https://tbaagency.com","2025-07-16",NULL
"4329","new","Sofía Valdés","","https://tbaagency.com","2025-07-16",NULL
"4330","new","Arima Ederra","","https://tbaagency.com","2025-07-16",NULL
"4331","new","Bombay Bicycle Club","","https://tbaagency.com","2025-07-16",NULL
"4332","new","Ela Minus","","https://tbaagency.com","2025-07-16",NULL
"4333","new","Caribou","","https://tbaagency.com","2025-07-16",NULL
"4334","new","Gretel Hänlyn","","https://tbaagency.com","2025-07-16",NULL
"4335","new","Kakkmaddafakka","","https://tbaagency.com","2025-07-16",NULL
"4336","new","Preoccupations","","https://tbaagency.com","2025-07-16",NULL
"4337","new","Hannah Frances","","https://tbaagency.com","2025-07-16",NULL
"4338","new","José González","","https://tbaagency.com","2025-07-16",NULL
"4339","new","Lauren Mayberry","","https://tbaagency.com","2025-07-16",NULL
"4340","new","Keenan O’Meara","","https://tbaagency.com","2025-07-16",NULL
"4341","new","Gordi","","https://tbaagency.com","2025-07-16",NULL
"4342","new","Belief","","https://tbaagency.com","2025-07-16",NULL
"4344","new","Jessy Lanza","","https://tbaagency.com","2025-07-16",NULL
"4345","new","Cut Copy","","https://tbaagency.com","2025-07-16",NULL
"4346","new","Rita Payés","","https://tbaagency.com","2025-07-16",NULL
"4347","new","Bachelor","","https://tbaagency.com","2025-07-16",NULL
"4348","new","Julia Jacklin","","https://tbaagency.com","2025-07-16",NULL
"4349","new","Holy Fuck","","https://tbaagency.com","2025-07-16",NULL
"4350","new","Jockstrap","","https://tbaagency.com","2025-07-16",NULL
"4351","new","Hatchie","","https://tbaagency.com","2025-07-16",NULL
"4352","new","Rocket","","https://tbaagency.com","2025-07-16",NULL
"4353","new","Hojean","","https://tbaagency.com","2025-07-16",NULL
"4354","new","Unknown Mortal Orchestra","","https://tbaagency.com","2025-07-16",NULL
"4355","new","Jordan Patterson","","https://tbaagency.com","2025-07-16",NULL
"4356","new","CHVRCHES","","https://tbaagency.com","2025-07-16",NULL
"4357","new","Alvvays","","https://tbaagency.com","2025-07-16",NULL
"4358","new","Sea Lemon","","https://tbaagency.com","2025-07-16",NULL
"4359","new","Matt Maeson","","https://tbaagency.com","2025-07-16",NULL
"4360","new","STRFKR","","https://tbaagency.com","2025-07-16",NULL
"4361","new","Protection","","https://tbaagency.com","2025-07-16",NULL
"4362","new","ASTROPICAL","","https://tbaagency.com","2025-07-16",NULL
"4363","new","Doss","","https://tbaagency.com","2025-07-16",NULL
"4364","new","Maye","","https://tbaagency.com","2025-07-16",NULL
"4365","new","Daphni","","https://tbaagency.com","2025-07-16",NULL
"4366","new","Abby Sage","","https://tbaagency.com","2025-07-16",NULL
"4367","new","yeemz","","https://tbaagency.com","2025-07-16",NULL
"4368","new","DARUMAS","","https://tbaagency.com","2025-07-16",NULL
"4369","new","King Tuff","","https://tbaagency.com","2025-07-16",NULL
"4370","new","Big Thief","","https://tbaagency.com","2025-07-16",NULL
"4372","new","julie","","https://tbaagency.com","2025-07-16",NULL
"8873","new","The Cribs","","https://www.highroadtouring.com","2025-07-16",NULL
"4373","new","Darius","","https://tbaagency.com","2025-07-16",NULL
"4375","new","Mei Ehara","","https://tbaagency.com","2025-07-16",NULL
"4376","new","Mura Masa","","https://tbaagency.com","2025-07-16",NULL
"4377","new","Cuco","","https://tbaagency.com","2025-07-16",NULL
"4378","new","Dámaris Bójor","","https://tbaagency.com","2025-07-16",NULL
"4379","new","Yaeji","","https://tbaagency.com","2025-07-16",NULL
"4380","new","Evan Blix","","https://tbaagency.com","2025-07-16",NULL
"4382","new","American Football","","https://tbaagency.com","2025-07-16",NULL
"4383","new","Guided By Voices","","https://tbaagency.com","2025-07-16",NULL
"4384","new","Priya Ragu","","https://tbaagency.com","2025-07-16",NULL
"4385","new","Hayden Pedigo","","https://tbaagency.com","2025-07-16",NULL
"4386","new","Vale","","https://tbaagency.com","2025-07-16",NULL
"4387","new","Samora Pinderhughes","","https://tbaagency.com","2025-07-16",NULL
"4388","new","Voxtrot","","https://tbaagency.com","2025-07-16",NULL
"4389","new","Y La Bamba","","https://tbaagency.com","2025-07-16",NULL
"4390","new","bôa","","https://tbaagency.com","2025-07-16",NULL
"4391","new","Hot Chip","","https://tbaagency.com","2025-07-16",NULL
"4392","new","YACHT","","https://tbaagency.com","2025-07-16",NULL
"4393","new","Resistance Revival Chorus","","https://tbaagency.com","2025-07-16",NULL
"4395","new","Lava La Rue","","https://tbaagency.com","2025-07-16",NULL
"4396","new","Wu-Lu","","https://tbaagency.com","2025-07-16",NULL
"4397","new","Benét","","https://tbaagency.com","2025-07-16",NULL
"4398","new","Pabllo Vittar","","https://tbaagency.com","2025-07-16",NULL
"4399","new","JUNGLE","","https://tbaagency.com","2025-07-16",NULL
"4400","new","Small Black","","https://tbaagency.com","2025-07-16",NULL
"4401","new","Kero Kero Bonito","","https://tbaagency.com","2025-07-16",NULL
"8874","new","The Jayhawks","","https://www.highroadtouring.com","2025-07-16",NULL
"4402","new","Hether","","https://tbaagency.com","2025-07-16",NULL
"4403","new","Sleaford Mods","","https://tbaagency.com","2025-07-16",NULL
"4404","new","Boy Pablo","","https://tbaagency.com","2025-07-16",NULL
"4405","new","Liniker","","https://tbaagency.com","2025-07-16",NULL
"4406","new","Quantic","","https://tbaagency.com","2025-07-16",NULL
"4407","new","Sarah Julia","","https://tbaagency.com","2025-07-16",NULL
"4408","new","The Wrens","","https://tbaagency.com","2025-07-16",NULL
"4409","new","SORRY","","https://tbaagency.com","2025-07-16",NULL
"4410","new","Bob Moses","","https://tbaagency.com","2025-07-16",NULL
"4411","new","Folk Bitch Trio","","https://tbaagency.com","2025-07-16",NULL
"4412","new","Girl Scout","","https://tbaagency.com","2025-07-16",NULL
"4413","new","Jens Lekman","","https://tbaagency.com","2025-07-16",NULL
"4414","new","Methyl Ethel","","https://tbaagency.com","2025-07-16",NULL
"4416","new","Son Rompe Pera","","https://tbaagency.com","2025-07-16",NULL
"4417","new","Aunt Katrina","","https://tbaagency.com","2025-07-16",NULL
"4418","new","Juliana Madrid","","https://tbaagency.com","2025-07-16",NULL
"4419","new","Rawayana","","https://tbaagency.com","2025-07-16",NULL
"4420","new","Sudan Archives","","https://tbaagency.com","2025-07-16",NULL
"4421","new","Mora","","https://tbaagency.com","2025-07-16",NULL
"4422","new","Nai Palm (of Hiatus Kaiyote)","","https://tbaagency.com","2025-07-16",NULL
"4423","new","Matilda Lyn","","https://tbaagency.com","2025-07-16",NULL
"4424","new","NEIL FRANCES","","https://tbaagency.com","2025-07-16",NULL
"4426","new","Marem Ladson","","https://tbaagency.com","2025-07-16",NULL
"4427","new","China Forbes (of Pink Martini)","","https://tbaagency.com","2025-07-16",NULL
"4428","new","Inner Wave","","https://tbaagency.com","2025-07-16",NULL
"4429","new","runo plum","","https://tbaagency.com","2025-07-16",NULL
"4430","new","2D0GS","","https://tbaagency.com","2025-07-16",NULL
"4431","new","Planta Industrial","","https://tbaagency.com","2025-07-16",NULL
"4432","new","Alice Ivy","","https://tbaagency.com","2025-07-16",NULL
"4433","new","Electric Guest","","https://tbaagency.com","2025-07-16",NULL
"4434","new","Mansionair","","https://tbaagency.com","2025-07-16",NULL
"4435","new","Buscabulla","","https://tbaagency.com","2025-07-16",NULL
"4436","new","Ed Maverick","","https://tbaagency.com","2025-07-16",NULL
"4437","new","Tune-Yards","","https://tbaagency.com","2025-07-16",NULL
"4438","new","Luísa Sonza","","https://tbaagency.com","2025-07-16",NULL
"4496","new","The Hives","","https://www.unitedtalent.com","2025-07-16",NULL
"4481","new","Skyla Tylaa","","https://www.unitedtalent.com","2025-07-16",NULL
"4490","new","Graveyard","","https://www.unitedtalent.com","2025-07-16",NULL
"8875","new","Andrew Belle","","https://www.highroadtouring.com","2025-07-16",NULL
"4450","new","Isabella Lovestory","","https://www.unitedtalent.com","2025-07-16",NULL
"4491","new","The Sword","","https://www.unitedtalent.com","2025-07-16",NULL
"4507","new","Tinashe","","https://www.unitedtalent.com","2025-07-16",NULL
"4487","new","J. Worra","","https://www.unitedtalent.com","2025-07-16",NULL
"4449","new","JMSN","","https://www.unitedtalent.com","2025-07-16",NULL
"4498","new","Kairo Keyz","","https://www.unitedtalent.com","2025-07-16",NULL
"4484","new","Midnight Kids","","https://www.unitedtalent.com","2025-07-16",NULL
"4499","new","Karen Dio","","https://www.unitedtalent.com","2025-07-16",NULL
"4506","new","Macy Gray","","https://www.unitedtalent.com","2025-07-16",NULL
"4508","new","Never Dull","","https://www.unitedtalent.com","2025-07-16",NULL
"4476","new","Shaun Cassidy","","https://www.unitedtalent.com","2025-07-16",NULL
"4451","new","Sampa the Great","","https://www.unitedtalent.com","2025-07-16",NULL
"4442","new","Frozemode","","https://www.unitedtalent.com","2025-07-16",NULL
"4448","new","Lou Hazel","","https://www.unitedtalent.com","2025-07-16",NULL
"4472","new","15 15","","https://www.unitedtalent.com","2025-07-16",NULL
"4482","new","Eazybaked","","https://www.unitedtalent.com","2025-07-16",NULL
"4461","new","Spoon","","https://www.unitedtalent.com","2025-07-16",NULL
"4460","new","Pickle","","https://www.unitedtalent.com","2025-07-16",NULL
"4478","new","Koven","","https://www.unitedtalent.com","2025-07-16",NULL
"4447","new","Krystal Keith","","https://www.unitedtalent.com","2025-07-16",NULL
"4467","new","Russ","","https://www.unitedtalent.com","2025-07-16",NULL
"4505","new","The Brook & The Bluff","","https://www.unitedtalent.com","2025-07-16",NULL
"4489","new","Conducta","","https://www.unitedtalent.com","2025-07-16",NULL
"4501","new","Bradley Simpson","","https://www.unitedtalent.com","2025-07-16",NULL
"4454","new","Level 42","","https://www.unitedtalent.com","2025-07-16",NULL
"4440","new","Flosstradamus","","https://www.unitedtalent.com","2025-07-16",NULL
"4469","new","American Nightmare","","https://www.unitedtalent.com","2025-07-16",NULL
"4443","new","Yung Filly","","https://www.unitedtalent.com","2025-07-16",NULL
"4463","new","Neon Indian","","https://www.unitedtalent.com","2025-07-16",NULL
"4473","new","DANNY AVILA","","https://www.unitedtalent.com","2025-07-16",NULL
"4479","new","RUZE","","https://www.unitedtalent.com","2025-07-16",NULL
"4458","new","Charli D'Amelio","","https://www.unitedtalent.com","2025-07-16",NULL
"4503","new","ODUMODUBLVCK","","https://www.unitedtalent.com","2025-07-16",NULL
"4477","new","Jim James","","https://www.unitedtalent.com","2025-07-16",NULL
"4462","new","Dreamer Isioma","","https://www.unitedtalent.com","2025-07-16",NULL
"4486","new","Gladde Paling","","https://www.unitedtalent.com","2025-07-16",NULL
"4441","new","John Carpenter","","https://www.unitedtalent.com","2025-07-16",NULL
"4475","new","Aron Piper","","https://www.unitedtalent.com","2025-07-16",NULL
"4468","new","Korolova","","https://www.unitedtalent.com","2025-07-16",NULL
"4457","new","Andy C","","https://www.unitedtalent.com","2025-07-16",NULL
"4495","new","Cancer Bats","","https://www.unitedtalent.com","2025-07-16",NULL
"4497","new","Status Quo","","https://www.unitedtalent.com","2025-07-16",NULL
"4456","new","Dashboard Confessional","","https://www.unitedtalent.com","2025-07-16",NULL
"4471","new","Ovrkast.","","https://www.unitedtalent.com","2025-07-16",NULL
"4504","new","sunkis","","https://www.unitedtalent.com","2025-07-16",NULL
"4459","new","cktrl","","https://www.unitedtalent.com","2025-07-16",NULL
"4439","new","Of Mice & Men","","https://www.unitedtalent.com","2025-07-16",NULL
"4455","new","MitiS","","https://www.unitedtalent.com","2025-07-16",NULL
"4444","new","B*witched","","https://www.unitedtalent.com","2025-07-16",NULL
"4493","new","Nina Cobham","","https://www.unitedtalent.com","2025-07-16",NULL
"4466","new","Calcium","","https://www.unitedtalent.com","2025-07-16",NULL
"4474","new","Leona Lewis","","https://www.unitedtalent.com","2025-07-16",NULL
"4464","new","Marcin","","https://www.unitedtalent.com","2025-07-16",NULL
"4483","new","Lizzo","","https://www.unitedtalent.com","2025-07-16",NULL
"4470","new","Relient K","","https://www.unitedtalent.com","2025-07-16",NULL
"4492","new","Oreglo","","https://www.unitedtalent.com","2025-07-16",NULL
"4445","new","Kelsey Lu","","https://www.unitedtalent.com","2025-07-16",NULL
"4452","new","Bush","","https://www.unitedtalent.com","2025-07-16",NULL
"4465","new","BombayMami","","https://www.unitedtalent.com","2025-07-16",NULL
"4502","new","Break Science","","https://www.unitedtalent.com","2025-07-16",NULL
"4480","new","Apache","","https://www.unitedtalent.com","2025-07-16",NULL
"4446","new","Gottmik","","https://www.unitedtalent.com","2025-07-16",NULL
"4555","new","Tripolism","","https://www.unitedtalent.com","2025-07-16",NULL
"4591","new","Ichiko Aoba","","https://www.unitedtalent.com","2025-07-16",NULL
"4529","new","Jaz Karis","","https://www.unitedtalent.com","2025-07-16",NULL
"4569","new","Reaper","","https://www.unitedtalent.com","2025-07-16",NULL
"4571","new","Aya Nakamura","","https://www.unitedtalent.com","2025-07-16",NULL
"4528","new","Arlo Parks","","https://www.unitedtalent.com","2025-07-16",NULL
"4543","new","Northlane","","https://www.unitedtalent.com","2025-07-16",NULL
"4524","new","The Marshall Tucker Band","","https://www.unitedtalent.com","2025-07-16",NULL
"4580","new","Curly J","","https://www.unitedtalent.com","2025-07-16",NULL
"4584","new","Candlebox","","https://www.unitedtalent.com","2025-07-16",NULL
"4551","new","Elke","","https://www.unitedtalent.com","2025-07-16",NULL
"4558","new","Wajatta","","https://www.unitedtalent.com","2025-07-16",NULL
"4572","new","The Two Lips","","https://www.unitedtalent.com","2025-07-16",NULL
"4531","new","Oppidan","","https://www.unitedtalent.com","2025-07-16",NULL
"4514","new","YENDRY","","https://www.unitedtalent.com","2025-07-16",NULL
"4587","new","ARIZONA","","https://www.unitedtalent.com","2025-07-16",NULL
"4525","new","The Backfires","","https://www.unitedtalent.com","2025-07-16",NULL
"4544","new","Slimdan","","https://www.unitedtalent.com","2025-07-16",NULL
"4557","new","VALÉ","","https://www.unitedtalent.com","2025-07-16",NULL
"4554","new","Brooke Shields","","https://www.unitedtalent.com","2025-07-16",NULL
"4513","new","DIAMANTE","","https://www.unitedtalent.com","2025-07-16",NULL
"4574","new","Zaho De Sagazan","","https://www.unitedtalent.com","2025-07-16",NULL
"4550","new","Jack Kane","","https://www.unitedtalent.com","2025-07-16",NULL
"4538","new","HILLS","","https://www.unitedtalent.com","2025-07-16",NULL
"4585","new","The Woods","","https://www.unitedtalent.com","2025-07-16",NULL
"4566","new","Shea Couleé","","https://www.unitedtalent.com","2025-07-16",NULL
"4573","new","Pussy Riot","","https://www.unitedtalent.com","2025-07-16",NULL
"4510","new","Asal","","https://www.unitedtalent.com","2025-07-16",NULL
"4521","new","Jason Derulo","","https://www.unitedtalent.com","2025-07-16",NULL
"4576","new","DDG","","https://www.unitedtalent.com","2025-07-16",NULL
"4579","new","Nanna","","https://www.unitedtalent.com","2025-07-16",NULL
"4556","new","Oliver Heldens","","https://www.unitedtalent.com","2025-07-16",NULL
"4527","new","Nevertel","","https://www.unitedtalent.com","2025-07-16",NULL
"4546","new","Joshua Henry","","https://www.unitedtalent.com","2025-07-16",NULL
"7255","new","Django Django","","https://music.wmeagency.com","2025-07-16",NULL
"4562","new","Polo & Pan","","https://www.unitedtalent.com","2025-07-16",NULL
"4567","new","Cassandra Coleman","","https://www.unitedtalent.com","2025-07-16",NULL
"4519","new","Eric Burdon and the Animals","","https://www.unitedtalent.com","2025-07-16",NULL
"4532","new","Tita Lau","","https://www.unitedtalent.com","2025-07-16",NULL
"4592","new","Lamb Of God","","https://www.unitedtalent.com","2025-07-16",NULL
"4570","new","Peter Frampton","","https://www.unitedtalent.com","2025-07-16",NULL
"4520","new","Sunny Day Real Estate","","https://www.unitedtalent.com","2025-07-16",NULL
"4582","new","Derek Hough","","https://www.unitedtalent.com","2025-07-16",NULL
"4583","new","ATRIP","","https://www.unitedtalent.com","2025-07-16",NULL
"4530","new","Tyler Cole","","https://www.unitedtalent.com","2025-07-16",NULL
"4560","new","MISS DRE","","https://www.unitedtalent.com","2025-07-16",NULL
"4577","new","Pretty Girl","","https://www.unitedtalent.com","2025-07-16",NULL
"4542","new","Local Natives","","https://www.unitedtalent.com","2025-07-16",NULL
"4523","new","Kruder & Dorfmeister","","https://www.unitedtalent.com","2025-07-16",NULL
"4541","new","Jade Bird","","https://www.unitedtalent.com","2025-07-16",NULL
"4563","new","Sicaria","","https://www.unitedtalent.com","2025-07-16",NULL
"4568","new","Saweetie","","https://www.unitedtalent.com","2025-07-16",NULL
"4565","new","Alyx Holcombe","","https://www.unitedtalent.com","2025-07-16",NULL
"4553","new","Dystinct","","https://www.unitedtalent.com","2025-07-16",NULL
"4564","new","Auds.","","https://www.unitedtalent.com","2025-07-16",NULL
"4515","new","Kurupt Fm","","https://www.unitedtalent.com","2025-07-16",NULL
"4593","new","Excision","","https://www.unitedtalent.com","2025-07-16",NULL
"4586","new","New Hope Club","","https://www.unitedtalent.com","2025-07-16",NULL
"4517","new","Despacio","","https://www.unitedtalent.com","2025-07-16",NULL
"4589","new","Symba","","https://www.unitedtalent.com","2025-07-16",NULL
"4545","new","Jet Trouble","","https://www.unitedtalent.com","2025-07-16",NULL
"4581","new","Fuel","","https://www.unitedtalent.com","2025-07-16",NULL
"4561","new","The Thing","","https://www.unitedtalent.com","2025-07-16",NULL
"4548","new","The Underachievers","","https://www.unitedtalent.com","2025-07-16",NULL
"4537","new","Deorro","","https://www.unitedtalent.com","2025-07-16",NULL
"4534","new","LÉON","","https://www.unitedtalent.com","2025-07-16",NULL
"4539","new","Jianbo","","https://www.unitedtalent.com","2025-07-16",NULL
"4522","new","Mnelia","","https://www.unitedtalent.com","2025-07-16",NULL
"4518","new","Deep Purple","","https://www.unitedtalent.com","2025-07-16",NULL
"4509","new","Patrick Martin","","https://www.unitedtalent.com","2025-07-16",NULL
"4578","new","Logan","","https://www.unitedtalent.com","2025-07-16",NULL
"4511","new","Grizzly Bear","","https://www.unitedtalent.com","2025-07-16",NULL
"4559","new","Fredwave","","https://www.unitedtalent.com","2025-07-16",NULL
"4575","new","AJ Tracey","","https://www.unitedtalent.com","2025-07-16",NULL
"4536","new","Frankie Ballard","","https://www.unitedtalent.com","2025-07-16",NULL
"4588","new","Will Sparks","","https://www.unitedtalent.com","2025-07-16",NULL
"4552","new","Grayscale","","https://www.unitedtalent.com","2025-07-16",NULL
"4516","new","Aziya","","https://www.unitedtalent.com","2025-07-16",NULL
"4533","new","Butthole Surfers","","https://www.unitedtalent.com","2025-07-16",NULL
"4512","new","Alexandar Smash","","https://www.unitedtalent.com","2025-07-16",NULL
"4549","new","Cristin Milioti","","https://www.unitedtalent.com","2025-07-16",NULL
"4619","new","Lunice","","https://www.unitedtalent.com","2025-07-16",NULL
"4647","new","Ankhoï","","https://www.unitedtalent.com","2025-07-16",NULL
"4628","new","Kahani","","https://www.unitedtalent.com","2025-07-16",NULL
"4620","new","Nova Twins","","https://www.unitedtalent.com","2025-07-16",NULL
"4662","new","Stephen Wilson Jr.","","https://www.unitedtalent.com","2025-07-16",NULL
"4669","new","RaeLynn","","https://www.unitedtalent.com","2025-07-16",NULL
"4613","new","Big Sean","","https://www.unitedtalent.com","2025-07-16",NULL
"4640","new","LG Malique","","https://www.unitedtalent.com","2025-07-16",NULL
"8876","new","Billy Allen + The Pollies","","https://www.highroadtouring.com","2025-07-16",NULL
"4666","new","LØREN","","https://www.unitedtalent.com","2025-07-16",NULL
"4653","new","Aesop Rock","","https://www.unitedtalent.com","2025-07-16",NULL
"4621","new","Unflirt","","https://www.unitedtalent.com","2025-07-16",NULL
"4650","new","Panteros666","","https://www.unitedtalent.com","2025-07-16",NULL
"4627","new","Fancy Hagood","","https://www.unitedtalent.com","2025-07-16",NULL
"4638","new","Carmen DeLeon","","https://www.unitedtalent.com","2025-07-16",NULL
"4612","new","Blue Hawaii","","https://www.unitedtalent.com","2025-07-16",NULL
"4642","new","Marianas Trench","","https://www.unitedtalent.com","2025-07-16",NULL
"4635","new","Parachute","","https://www.unitedtalent.com","2025-07-16",NULL
"4599","new","John Waters","","https://www.unitedtalent.com","2025-07-16",NULL
"4623","new","Skrapz","","https://www.unitedtalent.com","2025-07-16",NULL
"4598","new","Myke Towers","","https://www.unitedtalent.com","2025-07-16",NULL
"4636","new","ZHU","","https://www.unitedtalent.com","2025-07-16",NULL
"4674","new","Frankie Stew & Harvey Gunn","","https://www.unitedtalent.com","2025-07-16",NULL
"4673","new","Trixie Mattel","","https://www.unitedtalent.com","2025-07-16",NULL
"4641","new","Aaron Lewis","","https://www.unitedtalent.com","2025-07-16",NULL
"4675","new","Busta Rhymes","","https://www.unitedtalent.com","2025-07-16",NULL
"4596","new","Gaia","","https://www.unitedtalent.com","2025-07-16",NULL
"4594","new","longstoryshort","","https://www.unitedtalent.com","2025-07-16",NULL
"4622","new","Yamê","","https://www.unitedtalent.com","2025-07-16",NULL
"4645","new","AVELLO","","https://www.unitedtalent.com","2025-07-16",NULL
"4644","new","Kenya Grace","","https://www.unitedtalent.com","2025-07-16",NULL
"4660","new","Slew","","https://www.unitedtalent.com","2025-07-16",NULL
"4656","new","Rated R","","https://www.unitedtalent.com","2025-07-16",NULL
"4605","new","EDEN","","https://www.unitedtalent.com","2025-07-16",NULL
"4595","new","Pool Kids","","https://www.unitedtalent.com","2025-07-16",NULL
"4639","new","Kid Sistr","","https://www.unitedtalent.com","2025-07-16",NULL
"4634","new","Kelela","","https://www.unitedtalent.com","2025-07-16",NULL
"4606","new","Jeshi","","https://www.unitedtalent.com","2025-07-16",NULL
"4661","new","John Popper","","https://www.unitedtalent.com","2025-07-16",NULL
"4625","new","Cash & Skye","","https://www.unitedtalent.com","2025-07-16",NULL
"4604","new","Voltage","","https://www.unitedtalent.com","2025-07-16",NULL
"4668","new","Soulwax","","https://www.unitedtalent.com","2025-07-16",NULL
"4671","new","Bleep Bloop","","https://www.unitedtalent.com","2025-07-16",NULL
"4646","new","Maxwell","","https://www.unitedtalent.com","2025-07-16",NULL
"4630","new","Ilsey","","https://www.unitedtalent.com","2025-07-16",NULL
"4602","new","Burna Boy","","https://www.unitedtalent.com","2025-07-16",NULL
"4637","new","almost monday","","https://www.unitedtalent.com","2025-07-16",NULL
"4665","new","COIN","","https://www.unitedtalent.com","2025-07-16",NULL
"4677","new","Emorfik","","https://www.unitedtalent.com","2025-07-16",NULL
"4611","new","Jefferson Starship","","https://www.unitedtalent.com","2025-07-16",NULL
"4609","new","Sofia Kourtesis","","https://www.unitedtalent.com","2025-07-16",NULL
"4659","new","Pixie Lott","","https://www.unitedtalent.com","2025-07-16",NULL
"4607","new","Solardo","","https://www.unitedtalent.com","2025-07-16",NULL
"4603","new","Lens","","https://www.unitedtalent.com","2025-07-16",NULL
"4652","new","Delacey","","https://www.unitedtalent.com","2025-07-16",NULL
"4667","new","Phillipa Soo","","https://www.unitedtalent.com","2025-07-16",NULL
"4633","new","Gabby's Dollhouse Live!","","https://www.unitedtalent.com","2025-07-16",NULL
"4615","new","Architects","","https://www.unitedtalent.com","2025-07-16",NULL
"4657","new","Dwight Yoakam","","https://www.unitedtalent.com","2025-07-16",NULL
"4624","new","Disney Princess the Concert","","https://www.unitedtalent.com","2025-07-16",NULL
"4643","new","Loe Shimmy","","https://www.unitedtalent.com","2025-07-16",NULL
"4658","new","Ned LeDoux","","https://www.unitedtalent.com","2025-07-16",NULL
"4610","new","Ethan Bortnick","","https://www.unitedtalent.com","2025-07-16",NULL
"4601","new","Bad Gyal","","https://www.unitedtalent.com","2025-07-16",NULL
"4651","new","Mills","","https://www.unitedtalent.com","2025-07-16",NULL
"4608","new","Maris","","https://www.unitedtalent.com","2025-07-16",NULL
"4629","new","Dion Timmer","","https://www.unitedtalent.com","2025-07-16",NULL
"4618","new","Susanne Sundfør","","https://www.unitedtalent.com","2025-07-16",NULL
"4676","new","Jazzy","","https://www.unitedtalent.com","2025-07-16",NULL
"4655","new","William Prince","","https://www.unitedtalent.com","2025-07-16",NULL
"4678","new","Brass Against","","https://www.unitedtalent.com","2025-07-16",NULL
"4600","new","Mia Gladstone","","https://www.unitedtalent.com","2025-07-16",NULL
"4632","new","King Crimson","","https://www.unitedtalent.com","2025-07-16",NULL
"4664","new","Blues Traveler","","https://www.unitedtalent.com","2025-07-16",NULL
"4654","new","Jackie Hollander","","https://www.unitedtalent.com","2025-07-16",NULL
"4597","new","Elephante","","https://www.unitedtalent.com","2025-07-16",NULL
"4649","new","LUCKI","","https://www.unitedtalent.com","2025-07-16",NULL
"4663","new","Björk","","https://www.unitedtalent.com","2025-07-16",NULL
"4648","new","Scene Queen","","https://www.unitedtalent.com","2025-07-16",NULL
"4631","new","Laredo","","https://www.unitedtalent.com","2025-07-16",NULL
"4687","new","The Therapist","","https://www.unitedtalent.com","2025-07-16",NULL
"4761","new","Jill Scott","","https://www.unitedtalent.com","2025-07-16",NULL
"4751","new","Julianne Hough","","https://www.unitedtalent.com","2025-07-16",NULL
"4716","new","OddKidOut","","https://www.unitedtalent.com","2025-07-16",NULL
"4757","new","urika's bedroom","","https://www.unitedtalent.com","2025-07-16",NULL
"4738","new","Vibe Chemistry","","https://www.unitedtalent.com","2025-07-16",NULL
"4709","new","Little Dume","","https://www.unitedtalent.com","2025-07-16",NULL
"4679","new","Hayden Blount","","https://www.unitedtalent.com","2025-07-16",NULL
"4719","new","Treanne","","https://www.unitedtalent.com","2025-07-16",NULL
"4712","new","Snarky Puppy","","https://www.unitedtalent.com","2025-07-16",NULL
"4710","new","Jane Penny","","https://www.unitedtalent.com","2025-07-16",NULL
"4725","new","Danko Jones","","https://www.unitedtalent.com","2025-07-16",NULL
"8877","new","Juana Molina","","https://www.highroadtouring.com","2025-07-16",NULL
"4735","new","Vini Vici","","https://www.unitedtalent.com","2025-07-16",NULL
"4734","new","will.i.am","","https://www.unitedtalent.com","2025-07-16",NULL
"4685","new","EthanUno","","https://www.unitedtalent.com","2025-07-16",NULL
"7398","new","Kaiser Chiefs","","https://music.wmeagency.com","2025-07-16",NULL
"4707","new","Haste The Day","","https://www.unitedtalent.com","2025-07-16",NULL
"4718","new","Lady Shaka","","https://www.unitedtalent.com","2025-07-16",NULL
"4693","new","Messie","","https://www.unitedtalent.com","2025-07-16",NULL
"4749","new","Dabeull","","https://www.unitedtalent.com","2025-07-16",NULL
"4763","new","Masego","","https://www.unitedtalent.com","2025-07-16",NULL
"4732","new","Phrva","","https://www.unitedtalent.com","2025-07-16",NULL
"4690","new","Good Charlotte","","https://www.unitedtalent.com","2025-07-16",NULL
"4759","new","Muerte","","https://www.unitedtalent.com","2025-07-16",NULL
"4762","new","Sylosis","","https://www.unitedtalent.com","2025-07-16",NULL
"4731","new","Luke Dean","","https://www.unitedtalent.com","2025-07-16",NULL
"4737","new","Sigrid","","https://www.unitedtalent.com","2025-07-16",NULL
"4700","new","VAVO","","https://www.unitedtalent.com","2025-07-16",NULL
"4692","new","YaSi","","https://www.unitedtalent.com","2025-07-16",NULL
"4740","new","Dayglow","","https://www.unitedtalent.com","2025-07-16",NULL
"4743","new","Mac McAnally","","https://www.unitedtalent.com","2025-07-16",NULL
"4721","new","Caravan Palace","","https://www.unitedtalent.com","2025-07-16",NULL
"4715","new","Iniko","","https://www.unitedtalent.com","2025-07-16",NULL
"4746","new","ÖWNBOSS","","https://www.unitedtalent.com","2025-07-16",NULL
"4684","new","Microwave","","https://www.unitedtalent.com","2025-07-16",NULL
"4730","new","Doctor P","","https://www.unitedtalent.com","2025-07-16",NULL
"4681","new","The Chemical Brothers","","https://www.unitedtalent.com","2025-07-16",NULL
"4752","new","Brandon Lake","","https://www.unitedtalent.com","2025-07-16",NULL
"4742","new","Die Antwoord","","https://www.unitedtalent.com","2025-07-16",NULL
"4755","new","Donovan Woods","","https://www.unitedtalent.com","2025-07-16",NULL
"4717","new","Yelle","","https://www.unitedtalent.com","2025-07-16",NULL
"4691","new","BADBADNOTGOOD","","https://www.unitedtalent.com","2025-07-16",NULL
"4736","new","Of Monsters and Men","","https://www.unitedtalent.com","2025-07-16",NULL
"4756","new","Chandler Leighton","","https://www.unitedtalent.com","2025-07-16",NULL
"4686","new","Carla Morrison","","https://www.unitedtalent.com","2025-07-16",NULL
"4758","new","Black Foxxes","","https://www.unitedtalent.com","2025-07-16",NULL
"4739","new","Ray Volpe","","https://www.unitedtalent.com","2025-07-16",NULL
"4728","new","Sydnie Christmas","","https://www.unitedtalent.com","2025-07-16",NULL
"4727","new","Lu.Re","","https://www.unitedtalent.com","2025-07-16",NULL
"4733","new","The Whitest Boy Alive","","https://www.unitedtalent.com","2025-07-16",NULL
"4760","new","Willow Avalon","","https://www.unitedtalent.com","2025-07-16",NULL
"4695","new","Emotional Oranges","","https://www.unitedtalent.com","2025-07-16",NULL
"4704","new","Steel Panther","","https://www.unitedtalent.com","2025-07-16",NULL
"4683","new","The Kid LAROI","","https://www.unitedtalent.com","2025-07-16",NULL
"4689","new","Bleu Clair","","https://www.unitedtalent.com","2025-07-16",NULL
"4703","new","DJ Mandy","","https://www.unitedtalent.com","2025-07-16",NULL
"4714","new","SG Lewis","","https://www.unitedtalent.com","2025-07-16",NULL
"4723","new","Thomas Day","","https://www.unitedtalent.com","2025-07-16",NULL
"4696","new","Luh Tyler","","https://www.unitedtalent.com","2025-07-16",NULL
"4697","new","Quavo","","https://www.unitedtalent.com","2025-07-16",NULL
"4753","new","Museum of Love","","https://www.unitedtalent.com","2025-07-16",NULL
"4750","new","Sampha","","https://www.unitedtalent.com","2025-07-16",NULL
"4754","new","Blue","","https://www.unitedtalent.com","2025-07-16",NULL
"4741","new","Demae","","https://www.unitedtalent.com","2025-07-16",NULL
"4726","new","Hiatus Kaiyote","","https://www.unitedtalent.com","2025-07-16",NULL
"4722","new","LoveLeo","","https://www.unitedtalent.com","2025-07-16",NULL
"4713","new","Diplo","","https://www.unitedtalent.com","2025-07-16",NULL
"4729","new","Mike D","","https://www.unitedtalent.com","2025-07-16",NULL
"4706","new","Crazy Cousinz","","https://www.unitedtalent.com","2025-07-16",NULL
"4711","new","Alina Pash","","https://www.unitedtalent.com","2025-07-16",NULL
"4708","new","Quiet Light","","https://www.unitedtalent.com","2025-07-16",NULL
"4748","new","VITA","","https://www.unitedtalent.com","2025-07-16",NULL
"4694","new","Leo Waters","","https://www.unitedtalent.com","2025-07-16",NULL
"4682","new","Duckwrth","","https://www.unitedtalent.com","2025-07-16",NULL
"4720","new","Sam Divine","","https://www.unitedtalent.com","2025-07-16",NULL
"4699","new","Between Friends","","https://www.unitedtalent.com","2025-07-16",NULL
"4745","new","Malice K","","https://www.unitedtalent.com","2025-07-16",NULL
"4705","new","Leon III","","https://www.unitedtalent.com","2025-07-16",NULL
"4747","new","Grove","","https://www.unitedtalent.com","2025-07-16",NULL
"4801","new","Fordo","","https://www.unitedtalent.com","2025-07-16",NULL
"4785","new","GEL","","https://www.unitedtalent.com","2025-07-16",NULL
"4817","new","JP Saxe","","https://www.unitedtalent.com","2025-07-16",NULL
"4798","new","horsegiirL","","https://www.unitedtalent.com","2025-07-16",NULL
"4847","new","33 Below","","https://www.unitedtalent.com","2025-07-16",NULL
"4795","new","Sam Alfred","","https://www.unitedtalent.com","2025-07-16",NULL
"4836","new","Sofiya Nzau","","https://www.unitedtalent.com","2025-07-16",NULL
"4839","new","Angrybaby","","https://www.unitedtalent.com","2025-07-16",NULL
"4788","new","Craig David","","https://www.unitedtalent.com","2025-07-16",NULL
"4813","new","Loren Allred","","https://www.unitedtalent.com","2025-07-16",NULL
"4767","new","Notion","","https://www.unitedtalent.com","2025-07-16",NULL
"4806","new","Mesto","","https://www.unitedtalent.com","2025-07-16",NULL
"4803","new","Usaybflow","","https://www.unitedtalent.com","2025-07-16",NULL
"4794","new","Yosuf","","https://www.unitedtalent.com","2025-07-16",NULL
"4799","new","Freaks & Geeks","","https://www.unitedtalent.com","2025-07-16",NULL
"4848","new","RIP Magic","","https://www.unitedtalent.com","2025-07-16",NULL
"4791","new","FIGHTMASTER","","https://www.unitedtalent.com","2025-07-16",NULL
"4829","new","Cannibal Corpse","","https://www.unitedtalent.com","2025-07-16",NULL
"4834","new","Carin León","","https://www.unitedtalent.com","2025-07-16",NULL
"4827","new","Lawrence","","https://www.unitedtalent.com","2025-07-16",NULL
"4825","new","Halsey","","https://www.unitedtalent.com","2025-07-16",NULL
"4805","new","Pug Johnson","","https://www.unitedtalent.com","2025-07-16",NULL
"4828","new","D-A-D","","https://www.unitedtalent.com","2025-07-16",NULL
"4768","new","Quintino","","https://www.unitedtalent.com","2025-07-16",NULL
"4779","new","Max Styler","","https://www.unitedtalent.com","2025-07-16",NULL
"4784","new","Tyla","","https://www.unitedtalent.com","2025-07-16",NULL
"4769","new","The Dare","","https://www.unitedtalent.com","2025-07-16",NULL
"4792","new","Desire","","https://www.unitedtalent.com","2025-07-16",NULL
"4787","new","Panic Shack","","https://www.unitedtalent.com","2025-07-16",NULL
"4782","new","Jack Ü","","https://www.unitedtalent.com","2025-07-16",NULL
"4773","new","Eli Young Band","","https://www.unitedtalent.com","2025-07-16",NULL
"4819","new","Royal & The Serpent","","https://www.unitedtalent.com","2025-07-16",NULL
"4811","new","Third Party","","https://www.unitedtalent.com","2025-07-16",NULL
"4808","new","Video Nasties","","https://www.unitedtalent.com","2025-07-16",NULL
"4765","new","Robert Fripp","","https://www.unitedtalent.com","2025-07-16",NULL
"4777","new","GorillaT","","https://www.unitedtalent.com","2025-07-16",NULL
"4783","new","Ash","","https://www.unitedtalent.com","2025-07-16",NULL
"4823","new","Anomalie","","https://www.unitedtalent.com","2025-07-16",NULL
"4844","new","Melt","","https://www.unitedtalent.com","2025-07-16",NULL
"4826","new","Reel Big Fish","","https://www.unitedtalent.com","2025-07-16",NULL
"4766","new","Metronomy","","https://www.unitedtalent.com","2025-07-16",NULL
"4796","new","Arrows in Action","","https://www.unitedtalent.com","2025-07-16",NULL
"4845","new","ODIE","","https://www.unitedtalent.com","2025-07-16",NULL
"4833","new","Pest Control","","https://www.unitedtalent.com","2025-07-16",NULL
"4830","new","HAFFWAY","","https://www.unitedtalent.com","2025-07-16",NULL
"4797","new","Miike Snow","","https://www.unitedtalent.com","2025-07-16",NULL
"4815","new","Songer","","https://www.unitedtalent.com","2025-07-16",NULL
"4820","new","Trey Makai","","https://www.unitedtalent.com","2025-07-16",NULL
"4812","new","DJ Shadow","","https://www.unitedtalent.com","2025-07-16",NULL
"4822","new","Lakeview","","https://www.unitedtalent.com","2025-07-16",NULL
"4841","new","Camoufly","","https://www.unitedtalent.com","2025-07-16",NULL
"4810","new","Blanco Brown","","https://www.unitedtalent.com","2025-07-16",NULL
"4838","new","Jutes","","https://www.unitedtalent.com","2025-07-16",NULL
"4802","new","borne","","https://www.unitedtalent.com","2025-07-16",NULL
"4818","new","Rival Sons","","https://www.unitedtalent.com","2025-07-16",NULL
"4835","new","David Frank","","https://www.unitedtalent.com","2025-07-16",NULL
"4807","new","Aly & AJ","","https://www.unitedtalent.com","2025-07-16",NULL
"4793","new","Terrian","","https://www.unitedtalent.com","2025-07-16",NULL
"4824","new","John Grant","","https://www.unitedtalent.com","2025-07-16",NULL
"4771","new","Ally Brooke","","https://www.unitedtalent.com","2025-07-16",NULL
"4842","new","Bear's Den","","https://www.unitedtalent.com","2025-07-16",NULL
"4789","new","Liily","","https://www.unitedtalent.com","2025-07-16",NULL
"4775","new","SKAAR","","https://www.unitedtalent.com","2025-07-16",NULL
"4809","new","OOTORO","","https://www.unitedtalent.com","2025-07-16",NULL
"4814","new","PlayThatBoiZay","","https://www.unitedtalent.com","2025-07-16",NULL
"4843","new","Mattie Pruitt","","https://www.unitedtalent.com","2025-07-16",NULL
"4816","new","Apashe","","https://www.unitedtalent.com","2025-07-16",NULL
"4781","new","Cynthia Erivo","","https://www.unitedtalent.com","2025-07-16",NULL
"4821","new","Lynda Dawn","","https://www.unitedtalent.com","2025-07-16",NULL
"4832","new","Renée Elise Goldsberry","","https://www.unitedtalent.com","2025-07-16",NULL
"4778","new","Jake Miller","","https://www.unitedtalent.com","2025-07-16",NULL
"4790","new","Shima","","https://www.unitedtalent.com","2025-07-16",NULL
"4774","new","SwaVay","","https://www.unitedtalent.com","2025-07-16",NULL
"4764","new","Brody Jenner","","https://www.unitedtalent.com","2025-07-16",NULL
"4770","new","Delta Goodrem","","https://www.unitedtalent.com","2025-07-16",NULL
"4786","new","By Storm","","https://www.unitedtalent.com","2025-07-16",NULL
"4780","new","Le Boom","","https://www.unitedtalent.com","2025-07-16",NULL
"4804","new","EARTHGANG","","https://www.unitedtalent.com","2025-07-16",NULL
"4776","new","Highly Suspect","","https://www.unitedtalent.com","2025-07-16",NULL
"4854","new","Damian Lewis","","https://www.unitedtalent.com","2025-07-16",NULL
"4875","new","Young the Giant","","https://www.unitedtalent.com","2025-07-16",NULL
"4885","new","Amie Blu","","https://www.unitedtalent.com","2025-07-16",NULL
"4901","new","Jools Holland","","https://www.unitedtalent.com","2025-07-16",NULL
"4913","new","Warren G","","https://www.unitedtalent.com","2025-07-16",NULL
"4872","new","Bas","","https://www.unitedtalent.com","2025-07-16",NULL
"7546","new","My Bloody Valentine","","https://music.wmeagency.com","2025-07-16",NULL
"4849","new","Bricknasty","","https://www.unitedtalent.com","2025-07-16",NULL
"4891","new","P-Rallel","","https://www.unitedtalent.com","2025-07-16",NULL
"4926","new","B.o.B","","https://www.unitedtalent.com","2025-07-16",NULL
"4908","new","Blanco White","","https://www.unitedtalent.com","2025-07-16",NULL
"4855","new","Anella","","https://www.unitedtalent.com","2025-07-16",NULL
"4923","new","Lynyrd Skynyrd","","https://www.unitedtalent.com","2025-07-16",NULL
"4860","new","Bear Grillz","","https://www.unitedtalent.com","2025-07-16",NULL
"4873","new","HURTBOX","","https://www.unitedtalent.com","2025-07-16",NULL
"4899","new","Byron Messia","","https://www.unitedtalent.com","2025-07-16",NULL
"4906","new","Mia Koden","","https://www.unitedtalent.com","2025-07-16",NULL
"4864","new","George Pippen","","https://www.unitedtalent.com","2025-07-16",NULL
"4907","new","Zingara","","https://www.unitedtalent.com","2025-07-16",NULL
"4917","new","Peter Murphy","","https://www.unitedtalent.com","2025-07-16",NULL
"4895","new","Fally Ipupa","","https://www.unitedtalent.com","2025-07-16",NULL
"4902","new","Don Felder","","https://www.unitedtalent.com","2025-07-16",NULL
"4925","new","Sophie Powers","","https://www.unitedtalent.com","2025-07-16",NULL
"4886","new","Forrest Frank","","https://www.unitedtalent.com","2025-07-16",NULL
"4869","new","Jamie Duggan","","https://www.unitedtalent.com","2025-07-16",NULL
"4912","new","People Museum","","https://www.unitedtalent.com","2025-07-16",NULL
"4870","new","Erika de Casier","","https://www.unitedtalent.com","2025-07-16",NULL
"4889","new","Kumo 99","","https://www.unitedtalent.com","2025-07-16",NULL
"4900","new","HAIM","","https://www.unitedtalent.com","2025-07-16",NULL
"4928","new","Allan Rayman","","https://www.unitedtalent.com","2025-07-16",NULL
"4865","new","Nine Vicious","","https://www.unitedtalent.com","2025-07-16",NULL
"4882","new","sace6","","https://www.unitedtalent.com","2025-07-16",NULL
"4919","new","My Morning Jacket","","https://www.unitedtalent.com","2025-07-16",NULL
"4883","new","Oh He Dead","","https://www.unitedtalent.com","2025-07-16",NULL
"4850","new","Gracie's Corner","","https://www.unitedtalent.com","2025-07-16",NULL
"4898","new","Lewis OfMan","","https://www.unitedtalent.com","2025-07-16",NULL
"4861","new","Dirty Honey","","https://www.unitedtalent.com","2025-07-16",NULL
"4859","new","Modera","","https://www.unitedtalent.com","2025-07-16",NULL
"4914","new","Europe","","https://www.unitedtalent.com","2025-07-16",NULL
"4871","new","Elder Island","","https://www.unitedtalent.com","2025-07-16",NULL
"4915","new","Linda Diaz","","https://www.unitedtalent.com","2025-07-16",NULL
"4878","new","Ms Dynamite","","https://www.unitedtalent.com","2025-07-16",NULL
"4918","new","Leningrad","","https://www.unitedtalent.com","2025-07-16",NULL
"4903","new","Myles Kennedy","","https://www.unitedtalent.com","2025-07-16",NULL
"4922","new","Capochino","","https://www.unitedtalent.com","2025-07-16",NULL
"4879","new","Last Heroes","","https://www.unitedtalent.com","2025-07-16",NULL
"4866","new","Ikky","","https://www.unitedtalent.com","2025-07-16",NULL
"4924","new","Skellytn","","https://www.unitedtalent.com","2025-07-16",NULL
"4856","new","Take That","","https://www.unitedtalent.com","2025-07-16",NULL
"4894","new","Judy Blank","","https://www.unitedtalent.com","2025-07-16",NULL
"4888","new","Ely Oaks","","https://www.unitedtalent.com","2025-07-16",NULL
"4851","new","MAKJ","","https://www.unitedtalent.com","2025-07-16",NULL
"4862","new","Sabrina Sterling","","https://www.unitedtalent.com","2025-07-16",NULL
"4857","new","Serum","","https://www.unitedtalent.com","2025-07-16",NULL
"4877","new","Allen Stone","","https://www.unitedtalent.com","2025-07-16",NULL
"4893","new","Midnight Generation","","https://www.unitedtalent.com","2025-07-16",NULL
"4880","new","JAX","","https://www.unitedtalent.com","2025-07-16",NULL
"4897","new","Kunal Merchant","","https://www.unitedtalent.com","2025-07-16",NULL
"4896","new","Morgan Seatree","","https://www.unitedtalent.com","2025-07-16",NULL
"4852","new","Savage Master","","https://www.unitedtalent.com","2025-07-16",NULL
"4892","new","Nick Jonas","","https://www.unitedtalent.com","2025-07-16",NULL
"4930","new","Theo Katzman","","https://www.unitedtalent.com","2025-07-16",NULL
"4867","new","That Hallmark Movie: The Musical","","https://www.unitedtalent.com","2025-07-16",NULL
"4876","new","Porcupine Tree","","https://www.unitedtalent.com","2025-07-16",NULL
"4909","new","Times of Grace","","https://www.unitedtalent.com","2025-07-16",NULL
"4874","new","Sebastian Yatra","","https://www.unitedtalent.com","2025-07-16",NULL
"4932","new","ViRG","","https://www.unitedtalent.com","2025-07-16",NULL
"4931","new","Tim Foust","","https://www.unitedtalent.com","2025-07-16",NULL
"4890","new","Rooney","","https://www.unitedtalent.com","2025-07-16",NULL
"4911","new","southstar","","https://www.unitedtalent.com","2025-07-16",NULL
"4868","new","The Band Feel","","https://www.unitedtalent.com","2025-07-16",NULL
"4910","new","Home Free","","https://www.unitedtalent.com","2025-07-16",NULL
"4863","new","CKay","","https://www.unitedtalent.com","2025-07-16",NULL
"4905","new","Jaguar","","https://www.unitedtalent.com","2025-07-16",NULL
"4884","new","quinnie","","https://www.unitedtalent.com","2025-07-16",NULL
"4927","new","C. Tangana","","https://www.unitedtalent.com","2025-07-16",NULL
"4853","new","Cher Lloyd","","https://www.unitedtalent.com","2025-07-16",NULL
"4929","new","Pacifica","","https://www.unitedtalent.com","2025-07-16",NULL
"4916","new","Paperwater","","https://www.unitedtalent.com","2025-07-16",NULL
"4933","new","Sofia Wylie","","https://www.unitedtalent.com","2025-07-16",NULL
"4941","new","Lecrae","","https://www.unitedtalent.com","2025-07-16",NULL
"4999","new","K Motionz","","https://www.unitedtalent.com","2025-07-16",NULL
"4990","new","Tank","","https://www.unitedtalent.com","2025-07-16",NULL
"4953","new","Gloria Gaynor","","https://www.unitedtalent.com","2025-07-16",NULL
"4949","new","Jonah Yano","","https://www.unitedtalent.com","2025-07-16",NULL
"4991","new","Enola Gay","","https://www.unitedtalent.com","2025-07-16",NULL
"5007","new","Ogi","","https://www.unitedtalent.com","2025-07-16",NULL
"4972","new","Chris Brown","","https://www.unitedtalent.com","2025-07-16",NULL
"4964","new","THE DRIVER ERA","","https://www.unitedtalent.com","2025-07-16",NULL
"4974","new","Durand Jones","","https://www.unitedtalent.com","2025-07-16",NULL
"4936","new","Prima Queen","","https://www.unitedtalent.com","2025-07-16",NULL
"4980","new","LUSU","","https://www.unitedtalent.com","2025-07-16",NULL
"4952","new","OT7 Quanny","","https://www.unitedtalent.com","2025-07-16",NULL
"4992","new","KaMillion","","https://www.unitedtalent.com","2025-07-16",NULL
"4950","new","Devour the Day","","https://www.unitedtalent.com","2025-07-16",NULL
"4934","new","The Polish Ambassador","","https://www.unitedtalent.com","2025-07-16",NULL
"4945","new","Adam Sellouk","","https://www.unitedtalent.com","2025-07-16",NULL
"4973","new","Klangphonics","","https://www.unitedtalent.com","2025-07-16",NULL
"4943","new","Infected Mushroom","","https://www.unitedtalent.com","2025-07-16",NULL
"4996","new","Jawnino","","https://www.unitedtalent.com","2025-07-16",NULL
"4978","new","49th & Main","","https://www.unitedtalent.com","2025-07-16",NULL
"5006","new","Midnight Tyrannosaurus","","https://www.unitedtalent.com","2025-07-16",NULL
"4967","new","Dessa","","https://www.unitedtalent.com","2025-07-16",NULL
"4993","new","Mad Tsai","","https://www.unitedtalent.com","2025-07-16",NULL
"4965","new","Maxo","","https://www.unitedtalent.com","2025-07-16",NULL
"4937","new","Vieze Asbak","","https://www.unitedtalent.com","2025-07-16",NULL
"4935","new","Cristale","","https://www.unitedtalent.com","2025-07-16",NULL
"4951","new","The Oh Hellos","","https://www.unitedtalent.com","2025-07-16",NULL
"4958","new","YG","","https://www.unitedtalent.com","2025-07-16",NULL
"4981","new","Blastoyz","","https://www.unitedtalent.com","2025-07-16",NULL
"4960","new","3 Doors Down","","https://www.unitedtalent.com","2025-07-16",NULL
"4968","new","From Ashes To New","","https://www.unitedtalent.com","2025-07-16",NULL
"4998","new","DMA'S","","https://www.unitedtalent.com","2025-07-16",NULL
"5013","new","Dirty Heads","","https://www.unitedtalent.com","2025-07-16",NULL
"5009","new","Mosaic MSC","","https://www.unitedtalent.com","2025-07-16",NULL
"4954","new","MORTEN","","https://www.unitedtalent.com","2025-07-16",NULL
"4948","new","Igwe Aka","","https://www.unitedtalent.com","2025-07-16",NULL
"4947","new","Grey Zeigler","","https://www.unitedtalent.com","2025-07-16",NULL
"5002","new","Indo Warehouse","","https://www.unitedtalent.com","2025-07-16",NULL
"5016","new","DJ Zinc","","https://www.unitedtalent.com","2025-07-16",NULL
"4989","new","Tessa Violet","","https://www.unitedtalent.com","2025-07-16",NULL
"4985","new","Hayden Coffman","","https://www.unitedtalent.com","2025-07-16",NULL
"4971","new","Shiverz","","https://www.unitedtalent.com","2025-07-16",NULL
"4995","new","Geddy Lee","","https://www.unitedtalent.com","2025-07-16",NULL
"4962","new","The Sounds","","https://www.unitedtalent.com","2025-07-16",NULL
"5015","new","Miso Extra","","https://www.unitedtalent.com","2025-07-16",NULL
"5017","new","Grimes","","https://www.unitedtalent.com","2025-07-16",NULL
"4975","new","Marcel Dettmann","","https://www.unitedtalent.com","2025-07-16",NULL
"4976","new","Alter Bridge","","https://www.unitedtalent.com","2025-07-16",NULL
"4969","new","LSZEE","","https://www.unitedtalent.com","2025-07-16",NULL
"4959","new","Switchfoot","","https://www.unitedtalent.com","2025-07-16",NULL
"5005","new","2manydjs","","https://www.unitedtalent.com","2025-07-16",NULL
"4956","new","Kaskade","","https://www.unitedtalent.com","2025-07-16",NULL
"4961","new","skaiwater","","https://www.unitedtalent.com","2025-07-16",NULL
"4955","new","Bikini Trill","","https://www.unitedtalent.com","2025-07-16",NULL
"4957","new","Josh Levi","","https://www.unitedtalent.com","2025-07-16",NULL
"4987","new","Junior Andre","","https://www.unitedtalent.com","2025-07-16",NULL
"5000","new","Obituary","","https://www.unitedtalent.com","2025-07-16",NULL
"4986","new","Paul Van Dyk","","https://www.unitedtalent.com","2025-07-16",NULL
"5012","new","Lizzy & The Triggermen","","https://www.unitedtalent.com","2025-07-16",NULL
"4970","new","Tim Montana","","https://www.unitedtalent.com","2025-07-16",NULL
"5003","new","Hope Tala","","https://www.unitedtalent.com","2025-07-16",NULL
"5014","new","CieraTheRapper","","https://www.unitedtalent.com","2025-07-16",NULL
"4938","new","Ash Olsen","","https://www.unitedtalent.com","2025-07-16",NULL
"4977","new","Starset","","https://www.unitedtalent.com","2025-07-16",NULL
"5008","new","OsamaSon","","https://www.unitedtalent.com","2025-07-16",NULL
"4944","new","TV On The Radio","","https://www.unitedtalent.com","2025-07-16",NULL
"4939","new","FOVOS","","https://www.unitedtalent.com","2025-07-16",NULL
"4979","new","Alfie Boe","","https://www.unitedtalent.com","2025-07-16",NULL
"4940","new","Megra","","https://www.unitedtalent.com","2025-07-16",NULL
"4982","new","T78","","https://www.unitedtalent.com","2025-07-16",NULL
"5001","new","The Glorious Sons","","https://www.unitedtalent.com","2025-07-16",NULL
"5010","new","Judy Collins","","https://www.unitedtalent.com","2025-07-16",NULL
"4966","new","KARD","","https://www.unitedtalent.com","2025-07-16",NULL
"4994","new","Perel","","https://www.unitedtalent.com","2025-07-16",NULL
"5011","new","Normandie","","https://www.unitedtalent.com","2025-07-16",NULL
"4988","new","asiris","","https://www.unitedtalent.com","2025-07-16",NULL
"4983","new","Christine & the Queens","","https://www.unitedtalent.com","2025-07-16",NULL
"4984","new","Amaria","","https://www.unitedtalent.com","2025-07-16",NULL
"5076","new","Bou","","https://www.unitedtalent.com","2025-07-16",NULL
"5094","new","Ida Mae","","https://www.unitedtalent.com","2025-07-16",NULL
"5066","new","Mike Eli","","https://www.unitedtalent.com","2025-07-16",NULL
"5081","new","Skiifall","","https://www.unitedtalent.com","2025-07-16",NULL
"5070","new","Juelz","","https://www.unitedtalent.com","2025-07-16",NULL
"5088","new","Cassia","","https://www.unitedtalent.com","2025-07-16",NULL
"5073","new","Stalking Gia","","https://www.unitedtalent.com","2025-07-16",NULL
"5047","new","Molchat Doma","","https://www.unitedtalent.com","2025-07-16",NULL
"5036","new","Mickman","","https://www.unitedtalent.com","2025-07-16",NULL
"5057","new","The Clairvoyants","","https://www.unitedtalent.com","2025-07-16",NULL
"5043","new","Iyla","","https://www.unitedtalent.com","2025-07-16",NULL
"5095","new","Madelline","","https://www.unitedtalent.com","2025-07-16",NULL
"5075","new","BoyWithUke","","https://www.unitedtalent.com","2025-07-16",NULL
"5050","new","Meute","","https://www.unitedtalent.com","2025-07-16",NULL
"5079","new","Distant Matter","","https://www.unitedtalent.com","2025-07-16",NULL
"5031","new","Hellogoodbye","","https://www.unitedtalent.com","2025-07-16",NULL
"5063","new","Beauty School Dropout","","https://www.unitedtalent.com","2025-07-16",NULL
"5071","new","Benda","","https://www.unitedtalent.com","2025-07-16",NULL
"5065","new","Daniela Lalita","","https://www.unitedtalent.com","2025-07-16",NULL
"5089","new","Your Old Droog","","https://www.unitedtalent.com","2025-07-16",NULL
"5034","new","Hans Williams","","https://www.unitedtalent.com","2025-07-16",NULL
"5022","new","Nevaeh Jolie","","https://www.unitedtalent.com","2025-07-16",NULL
"5055","new","Mothica","","https://www.unitedtalent.com","2025-07-16",NULL
"5028","new","Nicôle Lecky","","https://www.unitedtalent.com","2025-07-16",NULL
"5033","new","Beachcrimes","","https://www.unitedtalent.com","2025-07-16",NULL
"5098","new","Lily Meola","","https://www.unitedtalent.com","2025-07-16",NULL
"5083","new","Selfish Sons","","https://www.unitedtalent.com","2025-07-16",NULL
"5062","new","Lord Apex","","https://www.unitedtalent.com","2025-07-16",NULL
"5059","new","Iam Tongi","","https://www.unitedtalent.com","2025-07-16",NULL
"5085","new","Classmatic","","https://www.unitedtalent.com","2025-07-16",NULL
"5087","new","Goodboys","","https://www.unitedtalent.com","2025-07-16",NULL
"5052","new","Night Tapes","","https://www.unitedtalent.com","2025-07-16",NULL
"5099","new","Ricky Manning","","https://www.unitedtalent.com","2025-07-16",NULL
"5092","new","Leven Kali","","https://www.unitedtalent.com","2025-07-16",NULL
"5019","new","Emma-Jean Thackray","","https://www.unitedtalent.com","2025-07-16",NULL
"5060","new","Camo & Krooked","","https://www.unitedtalent.com","2025-07-16",NULL
"5020","new","Daniel Seavey","","https://www.unitedtalent.com","2025-07-16",NULL
"5078","new","Silly Goose","","https://www.unitedtalent.com","2025-07-16",NULL
"5091","new","One True God","","https://www.unitedtalent.com","2025-07-16",NULL
"5049","new","Ludacris","","https://www.unitedtalent.com","2025-07-16",NULL
"5051","new","JVKE","","https://www.unitedtalent.com","2025-07-16",NULL
"5037","new","Bad Boy Chiller Crew","","https://www.unitedtalent.com","2025-07-16",NULL
"5027","new","Schrotthagen","","https://www.unitedtalent.com","2025-07-16",NULL
"7741","new","Matt Corby","","https://music.wmeagency.com","2025-07-16",NULL
"5100","new","Johnny Jewel","","https://www.unitedtalent.com","2025-07-16",NULL
"5045","new","Cherry Tooth","","https://www.unitedtalent.com","2025-07-16",NULL
"5074","new","salem ilese","","https://www.unitedtalent.com","2025-07-16",NULL
"5030","new","Joalin","","https://www.unitedtalent.com","2025-07-16",NULL
"5082","new","2BYG","","https://www.unitedtalent.com","2025-07-16",NULL
"5024","new","Gavin Rossdale","","https://www.unitedtalent.com","2025-07-16",NULL
"5029","new","Wes Mills","","https://www.unitedtalent.com","2025-07-16",NULL
"5046","new","LYVIA","","https://www.unitedtalent.com","2025-07-16",NULL
"5048","new","Cabaret Voltaire","","https://www.unitedtalent.com","2025-07-16",NULL
"5096","new","The Lacs","","https://www.unitedtalent.com","2025-07-16",NULL
"5039","new","Kat Graham","","https://www.unitedtalent.com","2025-07-16",NULL
"5101","new","KREAM","","https://www.unitedtalent.com","2025-07-16",NULL
"5061","new","Watsky","","https://www.unitedtalent.com","2025-07-16",NULL
"5054","new","Kelis","","https://www.unitedtalent.com","2025-07-16",NULL
"5018","new","Mr Eazi","","https://www.unitedtalent.com","2025-07-16",NULL
"5056","new","DakhaBrakha","","https://www.unitedtalent.com","2025-07-16",NULL
"5064","new","Henry Moodie","","https://www.unitedtalent.com","2025-07-16",NULL
"5086","new","Bennett Coast","","https://www.unitedtalent.com","2025-07-16",NULL
"5072","new","Florrie","","https://www.unitedtalent.com","2025-07-16",NULL
"5080","new","Denzel Curry","","https://www.unitedtalent.com","2025-07-16",NULL
"5041","new","FKA twigs","","https://www.unitedtalent.com","2025-07-16",NULL
"5035","new","Script","","https://www.unitedtalent.com","2025-07-16",NULL
"5021","new","Nightmares on Wax","","https://www.unitedtalent.com","2025-07-16",NULL
"5023","new","Pomme","","https://www.unitedtalent.com","2025-07-16",NULL
"5058","new","Timbaland","","https://www.unitedtalent.com","2025-07-16",NULL
"5090","new","Zac Farro","","https://www.unitedtalent.com","2025-07-16",NULL
"5069","new","Marti Pellow","","https://www.unitedtalent.com","2025-07-16",NULL
"5097","new","The Retrograde","","https://www.unitedtalent.com","2025-07-16",NULL
"5040","new","The Skints","","https://www.unitedtalent.com","2025-07-16",NULL
"5044","new","blackbear","","https://www.unitedtalent.com","2025-07-16",NULL
"5067","new","Van Damn","","https://www.unitedtalent.com","2025-07-16",NULL
"5068","new","Gavin Turek","","https://www.unitedtalent.com","2025-07-16",NULL
"8878","new","The Bobby Lees","","https://www.highroadtouring.com","2025-07-16",NULL
"5093","new","Heartworms","","https://www.unitedtalent.com","2025-07-16",NULL
"5032","new","Tom Did It","","https://www.unitedtalent.com","2025-07-16",NULL
"5165","new","Wheel of Fortune Live!","","https://www.unitedtalent.com","2025-07-16",NULL
"5122","new","Kylie Minogue","","https://www.unitedtalent.com","2025-07-16",NULL
"5106","new","DJ_Dave","","https://www.unitedtalent.com","2025-07-16",NULL
"5138","new","Moonchild","","https://www.unitedtalent.com","2025-07-16",NULL
"5151","new","Cimafunk","","https://www.unitedtalent.com","2025-07-16",NULL
"5134","new","Mark Morton","","https://www.unitedtalent.com","2025-07-16",NULL
"5161","new","Flo Rida","","https://www.unitedtalent.com","2025-07-16",NULL
"5139","new","Nicky Romero","","https://www.unitedtalent.com","2025-07-16",NULL
"5185","new","Sasha Keable","","https://www.unitedtalent.com","2025-07-16",NULL
"5113","new","Big Freedia","","https://www.unitedtalent.com","2025-07-16",NULL
"5132","new","The Luka State","","https://www.unitedtalent.com","2025-07-16",NULL
"5157","new","Sir Spyro","","https://www.unitedtalent.com","2025-07-16",NULL
"5163","new","Juliette Lewis","","https://www.unitedtalent.com","2025-07-16",NULL
"5109","new","Angela Aguilar","","https://www.unitedtalent.com","2025-07-16",NULL
"5178","new","Rebecca Black","","https://www.unitedtalent.com","2025-07-16",NULL
"5127","new","Max Dean","","https://www.unitedtalent.com","2025-07-16",NULL
"5177","new","Maleigh Zan","","https://www.unitedtalent.com","2025-07-16",NULL
"5172","new","Dax","","https://www.unitedtalent.com","2025-07-16",NULL
"5169","new","Erick the Architect","","https://www.unitedtalent.com","2025-07-16",NULL
"5170","new","Obed Padilla","","https://www.unitedtalent.com","2025-07-16",NULL
"5181","new","HI-LO","","https://www.unitedtalent.com","2025-07-16",NULL
"5110","new","Footsie","","https://www.unitedtalent.com","2025-07-16",NULL
"5128","new","Sigma","","https://www.unitedtalent.com","2025-07-16",NULL
"5115","new","Mark Owen","","https://www.unitedtalent.com","2025-07-16",NULL
"5183","new","Illenium","","https://www.unitedtalent.com","2025-07-16",NULL
"5124","new","Dada Jones","","https://www.unitedtalent.com","2025-07-16",NULL
"5180","new","Denise Chaila","","https://www.unitedtalent.com","2025-07-16",NULL
"5103","new","Benny Sings","","https://www.unitedtalent.com","2025-07-16",NULL
"5147","new","Art Garfunkel","","https://www.unitedtalent.com","2025-07-16",NULL
"5120","new","Kiefer","","https://www.unitedtalent.com","2025-07-16",NULL
"5112","new","The K's","","https://www.unitedtalent.com","2025-07-16",NULL
"5143","new","Michaela Jaé","","https://www.unitedtalent.com","2025-07-16",NULL
"5148","new","HVDES","","https://www.unitedtalent.com","2025-07-16",NULL
"5144","new","In Flames","","https://www.unitedtalent.com","2025-07-16",NULL
"5167","new","Nancy and Beth","","https://www.unitedtalent.com","2025-07-16",NULL
"5175","new","David Gilmour","","https://www.unitedtalent.com","2025-07-16",NULL
"5153","new","Djammin","","https://www.unitedtalent.com","2025-07-16",NULL
"5158","new","Cyndi Lauper","","https://www.unitedtalent.com","2025-07-16",NULL
"5146","new","Ghastly","","https://www.unitedtalent.com","2025-07-16",NULL
"5174","new","Tinie","","https://www.unitedtalent.com","2025-07-16",NULL
"5121","new","Emmy Russell","","https://www.unitedtalent.com","2025-07-16",NULL
"5141","new","Remedy Club","","https://www.unitedtalent.com","2025-07-16",NULL
"5162","new","Gad Elmaleh","","https://www.unitedtalent.com","2025-07-16",NULL
"5133","new","Jorge Drexler","","https://www.unitedtalent.com","2025-07-16",NULL
"5108","new","Lil Texas","","https://www.unitedtalent.com","2025-07-16",NULL
"5135","new","Parov Stelar","","https://www.unitedtalent.com","2025-07-16",NULL
"5145","new","Oden & Fatzo","","https://www.unitedtalent.com","2025-07-16",NULL
"5102","new","Adekunle Gold","","https://www.unitedtalent.com","2025-07-16",NULL
"5123","new","Underside","","https://www.unitedtalent.com","2025-07-16",NULL
"5111","new","Luude","","https://www.unitedtalent.com","2025-07-16",NULL
"5176","new","Yasmin Williams","","https://www.unitedtalent.com","2025-07-16",NULL
"5131","new","Halfnoise","","https://www.unitedtalent.com","2025-07-16",NULL
"5126","new","Darkzy","","https://www.unitedtalent.com","2025-07-16",NULL
"5171","new","Howard Donald","","https://www.unitedtalent.com","2025-07-16",NULL
"5142","new","Night Tales","","https://www.unitedtalent.com","2025-07-16",NULL
"5159","new","Jonas Brothers","","https://www.unitedtalent.com","2025-07-16",NULL
"5155","new","Maiya The Don","","https://www.unitedtalent.com","2025-07-16",NULL
"5105","new","Smokey Bubblin' B","","https://www.unitedtalent.com","2025-07-16",NULL
"5136","new","Sam Nelson Harris","","https://www.unitedtalent.com","2025-07-16",NULL
"5154","new","Mushkilla","","https://www.unitedtalent.com","2025-07-16",NULL
"5118","new","Joe Jonas","","https://www.unitedtalent.com","2025-07-16",NULL
"5104","new","Two Shell","","https://www.unitedtalent.com","2025-07-16",NULL
"5129","new","Pierre Charles","","https://www.unitedtalent.com","2025-07-16",NULL
"5184","new","Chase Matthew","","https://www.unitedtalent.com","2025-07-16",NULL
"5160","new","Crystal Murray","","https://www.unitedtalent.com","2025-07-16",NULL
"5116","new","Frank Carter & The Rattlesnakes","","https://www.unitedtalent.com","2025-07-16",NULL
"5149","new","bodie","","https://www.unitedtalent.com","2025-07-16",NULL
"5137","new","Taylor Bennett","","https://www.unitedtalent.com","2025-07-16",NULL
"5166","new","Gkat","","https://www.unitedtalent.com","2025-07-16",NULL
"5107","new","Naïka","","https://www.unitedtalent.com","2025-07-16",NULL
"5164","new","Tunde Adebimpe","","https://www.unitedtalent.com","2025-07-16",NULL
"5150","new","[IVY]","","https://www.unitedtalent.com","2025-07-16",NULL
"5152","new","Amber Iman","","https://www.unitedtalent.com","2025-07-16",NULL
"5117","new","CL","","https://www.unitedtalent.com","2025-07-16",NULL
"5140","new","Anna Of The North","","https://www.unitedtalent.com","2025-07-16",NULL
"5173","new","KRUELTY","","https://www.unitedtalent.com","2025-07-16",NULL
"5182","new","Ross Quinn","","https://www.unitedtalent.com","2025-07-16",NULL
"5125","new","Wesley Joseph","","https://www.unitedtalent.com","2025-07-16",NULL
"5130","new","Ben Nicky","","https://www.unitedtalent.com","2025-07-16",NULL
"5198","new","emory","","https://www.unitedtalent.com","2025-07-16",NULL
"5191","new","Dabin","","https://www.unitedtalent.com","2025-07-16",NULL
"5212","new","Mojave Grey","","https://www.unitedtalent.com","2025-07-16",NULL
"5194","new","Sam Tompkins","","https://www.unitedtalent.com","2025-07-16",NULL
"5242","new","Will Anderson","","https://www.unitedtalent.com","2025-07-16",NULL
"5253","new","Jeezy","","https://www.unitedtalent.com","2025-07-16",NULL
"5189","new","While She Sleeps","","https://www.unitedtalent.com","2025-07-16",NULL
"5211","new","Breathe Carolina","","https://www.unitedtalent.com","2025-07-16",NULL
"5269","new","Peach Tree Rascals","","https://www.unitedtalent.com","2025-07-16",NULL
"5227","new","dreamfone","","https://www.unitedtalent.com","2025-07-16",NULL
"5193","new","Moody Joody","","https://www.unitedtalent.com","2025-07-16",NULL
"5195","new","KiLLOWEN","","https://www.unitedtalent.com","2025-07-16",NULL
"5248","new","The Baboon Show","","https://www.unitedtalent.com","2025-07-16",NULL
"5190","new","Culture Shock","","https://www.unitedtalent.com","2025-07-16",NULL
"5201","new","CONTACT SPORTS","","https://www.unitedtalent.com","2025-07-16",NULL
"5247","new","Daniyel","","https://www.unitedtalent.com","2025-07-16",NULL
"5222","new","Guns N' Roses","","https://www.unitedtalent.com","2025-07-16",NULL
"5225","new","Jeff Bernat","","https://www.unitedtalent.com","2025-07-16",NULL
"5243","new","GRAVEDGR","","https://www.unitedtalent.com","2025-07-16",NULL
"5254","new","Dave Mason","","https://www.unitedtalent.com","2025-07-16",NULL
"5245","new","Cat Matthews","","https://www.unitedtalent.com","2025-07-16",NULL
"5220","new","Goldfish","","https://www.unitedtalent.com","2025-07-16",NULL
"5256","new","Fievel is Glauque","","https://www.unitedtalent.com","2025-07-16",NULL
"5238","new","MGNA Crrrta","","https://www.unitedtalent.com","2025-07-16",NULL
"5234","new","Low Island","","https://www.unitedtalent.com","2025-07-16",NULL
"5199","new","Yelawolf","","https://www.unitedtalent.com","2025-07-16",NULL
"5215","new","Emma Bunton","","https://www.unitedtalent.com","2025-07-16",NULL
"5217","new","J.I the Prince of N.Y","","https://www.unitedtalent.com","2025-07-16",NULL
"5197","new","Tokyo Machine","","https://www.unitedtalent.com","2025-07-16",NULL
"5213","new","X Ambassadors","","https://www.unitedtalent.com","2025-07-16",NULL
"5268","new","Yaeji","","https://www.unitedtalent.com","2025-07-16",NULL
"5258","new","The Dirty Nil","","https://www.unitedtalent.com","2025-07-16",NULL
"5223","new","Franky Wah","","https://www.unitedtalent.com","2025-07-16",NULL
"5188","new","Ben Goldsmith","","https://www.unitedtalent.com","2025-07-16",NULL
"5265","new","Phi11a","","https://www.unitedtalent.com","2025-07-16",NULL
"5267","new","Girl Ultra","","https://www.unitedtalent.com","2025-07-16",NULL
"5244","new","Noah Floersch","","https://www.unitedtalent.com","2025-07-16",NULL
"5209","new","English Teacher","","https://www.unitedtalent.com","2025-07-16",NULL
"5255","new","BlackHawk","","https://www.unitedtalent.com","2025-07-16",NULL
"5251","new","MICO","","https://www.unitedtalent.com","2025-07-16",NULL
"5204","new","Jessy Lanza","","https://www.unitedtalent.com","2025-07-16",NULL
"5236","new","Miles Mosley","","https://www.unitedtalent.com","2025-07-16",NULL
"5221","new","phonon","","https://www.unitedtalent.com","2025-07-16",NULL
"5261","new","Brix Smith","","https://www.unitedtalent.com","2025-07-16",NULL
"5264","new","Leigh-Anne","","https://www.unitedtalent.com","2025-07-16",NULL
"5266","new","Vendredi Sur Mer","","https://www.unitedtalent.com","2025-07-16",NULL
"5219","new","Cat Empire, The","","https://www.unitedtalent.com","2025-07-16",NULL
"5218","new","daysormay","","https://www.unitedtalent.com","2025-07-16",NULL
"5262","new","Jon Casey","","https://www.unitedtalent.com","2025-07-16",NULL
"5202","new","Anitta","","https://www.unitedtalent.com","2025-07-16",NULL
"5235","new","Teezo Touchdown","","https://www.unitedtalent.com","2025-07-16",NULL
"5257","new","TOPS","","https://www.unitedtalent.com","2025-07-16",NULL
"5250","new","Timmy Trumpet","","https://www.unitedtalent.com","2025-07-16",NULL
"5207","new","Nectar Woode","","https://www.unitedtalent.com","2025-07-16",NULL
"5228","new","BALTHVS","","https://www.unitedtalent.com","2025-07-16",NULL
"5216","new","DITZ","","https://www.unitedtalent.com","2025-07-16",NULL
"5263","new","Katatonia","","https://www.unitedtalent.com","2025-07-16",NULL
"5205","new","Adam Deitch","","https://www.unitedtalent.com","2025-07-16",NULL
"5240","new","Jharrel Jerome","","https://www.unitedtalent.com","2025-07-16",NULL
"5208","new","nimino","","https://www.unitedtalent.com","2025-07-16",NULL
"5203","new","House of Pharaohs","","https://www.unitedtalent.com","2025-07-16",NULL
"5224","new","Clutch","","https://www.unitedtalent.com","2025-07-16",NULL
"5260","new","Frankie Beetlestone","","https://www.unitedtalent.com","2025-07-16",NULL
"5186","new","Viperactive","","https://www.unitedtalent.com","2025-07-16",NULL
"5206","new","Bambara","","https://www.unitedtalent.com","2025-07-16",NULL
"5196","new","Emily Ann Roberts","","https://www.unitedtalent.com","2025-07-16",NULL
"5214","new","The Marías","","https://www.unitedtalent.com","2025-07-16",NULL
"5233","new","Roy Woods","","https://www.unitedtalent.com","2025-07-16",NULL
"5252","new","Ethel","","https://www.unitedtalent.com","2025-07-16",NULL
"5239","new","Said The Sky","","https://www.unitedtalent.com","2025-07-16",NULL
"5249","new","Erin LeCount","","https://www.unitedtalent.com","2025-07-16",NULL
"5226","new","ROME","","https://www.unitedtalent.com","2025-07-16",NULL
"5259","new","Not Enough Space","","https://www.unitedtalent.com","2025-07-16",NULL
"5192","new","Romance Planet","","https://www.unitedtalent.com","2025-07-16",NULL
"5237","new","Sosupersam","","https://www.unitedtalent.com","2025-07-16",NULL
"5231","new","Dizzee Rascal","","https://www.unitedtalent.com","2025-07-16",NULL
"5246","new","Chet Faker","","https://www.unitedtalent.com","2025-07-16",NULL
"5230","new","Kristin Chenoweth","","https://www.unitedtalent.com","2025-07-16",NULL
"5339","new","SILK","","https://www.unitedtalent.com","2025-07-16",NULL
"5345","new","Middle Distance","","https://www.unitedtalent.com","2025-07-16",NULL
"5324","new","Skepsis","","https://www.unitedtalent.com","2025-07-16",NULL
"5344","new","Big Hit","","https://www.unitedtalent.com","2025-07-16",NULL
"5329","new","Mozey","","https://www.unitedtalent.com","2025-07-16",NULL
"5315","new","Steven Pasquale","","https://www.unitedtalent.com","2025-07-16",NULL
"5275","new","John Harvie","","https://www.unitedtalent.com","2025-07-16",NULL
"8879","new","The Cactus Blossoms","","https://www.highroadtouring.com","2025-07-16",NULL
"8880","new","William Tyler","","https://www.highroadtouring.com","2025-07-16",NULL
"8881","new","Deep Sea Diver","","https://www.highroadtouring.com","2025-07-16",NULL
"8882","new","Houndmouth","","https://www.highroadtouring.com","2025-07-16",NULL
"8883","new","Robyn Hitchcock","","https://www.highroadtouring.com","2025-07-16",NULL
"8884","new","Sam Blasucci","","https://www.highroadtouring.com","2025-07-16",NULL
"8885","new","Feist","","https://www.highroadtouring.com","2025-07-16",NULL
"8886","new","Tomberlin","","https://www.highroadtouring.com","2025-07-16",NULL
"8887","new","Jonathan Richman","","https://www.highroadtouring.com","2025-07-16",NULL
"8888","new","Case Oats","","https://www.highroadtouring.com","2025-07-16",NULL
"8889","new","The Autumn Defense","","https://www.highroadtouring.com","2025-07-16",NULL
"8890","new","Will Paquin","","https://www.highroadtouring.com","2025-07-16",NULL
"8891","new","Dan Wilson","","https://www.highroadtouring.com","2025-07-16",NULL
"8892","new","Muzz","","https://www.highroadtouring.com","2025-07-16",NULL
"8893","new","Ben Lukas Boysen","","https://www.highroadtouring.com","2025-07-16",NULL
"8894","new","Brown Horse","","https://www.highroadtouring.com","2025-07-16",NULL
"8895","new","Stereo MCs","","https://www.highroadtouring.com","2025-07-16",NULL
"8896","new","Joan Shelley","","https://www.highroadtouring.com","2025-07-16",NULL
"8897","new","The Ike Reilly Assassination","","https://www.highroadtouring.com","2025-07-16",NULL
"8898","new","Arny Margret","","https://www.highroadtouring.com","2025-07-16",NULL
"8899","new","Sadurn","","https://www.highroadtouring.com","2025-07-16",NULL
"8900","new","Benmont Tench","","https://www.highroadtouring.com","2025-07-16",NULL
"8901","new","Nathaniel Rateliff","","https://www.highroadtouring.com","2025-07-16",NULL
"8902","new","Heartless Bastards","","https://www.highroadtouring.com","2025-07-16",NULL
"8903","new","Christopher Owens","","https://www.highroadtouring.com","2025-07-16",NULL
"8904","new","Joan Baez","","https://www.highroadtouring.com","2025-07-16",NULL
"8905","new","Lucius","","https://www.highroadtouring.com","2025-07-16",NULL
"8906","new","Soul Coughing","","https://www.highroadtouring.com","2025-07-16",NULL
"8907","new","Dawn Richard & Spencer Zahn","","https://www.highroadtouring.com","2025-07-16",NULL
"8908","new","Jess Williamson","","https://www.highroadtouring.com","2025-07-16",NULL
"8909","new","Frank Black","","https://www.highroadtouring.com","2025-07-16",NULL
"8910","new","Cold Court","","https://www.highroadtouring.com","2025-07-16",NULL
"8911","new","Mike Doughty","","https://www.highroadtouring.com","2025-07-16",NULL
"8912","new","Them Jeans","","https://www.highroadtouring.com","2025-07-16",NULL
"8913","new","Tommy Emmanuel","","https://www.highroadtouring.com","2025-07-16",NULL
"8914","new","Lisa O'Neill","","https://www.highroadtouring.com","2025-07-16",NULL
"8915","new","Meat Puppets","","https://www.highroadtouring.com","2025-07-16",NULL
"8916","new","Valley Queen","","https://www.highroadtouring.com","2025-07-16",NULL
"8917","new","Indigo Girls","","https://www.highroadtouring.com","2025-07-16",NULL
"8918","new","Nels Cline","","https://www.highroadtouring.com","2025-07-16",NULL
"8919","new","The Jerry Douglas Band","","https://www.highroadtouring.com","2025-07-16",NULL
"8920","new","Jeff Tweedy","","https://www.highroadtouring.com","2025-07-16",NULL
"8921","new","Ben Watt","","https://www.highroadtouring.com","2025-07-16",NULL
"8922","new","Saving Grace","","https://www.highroadtouring.com","2025-07-16",NULL
"8923","new","Charlotte Rose Benjamin","","https://www.highroadtouring.com","2025-07-16",NULL
"8924","new","Aimee Mann","","https://www.highroadtouring.com","2025-07-16",NULL
"8925","new","Dean & Britta","","https://www.highroadtouring.com","2025-07-16",NULL
"8926","new","Alabama Shakes","","https://www.highroadtouring.com","2025-07-16",NULL
"8927","new","Faetooth","","https://www.highroadtouring.com","2025-07-16",NULL
"8928","new","The dB's","","https://www.highroadtouring.com","2025-07-16",NULL
"8929","new","Bailen","","https://www.highroadtouring.com","2025-07-16",NULL
"8930","new","Jonathan Rado","","https://www.highroadtouring.com","2025-07-16",NULL
"8931","new","Bad Bad Hats","","https://www.highroadtouring.com","2025-07-16",NULL
"8932","new","They Might Be Giants","","https://www.highroadtouring.com","2025-07-16",NULL
"8933","new","Glenn Kotche","","https://www.highroadtouring.com","2025-07-16",NULL
"8934","new","BOY","","https://www.highroadtouring.com","2025-07-16",NULL
"8935","new","Foxygen","","https://www.highroadtouring.com","2025-07-16",NULL
"8936","new","Son Volt","","https://www.highroadtouring.com","2025-07-16",NULL
"8937","new","Cut Worms","","https://www.highroadtouring.com","2025-07-16",NULL
"8938","new","Sunflower Bean","","https://www.highroadtouring.com","2025-07-16",NULL
"8939","new","Beth Gibbons","","https://www.highroadtouring.com","2025-07-16",NULL
"8940","new","Suzanne Vega","","https://www.highroadtouring.com","2025-07-16",NULL
"8941","new","Peter Wolf","","https://www.highroadtouring.com","2025-07-16",NULL
"8942","new","Panchiko","","https://www.highroadtouring.com","2025-07-16",NULL
"8943","new","Cory Henry","","https://www.highroadtouring.com","2025-07-16",NULL
"8944","new","The Handsome Family","","https://www.highroadtouring.com","2025-07-16",NULL
"8945","new","Jobi Riccio","","https://www.highroadtouring.com","2025-07-16",NULL
"8946","new","Buddy Miller","","https://www.highroadtouring.com","2025-07-16",NULL
"8947","new","The Jesus And Mary Chain","","https://www.highroadtouring.com","2025-07-16",NULL
"8948","new","This Is The Kit","","https://www.highroadtouring.com","2025-07-16",NULL
"8949","new","Night Moves","","https://www.highroadtouring.com","2025-07-16",NULL
"8950","new","Parker Millsap","","https://www.highroadtouring.com","2025-07-16",NULL
"8951","new","Bitchin Bajas","","https://www.highroadtouring.com","2025-07-16",NULL
"8952","new","Blonde Redhead","","https://www.highroadtouring.com","2025-07-16",NULL
"8953","new","Daniel Norgren","","https://www.highroadtouring.com","2025-07-16",NULL
"8954","new","Rich Ruth","","https://www.highroadtouring.com","2025-07-16",NULL
"8955","new","Free Range","","https://www.highroadtouring.com","2025-07-16",NULL
"8956","new","Goldie Boutilier","","https://www.highroadtouring.com","2025-07-16",NULL
"8957","new","Slowdive","","https://www.highroadtouring.com","2025-07-16",NULL
"8958","new","Strawberry Guy","","https://www.highroadtouring.com","2025-07-16",NULL
"8959","new","Delicate Steve","","https://www.highroadtouring.com","2025-07-16",NULL
"8960","new","Tift Merritt","","https://www.highroadtouring.com","2025-07-16",NULL
"8961","new","Shovels & Rope","","https://www.highroadtouring.com","2025-07-16",NULL
"8962","new","Hope Sandoval","","https://www.highroadtouring.com","2025-07-16",NULL
"8963","new","Violent Femmes","","https://www.highroadtouring.com","2025-07-16",NULL
"8964","new","Dean Ween Group","","https://www.highroadtouring.com","2025-07-16",NULL
"8965","new","Old Sea Brigade","","https://www.highroadtouring.com","2025-07-16",NULL
"8966","new","KAZU","","https://www.highroadtouring.com","2025-07-16",NULL
"8967","new","Broken Social Scene","","https://www.highroadtouring.com","2025-07-16",NULL
"8968","new","McKinley Dixon","","https://www.highroadtouring.com","2025-07-16",NULL
"8969","new","Kathleen Edwards","","https://www.highroadtouring.com","2025-07-16",NULL
"8970","new","Ethan Tasch","","https://www.highroadtouring.com","2025-07-16",NULL
"8971","new","Chris Forsyth","","https://www.highroadtouring.com","2025-07-16",NULL
"8972","new","George Winston","","https://www.highroadtouring.com","2025-07-16",NULL
"8973","new","Graham Nash","","https://www.highroadtouring.com","2025-07-16",NULL
"8974","new","Kacy & Clayton","","https://www.highroadtouring.com","2025-07-16",NULL
"8975","new","King Buffalo","","https://www.highroadtouring.com","2025-07-16",NULL
"8976","new","Larry Campbell & Teresa Williams","","https://www.highroadtouring.com","2025-07-16",NULL
"8977","new","Alexa Rose","","https://www.highroadtouring.com","2025-07-16",NULL
"8978","new","Horsepower","","https://www.highroadtouring.com","2025-07-16",NULL
"8979","new","Mazzy Star","","https://www.highroadtouring.com","2025-07-16",NULL
"8980","new","Jesse Welles","","https://www.highroadtouring.com","2025-07-16",NULL
"8981","new","A.O. Gerber","","https://www.highroadtouring.com","2025-07-16",NULL
"8982","new","Scary Pockets","","https://www.highroadtouring.com","2025-07-16",NULL
"8983","new","Angela Autumn","","https://www.highroadtouring.com","2025-07-16",NULL
"8984","new","Tré Burt","","https://www.highroadtouring.com","2025-07-16",NULL
"8985","new","Muireann Bradley","","https://www.highroadtouring.com","2025-07-16",NULL
"8986","new","Amanda Palmer","","https://www.highroadtouring.com","2025-07-16",NULL
"8987","new","Daymé Arocena","","https://www.highroadtouring.com","2025-07-16",NULL
"8988","new","Soccer Mommy","","https://www.highroadtouring.com","2025-07-16",NULL
"8989","new","Sam Amidon","","https://www.highroadtouring.com","2025-07-16",NULL
"8990","new","Sam Burton","","https://www.highroadtouring.com","2025-07-16",NULL
"8991","new","Songhoy Blues","","https://www.highroadtouring.com","2025-07-16",NULL
"8992","new","Elizabeth Moen","","https://www.highroadtouring.com","2025-07-16",NULL
"8993","new","James McMurtry","","https://www.highroadtouring.com","2025-07-16",NULL
"8994","new","Ollabelle","","https://www.highroadtouring.com","2025-07-16",NULL
"8995","new","John Moreland","","https://www.highroadtouring.com","2025-07-16",NULL
"8996","new","Jerry Douglas","","https://www.highroadtouring.com","2025-07-16",NULL
"8997","new","OFF!","","https://www.highroadtouring.com","2025-07-16",NULL
"8998","new","Sam Evian","","https://www.highroadtouring.com","2025-07-16",NULL
"8999","new","Margaux","","https://www.highroadtouring.com","2025-07-16",NULL
"9000","new","How Long Gone","","https://www.highroadtouring.com","2025-07-16",NULL
"9001","new","Jeremie Albino","","https://www.highroadtouring.com","2025-07-16",NULL
"9002","new","Bleached","","https://www.highroadtouring.com","2025-07-16",NULL
"9003","new","The Weather Station","","https://www.highroadtouring.com","2025-07-16",NULL
"9004","new","Emily King","","https://www.highroadtouring.com","2025-07-16",NULL
"9005","new","Nick Lowe & Los Straitjackets","","https://www.highroadtouring.com","2025-07-16",NULL
"9006","new","Teenage Fanclub","","https://www.highroadtouring.com","2025-07-16",NULL
"9007","new","Lamont Landers","","https://www.highroadtouring.com","2025-07-16",NULL
"9008","new","JD McPherson","","https://www.highroadtouring.com","2025-07-16",NULL
"9009","new","Yo La Tengo","","https://www.highroadtouring.com","2025-07-16",NULL
"9010","new","The Dead Tongues","","https://www.highroadtouring.com","2025-07-16",NULL
"9011","new","Indigo Sparke","","https://www.highroadtouring.com","2025-07-16",NULL
"9012","new","Pomplamoose","","https://www.highroadtouring.com","2025-07-16",NULL
"9013","new","Boz Scaggs","","https://www.highroadtouring.com","2025-07-16",NULL
"9014","new","Emily Saliers","","https://www.highroadtouring.com","2025-07-16",NULL
"9015","new","Model/Actriz","","https://www.highroadtouring.com","2025-07-16",NULL
"9016","new","Joseph","","https://www.highroadtouring.com","2025-07-16",NULL
"9017","new","Cowboy Junkies","","https://www.highroadtouring.com","2025-07-16",NULL
"9018","new","Nataly Dawn","","https://www.highroadtouring.com","2025-07-16",NULL
"9019","new","Slift","","https://www.highroadtouring.com","2025-07-16",NULL
"9020","new","The Dip","","https://www.highroadtouring.com","2025-07-16",NULL
"9021","new","Los Amigos Invisibles","","https://www.highroadtouring.com","2025-07-16",NULL
"9022","new","Television","","https://www.highroadtouring.com","2025-07-16",NULL
"9023","new","Jay Farrar","","https://www.highroadtouring.com","2025-07-16",NULL
"9024","new","Agriculture","","https://www.highroadtouring.com","2025-07-16",NULL
"9025","new","All Them Witches","","https://www.highroadtouring.com","2025-07-16",NULL
"9026","new","Becca Mancari","","https://www.highroadtouring.com","2025-07-16",NULL
"9027","new","Lutalo","","https://www.highroadtouring.com","2025-07-16",NULL
"9028","new","Natalie Bergman","","https://www.highroadtouring.com","2025-07-16",NULL
"9029","new","Rachel Bobbitt","","https://www.highroadtouring.com","2025-07-16",NULL
"9030","new","The Boxer Rebellion","","https://www.highroadtouring.com","2025-07-16",NULL
"9031","new","Tweedy","","https://www.highroadtouring.com","2025-07-16",NULL
"9032","new","Jr Parks","","https://www.highroadtouring.com","2025-07-16",NULL
"9033","new","Skyway Man","","https://www.highroadtouring.com","2025-07-16",NULL
"9034","new","Alexis & the Sanity","","https://www.highroadtouring.com","2025-07-16",NULL
"9035","new","Ween","","https://www.highroadtouring.com","2025-07-16",NULL
"9036","new","Jonny Fritz","","https://www.highroadtouring.com","2025-07-16",NULL
"9037","new","Aaron Lee Tasjan","","https://www.highroadtouring.com","2025-07-16",NULL
"9038","new","Patti Smith and Her Band","","https://www.highroadtouring.com","2025-07-16",NULL
"9039","new","Sweeping Promises","","https://www.highroadtouring.com","2025-07-16",NULL
"9040","new","Eleanor Friedberger","","https://www.highroadtouring.com","2025-07-16",NULL
"9041","new","Patty Griffin","","https://www.highroadtouring.com","2025-07-16",NULL
"9042","new","Anna St. Louis","","https://www.highroadtouring.com","2025-07-16",NULL
"9043","new","Forest Claudette","","https://www.highroadtouring.com","2025-07-16",NULL
"9044","new","Lucinda Williams","","https://www.highroadtouring.com","2025-07-16",NULL
"9045","new","Sean Rowe","","https://www.highroadtouring.com","2025-07-16",NULL
"9046","new","Big Star Quintet","","https://www.highroadtouring.com","2025-07-16",NULL
"9047","new","Cymande","","https://www.highroadtouring.com","2025-07-16",NULL
"9048","new","Kevin Drew","","https://www.highroadtouring.com","2025-07-16",NULL
"9049","new","Caroline Rose","","https://www.highroadtouring.com","2025-07-16",NULL
"9050","new","Allegra Krieger","","https://www.highroadtouring.com","2025-07-16",NULL
"9051","new","The Symposium","","https://www.highroadtouring.com","2025-07-16",NULL
"9052","new","Tindersticks","","https://www.highroadtouring.com","2025-07-16",NULL
"9053","new","Beth Orton","","https://www.highroadtouring.com","2025-07-16",NULL
"9054","new","Midlake","","https://www.highroadtouring.com","2025-07-16",NULL
"9055","new","Aterciopelados","","https://www.highroadtouring.com","2025-07-16",NULL
"9056","new","Rattlesnake Milk","","https://www.highroadtouring.com","2025-07-16",NULL
"9057","new","Matthew Sweet","","https://www.highroadtouring.com","2025-07-16",NULL
"9058","new","Squirrel Flower","","https://www.highroadtouring.com","2025-07-16",NULL
"9059","new","Lambchop","","https://www.highroadtouring.com","2025-07-16",NULL
"9060","new","Cedric Burnside","","https://www.highroadtouring.com","2025-07-16",NULL
"9061","new","Pigs Pigs Pigs Pigs Pigs Pigs Pigs","","https://www.highroadtouring.com","2025-07-16",NULL
"9062","new","Lydia","","https://www.highroadtouring.com","2025-07-16",NULL
"9063","new","Garcia Peoples","","https://www.highroadtouring.com","2025-07-16",NULL
"9064","new","Seratones","","https://www.highroadtouring.com","2025-07-16",NULL
"9065","new","Monobloc","","https://www.highroadtouring.com","2025-07-16",NULL
"9066","new","Purr","","https://www.highroadtouring.com","2025-07-16",NULL
"9067","new","My Bloody Valentine","","https://www.highroadtouring.com","2025-07-16",NULL
"9068","new","Anjimile","","https://www.highroadtouring.com","2025-07-16",NULL
"9069","new","CVC","","https://www.highroadtouring.com","2025-07-16",NULL
"9070","new","Folly Group","","https://www.highroadtouring.com","2025-07-16",NULL
"9071","new","Ian Hunter","","https://www.highroadtouring.com","2025-07-16",NULL
"9072","new","They Are Gutting a Body of Water","","https://www.highroadtouring.com","2025-07-16",NULL
"9073","new","Amy Ray","","https://www.highroadtouring.com","2025-07-16",NULL
"9074","new","Frank Orrall","","https://www.highroadtouring.com","2025-07-16",NULL
"9075","new","Nathaniel Rateliff & The Night Sweats","","https://www.highroadtouring.com","2025-07-16",NULL
"9076","new","Brittany Howard","","https://www.highroadtouring.com","2025-07-16",NULL
"9077","new","BASIC","","https://www.highroadtouring.com","2025-07-16",NULL
"9078","new","Jayla Kai","","https://www.highroadtouring.com","2025-07-16",NULL
"9079","new","Phoebe Bridgers","","https://www.highroadtouring.com","2025-07-16",NULL
"9080","new","Neil Halstead","","https://www.highroadtouring.com","2025-07-16",NULL
"9081","new","L'Rain","","https://www.highroadtouring.com","2025-07-16",NULL
"9082","new","Robert Plant","","https://www.highroadtouring.com","2025-07-16",NULL
"9083","new","Overcoats","","https://www.highroadtouring.com","2025-07-16",NULL
"9084","new","Rickie Lee Jones","","https://www.highroadtouring.com","2025-07-16",NULL
"9085","new","SASAMI","","https://www.highroadtouring.com","2025-07-16",NULL
"9086","new","Mary Gauthier","","https://www.highroadtouring.com","2025-07-16",NULL
"9087","new","The Arcadian Wild","","https://www.highroadtouring.com","2025-07-16",NULL
"9088","new","Rickshaw Billie's Burger Patrol","","https://www.highroadtouring.com","2025-07-16",NULL
"9089","new","Jake Xerxes Fussell","","https://www.highroadtouring.com","2025-07-16",NULL
"9090","new","Joelton Mayfield","","https://www.highroadtouring.com","2025-07-16",NULL
"9091","new","Kate Bollinger","","https://www.highroadtouring.com","2025-07-16",NULL
"9092","new","Ratboys","","https://www.highroadtouring.com","2025-07-16",NULL
"9093","new","Vetiver","","https://www.highroadtouring.com","2025-07-16",NULL
"9094","new","Deer Tick","","https://www.highroadtouring.com","2025-07-16",NULL
"9095","new","Sweet Crude","","https://www.highroadtouring.com","2025-07-16",NULL
"9096","new","Forest Swords","","https://www.highroadtouring.com","2025-07-16",NULL
"9097","new","OKAN","","https://www.highroadtouring.com","2025-07-16",NULL
"9098","new","Brendan Abernathy","","https://www.highroadtouring.com","2025-07-16",NULL
"9099","new","Richard Thompson","","https://www.highroadtouring.com","2025-07-16",NULL
"9100","new","Semisonic","","https://www.highroadtouring.com","2025-07-16",NULL
"9101","new","The Heavy Heavy","","https://www.highroadtouring.com","2025-07-16",NULL
"9102","new","Anna Mieke","","https://www.highroadtouring.com","2025-07-16",NULL
"9103","new","Puma Blue","","https://www.highroadtouring.com","2025-07-16",NULL
"9104","new","Barbaro","","https://www.highroadtouring.com","2025-07-16",NULL
"9105","new","L.A. Witch","","https://www.highroadtouring.com","2025-07-16",NULL
"9106","new","Jeffrey Lewis","","https://www.highroadtouring.com","2025-07-16",NULL
"9107","new","Cass McCombs","","https://www.highroadtouring.com","2025-07-16",NULL
"9108","new","Early James","","https://www.highroadtouring.com","2025-07-16",NULL
"9109","new","Rogue Wave","","https://www.highroadtouring.com","2025-07-16",NULL
"875","new","TR Tactics","","https://www.mbartists.co.uk","2025-07-16",NULL
"1106","new","ØZI","","https://www.teamwass.com","2025-07-16",NULL
"5348","new","Humble the Great","","https://www.unitedtalent.com","2025-07-16",NULL
"5304","new","CassKidd","","https://www.unitedtalent.com","2025-07-16",NULL
"5302","new","Vancouver Sleep Clinic","","https://www.unitedtalent.com","2025-07-16",NULL
"5309","new","Florence + The Machine","","https://www.unitedtalent.com","2025-07-16",NULL
"5282","new","Karol G","","https://www.unitedtalent.com","2025-07-16",NULL
"5279","new","Drew Holcomb","","https://www.unitedtalent.com","2025-07-16",NULL
"5323","new","Goosey","","https://www.unitedtalent.com","2025-07-16",NULL
"5301","new","Hiroko Yamamura","","https://www.unitedtalent.com","2025-07-16",NULL
"5286","new","YehMe2","","https://www.unitedtalent.com","2025-07-16",NULL
"5276","new","Dylan Gossett","","https://www.unitedtalent.com","2025-07-16",NULL
"5294","new","Danna","","https://www.unitedtalent.com","2025-07-16",NULL
"5299","new","Brenn!","","https://www.unitedtalent.com","2025-07-16",NULL
"5316","new","Millencolin","","https://www.unitedtalent.com","2025-07-16",NULL
"5340","new","Sebastien Tellier","","https://www.unitedtalent.com","2025-07-16",NULL
"5325","new","Colin Stough","","https://www.unitedtalent.com","2025-07-16",NULL
"5328","new","Stromaé","","https://www.unitedtalent.com","2025-07-16",NULL
"5336","new","Agnez Mo","","https://www.unitedtalent.com","2025-07-16",NULL
"5338","new","jo from school","","https://www.unitedtalent.com","2025-07-16",NULL
"5314","new","Lil Nas X","","https://www.unitedtalent.com","2025-07-16",NULL
"5321","new","Finn Foxell","","https://www.unitedtalent.com","2025-07-16",NULL
"5350","new","Iris","","https://www.unitedtalent.com","2025-07-16",NULL
"5318","new","Tyler Hubbard","","https://www.unitedtalent.com","2025-07-16",NULL
"5303","new","Grace VanderWaal","","https://www.unitedtalent.com","2025-07-16",NULL
"5281","new","Kyle Watson","","https://www.unitedtalent.com","2025-07-16",NULL
"5308","new","DJ Q","","https://www.unitedtalent.com","2025-07-16",NULL
"5288","new","Colt Graves","","https://www.unitedtalent.com","2025-07-16",NULL
"5306","new","Leisure","","https://www.unitedtalent.com","2025-07-16",NULL
"8382","new","Jonathan Richman","","https://primarytalent.com","2025-07-16",NULL
"5289","new","DJ Khaled","","https://www.unitedtalent.com","2025-07-16",NULL
"5313","new","Phil Wickham","","https://www.unitedtalent.com","2025-07-16",NULL
"5305","new","Pauline Herr","","https://www.unitedtalent.com","2025-07-16",NULL
"5270","new","Flux Pavilion","","https://www.unitedtalent.com","2025-07-16",NULL
"5334","new","Bresh","","https://www.unitedtalent.com","2025-07-16",NULL
"5280","new","PARTYNEXTDOOR","","https://www.unitedtalent.com","2025-07-16",NULL
"5283","new","Jasiel Nuñez","","https://www.unitedtalent.com","2025-07-16",NULL
"5343","new","Arca","","https://www.unitedtalent.com","2025-07-16",NULL
"5277","new","Yseult","","https://www.unitedtalent.com","2025-07-16",NULL
"5320","new","Hybrid Minds","","https://www.unitedtalent.com","2025-07-16",NULL
"5297","new","BcK","","https://www.unitedtalent.com","2025-07-16",NULL
"5310","new","Boris Brejcha","","https://www.unitedtalent.com","2025-07-16",NULL
"5296","new","Leif Vollebekk","","https://www.unitedtalent.com","2025-07-16",NULL
"5332","new","Sam Rivera","","https://www.unitedtalent.com","2025-07-16",NULL
"5319","new","Katie Lynne Sharbaugh","","https://www.unitedtalent.com","2025-07-16",NULL
"5341","new","Zolita","","https://www.unitedtalent.com","2025-07-16",NULL
"5342","new","Venbee","","https://www.unitedtalent.com","2025-07-16",NULL
"5285","new","Chris James","","https://www.unitedtalent.com","2025-07-16",NULL
"5346","new","Violet Chachki","","https://www.unitedtalent.com","2025-07-16",NULL
"5322","new","Marc Scibilia","","https://www.unitedtalent.com","2025-07-16",NULL
"5271","new","Johnny Stimson","","https://www.unitedtalent.com","2025-07-16",NULL
"5293","new","Mason Ramsey","","https://www.unitedtalent.com","2025-07-16",NULL
"5295","new","David Sylvian","","https://www.unitedtalent.com","2025-07-16",NULL
"5287","new","Ayra Starr","","https://www.unitedtalent.com","2025-07-16",NULL
"5347","new","Adam Ant","","https://www.unitedtalent.com","2025-07-16",NULL
"5307","new","Amanda Shires","","https://www.unitedtalent.com","2025-07-16",NULL
"5333","new","Molly Grace","","https://www.unitedtalent.com","2025-07-16",NULL
"5337","new","Ena Mori","","https://www.unitedtalent.com","2025-07-16",NULL
"5317","new","Alcemist","","https://www.unitedtalent.com","2025-07-16",NULL
"5274","new","CHYL","","https://www.unitedtalent.com","2025-07-16",NULL
"5292","new","Neptizzle","","https://www.unitedtalent.com","2025-07-16",NULL
"5331","new","Annie Tracy","","https://www.unitedtalent.com","2025-07-16",NULL
"5335","new","Nai Palm","","https://www.unitedtalent.com","2025-07-16",NULL
"5300","new","Romeo Santos","","https://www.unitedtalent.com","2025-07-16",NULL
"5327","new","Cash Cash","","https://www.unitedtalent.com","2025-07-16",NULL
"5326","new","Ms Banks","","https://www.unitedtalent.com","2025-07-16",NULL
"5290","new","D Double E","","https://www.unitedtalent.com","2025-07-16",NULL
"5278","new","Robyn","","https://www.unitedtalent.com","2025-07-16",NULL
"5311","new","Jeremih","","https://www.unitedtalent.com","2025-07-16",NULL
"5330","new","Ruston Kelly","","https://www.unitedtalent.com","2025-07-16",NULL
"5291","new","David Keenan","","https://www.unitedtalent.com","2025-07-16",NULL
"5351","new","Thandii","","https://www.unitedtalent.com","2025-07-16",NULL
"5349","new","Zzz.","","https://www.unitedtalent.com","2025-07-16",NULL
"5284","new","Those Damn Crows","","https://www.unitedtalent.com","2025-07-16",NULL
"5356","new","BANNERS","","https://www.unitedtalent.com","2025-07-16",NULL
"5415","new","Six60","","https://www.unitedtalent.com","2025-07-16",NULL
"5381","new","Fairlane","","https://www.unitedtalent.com","2025-07-16",NULL
"5391","new","Underworld","","https://www.unitedtalent.com","2025-07-16",NULL
"5429","new","Sons Of The East","","https://www.unitedtalent.com","2025-07-16",NULL
"5424","new","Allah-Las","","https://www.unitedtalent.com","2025-07-16",NULL
"5369","new","Ocean Wisdom","","https://www.unitedtalent.com","2025-07-16",NULL
"5380","new","Magnolia Park","","https://www.unitedtalent.com","2025-07-16",NULL
"5427","new","Jessi","","https://www.unitedtalent.com","2025-07-16",NULL
"5428","new","yunè pinku","","https://www.unitedtalent.com","2025-07-16",NULL
"8458","new","Mitski","","https://primarytalent.com","2025-07-16",NULL
"5359","new","Douvelle19","","https://www.unitedtalent.com","2025-07-16",NULL
"5374","new","Yellow Claw","","https://www.unitedtalent.com","2025-07-16",NULL
"5378","new","HOLY PRIEST","","https://www.unitedtalent.com","2025-07-16",NULL
"5419","new","Tiwa Savage","","https://www.unitedtalent.com","2025-07-16",NULL
"5384","new","Jason Alexander","","https://www.unitedtalent.com","2025-07-16",NULL
"5362","new","Pop Evil","","https://www.unitedtalent.com","2025-07-16",NULL
"5421","new","Maddix","","https://www.unitedtalent.com","2025-07-16",NULL
"5409","new","Bart Skils","","https://www.unitedtalent.com","2025-07-16",NULL
"5432","new","Moses Yoofee Trio","","https://www.unitedtalent.com","2025-07-16",NULL
"5412","new","Nikita, The Wicked","","https://www.unitedtalent.com","2025-07-16",NULL
"5370","new","Steinza","","https://www.unitedtalent.com","2025-07-16",NULL
"5368","new","Blanke","","https://www.unitedtalent.com","2025-07-16",NULL
"5401","new","Cassyette","","https://www.unitedtalent.com","2025-07-16",NULL
"5418","new","Jasta","","https://www.unitedtalent.com","2025-07-16",NULL
"5405","new","NURKO","","https://www.unitedtalent.com","2025-07-16",NULL
"5367","new","Myles Frost","","https://www.unitedtalent.com","2025-07-16",NULL
"5375","new","SCALER","","https://www.unitedtalent.com","2025-07-16",NULL
"5425","new","St. Vincent","","https://www.unitedtalent.com","2025-07-16",NULL
"5402","new","802","","https://www.unitedtalent.com","2025-07-16",NULL
"5398","new","Eladio Carrion","","https://www.unitedtalent.com","2025-07-16",NULL
"5376","new","Ben Kessler","","https://www.unitedtalent.com","2025-07-16",NULL
"5437","new","Bailey Bryan","","https://www.unitedtalent.com","2025-07-16",NULL
"5372","new","James Murphy","","https://www.unitedtalent.com","2025-07-16",NULL
"5404","new","ANETHA","","https://www.unitedtalent.com","2025-07-16",NULL
"5407","new","Alix Perez","","https://www.unitedtalent.com","2025-07-16",NULL
"5422","new","Laima","","https://www.unitedtalent.com","2025-07-16",NULL
"5435","new","Carla Bruni","","https://www.unitedtalent.com","2025-07-16",NULL
"5387","new","Alexisonfire","","https://www.unitedtalent.com","2025-07-16",NULL
"5357","new","Alex Mills","","https://www.unitedtalent.com","2025-07-16",NULL
"5430","new","girlfriends","","https://www.unitedtalent.com","2025-07-16",NULL
"5403","new","TASKA BLACK","","https://www.unitedtalent.com","2025-07-16",NULL
"5406","new","Joshua Bassett","","https://www.unitedtalent.com","2025-07-16",NULL
"5355","new","SOSA","","https://www.unitedtalent.com","2025-07-16",NULL
"5358","new","Your Neighbors","","https://www.unitedtalent.com","2025-07-16",NULL
"5411","new","Spencer Sutherland","","https://www.unitedtalent.com","2025-07-16",NULL
"5390","new","Nouvelle Vague","","https://www.unitedtalent.com","2025-07-16",NULL
"5379","new","Ari Lennox","","https://www.unitedtalent.com","2025-07-16",NULL
"5354","new","Club Angel","","https://www.unitedtalent.com","2025-07-16",NULL
"5431","new","Mattilo","","https://www.unitedtalent.com","2025-07-16",NULL
"5373","new","Yves Tumor","","https://www.unitedtalent.com","2025-07-16",NULL
"5417","new","James Hype","","https://www.unitedtalent.com","2025-07-16",NULL
"5426","new","Memphis May Fire","","https://www.unitedtalent.com","2025-07-16",NULL
"5416","new","Nero","","https://www.unitedtalent.com","2025-07-16",NULL
"5436","new","Kaliii","","https://www.unitedtalent.com","2025-07-16",NULL
"5363","new","Louie Thesinger","","https://www.unitedtalent.com","2025-07-16",NULL
"5408","new","Michael Franti Trio","","https://www.unitedtalent.com","2025-07-16",NULL
"5365","new","Kat Von D","","https://www.unitedtalent.com","2025-07-16",NULL
"5420","new","Sabrina Claudio","","https://www.unitedtalent.com","2025-07-16",NULL
"5395","new","Rodrigo y Gabriela","","https://www.unitedtalent.com","2025-07-16",NULL
"5393","new","Samplifire","","https://www.unitedtalent.com","2025-07-16",NULL
"5392","new","Slater Nalley","","https://www.unitedtalent.com","2025-07-16",NULL
"5377","new","Biscits","","https://www.unitedtalent.com","2025-07-16",NULL
"8513","new","Ben Watt","","https://primarytalent.com","2025-07-16",NULL
"5366","new","Audien","","https://www.unitedtalent.com","2025-07-16",NULL
"5383","new","yeule","","https://www.unitedtalent.com","2025-07-16",NULL
"5433","new","Name That Tune – Live!","","https://www.unitedtalent.com","2025-07-16",NULL
"5400","new","Monét X Change","","https://www.unitedtalent.com","2025-07-16",NULL
"5410","new","Flo Milli","","https://www.unitedtalent.com","2025-07-16",NULL
"5397","new","Bone Thugs-N-Harmony","","https://www.unitedtalent.com","2025-07-16",NULL
"5385","new","Rose Betts","","https://www.unitedtalent.com","2025-07-16",NULL
"5371","new","Oliver Francis","","https://www.unitedtalent.com","2025-07-16",NULL
"5361","new","Jason Bonham's Led Zeppelin Evening","","https://www.unitedtalent.com","2025-07-16",NULL
"5396","new","Baby Dave","","https://www.unitedtalent.com","2025-07-16",NULL
"5394","new","Trivecta","","https://www.unitedtalent.com","2025-07-16",NULL
"5399","new","SoDown","","https://www.unitedtalent.com","2025-07-16",NULL
"5382","new","Sub Focus","","https://www.unitedtalent.com","2025-07-16",NULL
"5364","new","Dre Skull","","https://www.unitedtalent.com","2025-07-16",NULL
"5414","new","Elevation Rhythm","","https://www.unitedtalent.com","2025-07-16",NULL
"5434","new","Cleopatrick","","https://www.unitedtalent.com","2025-07-16",NULL
"5423","new","Stoned Level","","https://www.unitedtalent.com","2025-07-16",NULL
"5446","new","Seu Jorge","","https://www.unitedtalent.com","2025-07-16",NULL
"5513","new","Young Nudy","","https://www.unitedtalent.com","2025-07-16",NULL
"5477","new","Michael Aldag","","https://www.unitedtalent.com","2025-07-16",NULL
"5456","new","Noa Kirel","","https://www.unitedtalent.com","2025-07-16",NULL
"5449","new","Hollywood Vampires","","https://www.unitedtalent.com","2025-07-16",NULL
"5489","new","Kenny Mason","","https://www.unitedtalent.com","2025-07-16",NULL
"5445","new","Marie Davidson","","https://www.unitedtalent.com","2025-07-16",NULL
"5492","new","The All-American Rejects","","https://www.unitedtalent.com","2025-07-16",NULL
"5460","new","Annie-Dog","","https://www.unitedtalent.com","2025-07-16",NULL
"5517","new","Bel Cobain","","https://www.unitedtalent.com","2025-07-16",NULL
"5516","new","Cardi B","","https://www.unitedtalent.com","2025-07-16",NULL
"5444","new","PUNCHBAG","","https://www.unitedtalent.com","2025-07-16",NULL
"5475","new","HWASA","","https://www.unitedtalent.com","2025-07-16",NULL
"5473","new","DNCE","","https://www.unitedtalent.com","2025-07-16",NULL
"5519","new","Disciples","","https://www.unitedtalent.com","2025-07-16",NULL
"5503","new","Wuki","","https://www.unitedtalent.com","2025-07-16",NULL
"5478","new","Jager Henry","","https://www.unitedtalent.com","2025-07-16",NULL
"5511","new","Busted","","https://www.unitedtalent.com","2025-07-16",NULL
"5491","new","Thunder Jackson","","https://www.unitedtalent.com","2025-07-16",NULL
"5482","new","Angele","","https://www.unitedtalent.com","2025-07-16",NULL
"5457","new","Oxlade","","https://www.unitedtalent.com","2025-07-16",NULL
"5502","new","Toni Braxton","","https://www.unitedtalent.com","2025-07-16",NULL
"5506","new","Rebuke","","https://www.unitedtalent.com","2025-07-16",NULL
"5467","new","Flava D","","https://www.unitedtalent.com","2025-07-16",NULL
"5441","new","Paramore","","https://www.unitedtalent.com","2025-07-16",NULL
"5471","new","Shygirl","","https://www.unitedtalent.com","2025-07-16",NULL
"5494","new","Josef Lamercier","","https://www.unitedtalent.com","2025-07-16",NULL
"5451","new","Santigold","","https://www.unitedtalent.com","2025-07-16",NULL
"5463","new","carolesdaughter","","https://www.unitedtalent.com","2025-07-16",NULL
"5458","new","Tash LC","","https://www.unitedtalent.com","2025-07-16",NULL
"5490","new","Unknown T","","https://www.unitedtalent.com","2025-07-16",NULL
"5470","new","Cheddar Gorgeous","","https://www.unitedtalent.com","2025-07-16",NULL
"5508","new","Defects","","https://www.unitedtalent.com","2025-07-16",NULL
"5493","new","cityboymoe","","https://www.unitedtalent.com","2025-07-16",NULL
"5454","new","Arielle Free","","https://www.unitedtalent.com","2025-07-16",NULL
"5452","new","Bebe Rexha","","https://www.unitedtalent.com","2025-07-16",NULL
"5497","new","Candi Staton","","https://www.unitedtalent.com","2025-07-16",NULL
"5507","new","Warface","","https://www.unitedtalent.com","2025-07-16",NULL
"5453","new","Hayd","","https://www.unitedtalent.com","2025-07-16",NULL
"5462","new","Baby Osama","","https://www.unitedtalent.com","2025-07-16",NULL
"5481","new","Dave Barnes","","https://www.unitedtalent.com","2025-07-16",NULL
"5499","new","CYRIL","","https://www.unitedtalent.com","2025-07-16",NULL
"5443","new","Train","","https://www.unitedtalent.com","2025-07-16",NULL
"5495","new","Eddie Zuko","","https://www.unitedtalent.com","2025-07-16",NULL
"5520","new","Birksie","","https://www.unitedtalent.com","2025-07-16",NULL
"5483","new","Nightly","","https://www.unitedtalent.com","2025-07-16",NULL
"5485","new","Hayley Williams","","https://www.unitedtalent.com","2025-07-16",NULL
"5480","new","Wooli","","https://www.unitedtalent.com","2025-07-16",NULL
"5500","new","Killing Joke","","https://www.unitedtalent.com","2025-07-16",NULL
"5501","new","MHD","","https://www.unitedtalent.com","2025-07-16",NULL
"5469","new","Joss Stone","","https://www.unitedtalent.com","2025-07-16",NULL
"5450","new","Dynamicduo","","https://www.unitedtalent.com","2025-07-16",NULL
"5521","new","Art School Girlfriend","","https://www.unitedtalent.com","2025-07-16",NULL
"5498","new","Royale Lynn","","https://www.unitedtalent.com","2025-07-16",NULL
"8588","new","Ethan Tasch","","https://primarytalent.com","2025-07-16",NULL
"5468","new","Brodie","","https://www.unitedtalent.com","2025-07-16",NULL
"8590","new","Slowdive","","https://primarytalent.com","2025-07-16",NULL
"5465","new","Morad","","https://www.unitedtalent.com","2025-07-16",NULL
"5504","new","GHENGAR","","https://www.unitedtalent.com","2025-07-16",NULL
"5448","new","Porij","","https://www.unitedtalent.com","2025-07-16",NULL
"5522","new","Macky Gee","","https://www.unitedtalent.com","2025-07-16",NULL
"5459","new","Asher Angel","","https://www.unitedtalent.com","2025-07-16",NULL
"5488","new","Jordan Ward","","https://www.unitedtalent.com","2025-07-16",NULL
"5514","new","SRSQ","","https://www.unitedtalent.com","2025-07-16",NULL
"5474","new","Silvana Estrada","","https://www.unitedtalent.com","2025-07-16",NULL
"5442","new","Bring Me The Horizon","","https://www.unitedtalent.com","2025-07-16",NULL
"5510","new","LCD Soundsystem","","https://www.unitedtalent.com","2025-07-16",NULL
"5476","new","Arthi","","https://www.unitedtalent.com","2025-07-16",NULL
"5518","new","Victoria Justice","","https://www.unitedtalent.com","2025-07-16",NULL
"5496","new","JVNA","","https://www.unitedtalent.com","2025-07-16",NULL
"5461","new","Carter Vail","","https://www.unitedtalent.com","2025-07-16",NULL
"5512","new","Ra Ra Riot","","https://www.unitedtalent.com","2025-07-16",NULL
"5447","new","Gogo Penguin","","https://www.unitedtalent.com","2025-07-16",NULL
"5464","new","Modeselektor","","https://www.unitedtalent.com","2025-07-16",NULL
"5439","new","Power Trip","","https://www.unitedtalent.com","2025-07-16",NULL
"5515","new","The Longest Johns","","https://www.unitedtalent.com","2025-07-16",NULL
"5487","new","Lemar","","https://www.unitedtalent.com","2025-07-16",NULL
"5472","new","Tiffany Day","","https://www.unitedtalent.com","2025-07-16",NULL
"5484","new","Switch Disco","","https://www.unitedtalent.com","2025-07-16",NULL
"5486","new","Alicia Blue","","https://www.unitedtalent.com","2025-07-16",NULL
"5505","new","Gaskin","","https://www.unitedtalent.com","2025-07-16",NULL
"5591","new","Action Bronson","","https://www.unitedtalent.com","2025-07-16",NULL
"5555","new","Shaun Ross","","https://www.unitedtalent.com","2025-07-16",NULL
"5574","new","Elias Hix","","https://www.unitedtalent.com","2025-07-16",NULL
"5528","new","Restricted","","https://www.unitedtalent.com","2025-07-16",NULL
"5601","new","Léa Sen","","https://www.unitedtalent.com","2025-07-16",NULL
"5589","new","Hunter Flynn","","https://www.unitedtalent.com","2025-07-16",NULL
"5592","new","P Montana","","https://www.unitedtalent.com","2025-07-16",NULL
"5582","new","KASIA","","https://www.unitedtalent.com","2025-07-16",NULL
"5548","new","Bad Nerves","","https://www.unitedtalent.com","2025-07-16",NULL
"5588","new","Moncrieff","","https://www.unitedtalent.com","2025-07-16",NULL
"5605","new","Lucy McWilliams","","https://www.unitedtalent.com","2025-07-16",NULL
"5566","new","Trout","","https://www.unitedtalent.com","2025-07-16",NULL
"5583","new","Elijah Woods","","https://www.unitedtalent.com","2025-07-16",NULL
"5579","new","Dave Summer","","https://www.unitedtalent.com","2025-07-16",NULL
"5541","new","Daniel Allan","","https://www.unitedtalent.com","2025-07-16",NULL
"5573","new","Crush","","https://www.unitedtalent.com","2025-07-16",NULL
"5567","new","Stafford Brothers","","https://www.unitedtalent.com","2025-07-16",NULL
"5577","new","J.I.D","","https://www.unitedtalent.com","2025-07-16",NULL
"5580","new","Control Freak","","https://www.unitedtalent.com","2025-07-16",NULL
"5527","new","Tremonti","","https://www.unitedtalent.com","2025-07-16",NULL
"5596","new","eaJ","","https://www.unitedtalent.com","2025-07-16",NULL
"5556","new","Jade Novah","","https://www.unitedtalent.com","2025-07-16",NULL
"5549","new","maryjo","","https://www.unitedtalent.com","2025-07-16",NULL
"5530","new","Meg & Dia","","https://www.unitedtalent.com","2025-07-16",NULL
"5532","new","Carola","","https://www.unitedtalent.com","2025-07-16",NULL
"5546","new","BANKS","","https://www.unitedtalent.com","2025-07-16",NULL
"5575","new","A Day To Remember","","https://www.unitedtalent.com","2025-07-16",NULL
"5581","new","Harriet Jaxxon","","https://www.unitedtalent.com","2025-07-16",NULL
"5540","new","LARRY PINK THE HUMAN","","https://www.unitedtalent.com","2025-07-16",NULL
"5524","new","Hak Baker","","https://www.unitedtalent.com","2025-07-16",NULL
"5594","new","Cult Of Venus","","https://www.unitedtalent.com","2025-07-16",NULL
"5597","new","The Kount","","https://www.unitedtalent.com","2025-07-16",NULL
"5590","new","Rafael","","https://www.unitedtalent.com","2025-07-16",NULL
"5550","new","Nathan Dawe","","https://www.unitedtalent.com","2025-07-16",NULL
"5561","new","Paris Hilton","","https://www.unitedtalent.com","2025-07-16",NULL
"8653","new","Kate Bollinger","","https://primarytalent.com","2025-07-16",NULL
"5564","new","Katie Melua","","https://www.unitedtalent.com","2025-07-16",NULL
"5598","new","Gabzy","","https://www.unitedtalent.com","2025-07-16",NULL
"5587","new","Jessie Murph","","https://www.unitedtalent.com","2025-07-16",NULL
"8657","new","They Are Gutting a Body of Water","","https://primarytalent.com","2025-07-16",NULL
"5560","new","Factory Floor","","https://www.unitedtalent.com","2025-07-16",NULL
"5584","new","Vanessa Paradis","","https://www.unitedtalent.com","2025-07-16",NULL
"5603","new","Drake White","","https://www.unitedtalent.com","2025-07-16",NULL
"5593","new","Joey Valence & Brae","","https://www.unitedtalent.com","2025-07-16",NULL
"8662","new","Liana Flores","","https://primarytalent.com","2025-07-16",NULL
"5606","new","Windwaker","","https://www.unitedtalent.com","2025-07-16",NULL
"5543","new","ESSEL","","https://www.unitedtalent.com","2025-07-16",NULL
"5562","new","Chris Avantgarde","","https://www.unitedtalent.com","2025-07-16",NULL
"5565","new","ACRAZE","","https://www.unitedtalent.com","2025-07-16",NULL
"5534","new","Massive Attack","","https://www.unitedtalent.com","2025-07-16",NULL
"5538","new","Cashmere Cat","","https://www.unitedtalent.com","2025-07-16",NULL
"5558","new","Hit-Boy","","https://www.unitedtalent.com","2025-07-16",NULL
"5536","new","Turbowolf","","https://www.unitedtalent.com","2025-07-16",NULL
"5529","new","Baby Rose","","https://www.unitedtalent.com","2025-07-16",NULL
"5554","new","Phillip Phillips","","https://www.unitedtalent.com","2025-07-16",NULL
"5604","new","Martelo","","https://www.unitedtalent.com","2025-07-16",NULL
"5553","new","Adi Oasis","","https://www.unitedtalent.com","2025-07-16",NULL
"5525","new","Terrace Martin","","https://www.unitedtalent.com","2025-07-16",NULL
"5526","new","Aiyana-Lee","","https://www.unitedtalent.com","2025-07-16",NULL
"5569","new","RIOPY","","https://www.unitedtalent.com","2025-07-16",NULL
"5559","new","Khushi","","https://www.unitedtalent.com","2025-07-16",NULL
"5547","new","Skullcrusher","","https://www.unitedtalent.com","2025-07-16",NULL
"5576","new","Tinariwen","","https://www.unitedtalent.com","2025-07-16",NULL
"5544","new","anees","","https://www.unitedtalent.com","2025-07-16",NULL
"5533","new","Megan Moroney","","https://www.unitedtalent.com","2025-07-16",NULL
"5572","new","Kyle Daniel","","https://www.unitedtalent.com","2025-07-16",NULL
"5531","new","ATLiens","","https://www.unitedtalent.com","2025-07-16",NULL
"5595","new","Boj","","https://www.unitedtalent.com","2025-07-16",NULL
"5607","new","Dead X","","https://www.unitedtalent.com","2025-07-16",NULL
"5551","new","Jorjiana","","https://www.unitedtalent.com","2025-07-16",NULL
"5571","new","Natalia Lafourcade","","https://www.unitedtalent.com","2025-07-16",NULL
"5552","new","Uwade","","https://www.unitedtalent.com","2025-07-16",NULL
"5542","new","Bruise Control","","https://www.unitedtalent.com","2025-07-16",NULL
"5599","new","Nell Mescal","","https://www.unitedtalent.com","2025-07-16",NULL
"5545","new","Wes Nelson","","https://www.unitedtalent.com","2025-07-16",NULL
"5602","new","Distinct Motive","","https://www.unitedtalent.com","2025-07-16",NULL
"5578","new","SoFaygo","","https://www.unitedtalent.com","2025-07-16",NULL
"5568","new","Alice Russell","","https://www.unitedtalent.com","2025-07-16",NULL
"5570","new","You Me At Six","","https://www.unitedtalent.com","2025-07-16",NULL
"5600","new","Ben Chapman","","https://www.unitedtalent.com","2025-07-16",NULL
"5537","new","Layz","","https://www.unitedtalent.com","2025-07-16",NULL
"5585","new","Noah Guy","","https://www.unitedtalent.com","2025-07-16",NULL
"5535","new","Marc Rebillet","","https://www.unitedtalent.com","2025-07-16",NULL
"5689","new","Brondo","","https://www.unitedtalent.com","2025-07-16",NULL
"5644","new","Space Wizard","","https://www.unitedtalent.com","2025-07-16",NULL
"5677","new","Michigan Rattlers","","https://www.unitedtalent.com","2025-07-16",NULL
"5610","new","Otherwish","","https://www.unitedtalent.com","2025-07-16",NULL
"5646","new","Mandy, Indiana","","https://www.unitedtalent.com","2025-07-16",NULL
"5663","new","K+Lab","","https://www.unitedtalent.com","2025-07-16",NULL
"5662","new","Southern Avenue","","https://www.unitedtalent.com","2025-07-16",NULL
"5647","new","Clay Walker","","https://www.unitedtalent.com","2025-07-16",NULL
"5615","new","Zelooperz","","https://www.unitedtalent.com","2025-07-16",NULL
"5613","new","Rauw Alejandro","","https://www.unitedtalent.com","2025-07-16",NULL
"5634","new","FIG","","https://www.unitedtalent.com","2025-07-16",NULL
"5669","new","Dylan Sinclair","","https://www.unitedtalent.com","2025-07-16",NULL
"5683","new","Kanine","","https://www.unitedtalent.com","2025-07-16",NULL
"5674","new","Kelly Rowland","","https://www.unitedtalent.com","2025-07-16",NULL
"5616","new","X","","https://www.unitedtalent.com","2025-07-16",NULL
"5676","new","Kasablanca","","https://www.unitedtalent.com","2025-07-16",NULL
"5690","new","Sunnery James & Ryan Marciano","","https://www.unitedtalent.com","2025-07-16",NULL
"5639","new","Aaron Hibell","","https://www.unitedtalent.com","2025-07-16",NULL
"5688","new","Alana Springsteen","","https://www.unitedtalent.com","2025-07-16",NULL
"1044","new","YovngChimi","","https://www.teamwass.com","2025-07-16",NULL
"1064","new","Nada Surf","","https://www.teamwass.com","2025-07-16",NULL
"1065","new","Cage The Elephant","","https://www.teamwass.com","2025-07-16",NULL
"5806","new","Dana and Alden","","https://www.unitedtalent.com","2025-07-16",NULL
"5686","new","Blusher","","https://www.unitedtalent.com","2025-07-16",NULL
"5625","new","Ann Clue","","https://www.unitedtalent.com","2025-07-16",NULL
"5641","new","Gorgon City","","https://www.unitedtalent.com","2025-07-16",NULL
"5633","new","Emily Nash","","https://www.unitedtalent.com","2025-07-16",NULL
"5665","new","Juniore","","https://www.unitedtalent.com","2025-07-16",NULL
"5653","new","Robert Glasper","","https://www.unitedtalent.com","2025-07-16",NULL
"5680","new","Gelli Haha","","https://www.unitedtalent.com","2025-07-16",NULL
"5628","new","QWER","","https://www.unitedtalent.com","2025-07-16",NULL
"5620","new","Haywyre","","https://www.unitedtalent.com","2025-07-16",NULL
"5671","new","Nia Archives","","https://www.unitedtalent.com","2025-07-16",NULL
"5664","new","Hilltop Hoods","","https://www.unitedtalent.com","2025-07-16",NULL
"5645","new","Kyndal Inskeep","","https://www.unitedtalent.com","2025-07-16",NULL
"5618","new","Noga Erez","","https://www.unitedtalent.com","2025-07-16",NULL
"5623","new","Simon & Garfunkel","","https://www.unitedtalent.com","2025-07-16",NULL
"5627","new","Poté","","https://www.unitedtalent.com","2025-07-16",NULL
"5635","new","DUSKUS","","https://www.unitedtalent.com","2025-07-16",NULL
"5636","new","LSDREAM","","https://www.unitedtalent.com","2025-07-16",NULL
"5643","new","redveil","","https://www.unitedtalent.com","2025-07-16",NULL
"5659","new","Set Mo","","https://www.unitedtalent.com","2025-07-16",NULL
"5668","new","Band-Maid","","https://www.unitedtalent.com","2025-07-16",NULL
"5656","new","Badger","","https://www.unitedtalent.com","2025-07-16",NULL
"5609","new","Queen Latifah","","https://www.unitedtalent.com","2025-07-16",NULL
"5632","new","Dolly Parton","","https://www.unitedtalent.com","2025-07-16",NULL
"5655","new","Max Raabe & Palast Orchester","","https://www.unitedtalent.com","2025-07-16",NULL
"5640","new","Zoey808","","https://www.unitedtalent.com","2025-07-16",NULL
"5684","new","Kidd G","","https://www.unitedtalent.com","2025-07-16",NULL
"5682","new","Gary Barlow","","https://www.unitedtalent.com","2025-07-16",NULL
"5638","new","Eddie Benjamin","","https://www.unitedtalent.com","2025-07-16",NULL
"5654","new","Daniel Johnston Estate","","https://www.unitedtalent.com","2025-07-16",NULL
"5667","new","French The Kid","","https://www.unitedtalent.com","2025-07-16",NULL
"5691","new","WHATMORE","","https://www.unitedtalent.com","2025-07-16",NULL
"5626","new","Blaxian","","https://www.unitedtalent.com","2025-07-16",NULL
"5611","new","Slay","","https://www.unitedtalent.com","2025-07-16",NULL
"5608","new","greek","","https://www.unitedtalent.com","2025-07-16",NULL
"5612","new","Alec Monopoly","","https://www.unitedtalent.com","2025-07-16",NULL
"5617","new","Marqus Clae","","https://www.unitedtalent.com","2025-07-16",NULL
"5658","new","Oliver Anthony","","https://www.unitedtalent.com","2025-07-16",NULL
"5619","new","Bassjackers","","https://www.unitedtalent.com","2025-07-16",NULL
"5666","new","Edgar Winter","","https://www.unitedtalent.com","2025-07-16",NULL
"5687","new","Prosecute","","https://www.unitedtalent.com","2025-07-16",NULL
"5679","new","NIIKO X SWAE","","https://www.unitedtalent.com","2025-07-16",NULL
"5652","new","Jay Sean","","https://www.unitedtalent.com","2025-07-16",NULL
"5657","new","Christina Aguilera","","https://www.unitedtalent.com","2025-07-16",NULL
"5621","new","Boys Like Girls","","https://www.unitedtalent.com","2025-07-16",NULL
"5672","new","Tierra Whack","","https://www.unitedtalent.com","2025-07-16",NULL
"5678","new","The Jordan","","https://www.unitedtalent.com","2025-07-16",NULL
"5631","new","Lexa Gates","","https://www.unitedtalent.com","2025-07-16",NULL
"5629","new","Chance the Rapper","","https://www.unitedtalent.com","2025-07-16",NULL
"5651","new","Hablot Brown","","https://www.unitedtalent.com","2025-07-16",NULL
"5670","new","Rush","","https://www.unitedtalent.com","2025-07-16",NULL
"5660","new","Sevdaliza","","https://www.unitedtalent.com","2025-07-16",NULL
"5649","new","milk.","","https://www.unitedtalent.com","2025-07-16",NULL
"5673","new","Iggy Azalea","","https://www.unitedtalent.com","2025-07-16",NULL
"5681","new","Charly Bliss","","https://www.unitedtalent.com","2025-07-16",NULL
"5637","new","ascendant vierge","","https://www.unitedtalent.com","2025-07-16",NULL
"5630","new","Seether","","https://www.unitedtalent.com","2025-07-16",NULL
"5675","new","TLC","","https://www.unitedtalent.com","2025-07-16",NULL
"5648","new","Ben Hemsley","","https://www.unitedtalent.com","2025-07-16",NULL
"5661","new","Sleep Token","","https://www.unitedtalent.com","2025-07-16",NULL
"5642","new","ROSALÍA","","https://www.unitedtalent.com","2025-07-16",NULL
"5762","new","Lupe Fiasco","","https://www.unitedtalent.com","2025-07-16",NULL
"5733","new","French Braids","","https://www.unitedtalent.com","2025-07-16",NULL
"5715","new","Odetari","","https://www.unitedtalent.com","2025-07-16",NULL
"5731","new","Lilly Palmer","","https://www.unitedtalent.com","2025-07-16",NULL
"5718","new","Chayce Beckham","","https://www.unitedtalent.com","2025-07-16",NULL
"5727","new","Jewel","","https://www.unitedtalent.com","2025-07-16",NULL
"5774","new","Dombrance","","https://www.unitedtalent.com","2025-07-16",NULL
"5696","new","Trevor Spitta","","https://www.unitedtalent.com","2025-07-16",NULL
"5766","new","Great Grandpa","","https://www.unitedtalent.com","2025-07-16",NULL
"5701","new","Chow Lee","","https://www.unitedtalent.com","2025-07-16",NULL
"5751","new","Cozz","","https://www.unitedtalent.com","2025-07-16",NULL
"5698","new","Andre Power","","https://www.unitedtalent.com","2025-07-16",NULL
"5707","new","Chaka Khan","","https://www.unitedtalent.com","2025-07-16",NULL
"5752","new","KAS:ST","","https://www.unitedtalent.com","2025-07-16",NULL
"5713","new","Hot Milk","","https://www.unitedtalent.com","2025-07-16",NULL
"8804","new","Indigo Girls","","https://primarytalent.com","2025-07-16",NULL
"1384","new","Lord Huron","","https://www.teamwass.com","2025-07-16",NULL
"2143","new","Louisa","","https://www.teamwass.com","2025-07-16",NULL
"2836","new","Los Lobos","","https://www.teamwass.com","2025-07-16",NULL
"3827","new","Debbie","","https://www.teamwass.com","2025-07-16",NULL
"4054","new","Sub Urban","","https://www.teamwass.com","2025-07-16",NULL
"4688","new","Wage War","","https://www.unitedtalent.com","2025-07-16",NULL
"5624","new","Bad Omens","","https://www.unitedtalent.com","2025-07-16",NULL
"5741","new","Yaz","","https://www.unitedtalent.com","2025-07-16",NULL
"6905","new","Aleesha","","https://music.wmeagency.com","2025-07-16",NULL
"7444","new","THE KOOKS","","https://music.wmeagency.com","2025-07-16",NULL
"5704","new","Cartel","","https://www.unitedtalent.com","2025-07-16",NULL
"5726","new","James Vickery","","https://www.unitedtalent.com","2025-07-16",NULL
"5747","new","Gareth","","https://www.unitedtalent.com","2025-07-16",NULL
"5732","new","At The Gates","","https://www.unitedtalent.com","2025-07-16",NULL
"5699","new","Yuna","","https://www.unitedtalent.com","2025-07-16",NULL
"5740","new","Poolside","","https://www.unitedtalent.com","2025-07-16",NULL
"5761","new","HILLARI","","https://www.unitedtalent.com","2025-07-16",NULL
"5703","new","Jessie J","","https://www.unitedtalent.com","2025-07-16",NULL
"5758","new","Teeks","","https://www.unitedtalent.com","2025-07-16",NULL
"5775","new","Effin","","https://www.unitedtalent.com","2025-07-16",NULL
"5710","new","Grand Funk Railroad","","https://www.unitedtalent.com","2025-07-16",NULL
"5738","new","Lowlives","","https://www.unitedtalent.com","2025-07-16",NULL
"5773","new","yvm3","","https://www.unitedtalent.com","2025-07-16",NULL
"5812","new","TAELA","","https://www.unitedtalent.com","2025-07-16",NULL
"5836","new","Cam","","https://www.unitedtalent.com","2025-07-16",NULL
"5854","new","Scotty Emerick","","https://www.unitedtalent.com","2025-07-16",NULL
"5837","new","Fly By Midnight","","https://www.unitedtalent.com","2025-07-16",NULL
"5789","new","DJ Jazzy Jeff","","https://www.unitedtalent.com","2025-07-16",NULL
"5811","new","Jon Bellion","","https://www.unitedtalent.com","2025-07-16",NULL
"5780","new","Rocco","","https://www.unitedtalent.com","2025-07-16",NULL
"5784","new","LNY TNZ","","https://www.unitedtalent.com","2025-07-16",NULL
"5842","new","Ferreck Dawn","","https://www.unitedtalent.com","2025-07-16",NULL
"5820","new","Remember Monday","","https://www.unitedtalent.com","2025-07-16",NULL
"5790","new","FIXX, The","","https://www.unitedtalent.com","2025-07-16",NULL
"5814","new","Tough Cookie","","https://www.unitedtalent.com","2025-07-16",NULL
"5793","new","SHURA","","https://www.unitedtalent.com","2025-07-16",NULL
"5795","new","st. Pedro","","https://www.unitedtalent.com","2025-07-16",NULL
"5792","new","The Funk Hunters","","https://www.unitedtalent.com","2025-07-16",NULL
"5829","new","Jamey Johnson","","https://www.unitedtalent.com","2025-07-16",NULL
"5807","new","ThxSoMch","","https://www.unitedtalent.com","2025-07-16",NULL
"5808","new","Kevin Gates","","https://www.unitedtalent.com","2025-07-16",NULL
"5781","new","Boombox Cartel","","https://www.unitedtalent.com","2025-07-16",NULL
"5839","new","GAYLE","","https://www.unitedtalent.com","2025-07-16",NULL
"5813","new","Zimmer90","","https://www.unitedtalent.com","2025-07-16",NULL
"5833","new","HIRIE","","https://www.unitedtalent.com","2025-07-16",NULL
"5847","new","Zerb","","https://www.unitedtalent.com","2025-07-16",NULL
"5797","new","Anabel Englund","","https://www.unitedtalent.com","2025-07-16",NULL
"5778","new","Anahit Vardanyan","","https://www.unitedtalent.com","2025-07-16",NULL
"5783","new","AURORA","","https://www.unitedtalent.com","2025-07-16",NULL
"5857","new","Bellah Mae","","https://www.unitedtalent.com","2025-07-16",NULL
"5845","new","Dillon James","","https://www.unitedtalent.com","2025-07-16",NULL
"5853","new","Lil Wayne","","https://www.unitedtalent.com","2025-07-16",NULL
"5801","new","Jamiroquai","","https://www.unitedtalent.com","2025-07-16",NULL
"5825","new","Games We Play","","https://www.unitedtalent.com","2025-07-16",NULL
"5815","new","Nico de Andrea","","https://www.unitedtalent.com","2025-07-16",NULL
"5777","new","Yulia Niko","","https://www.unitedtalent.com","2025-07-16",NULL
"5846","new","jxdn","","https://www.unitedtalent.com","2025-07-16",NULL
"5802","new","Little Big","","https://www.unitedtalent.com","2025-07-16",NULL
"5817","new","Dimension","","https://www.unitedtalent.com","2025-07-16",NULL
"5791","new","Marty Stuart","","https://www.unitedtalent.com","2025-07-16",NULL
"5851","new","Sunday Scaries","","https://www.unitedtalent.com","2025-07-16",NULL
"5831","new","DØMINA","","https://www.unitedtalent.com","2025-07-16",NULL
"5826","new","Ganja White Night","","https://www.unitedtalent.com","2025-07-16",NULL
"5843","new","Ryan Trey","","https://www.unitedtalent.com","2025-07-16",NULL
"5785","new","Young Thug","","https://www.unitedtalent.com","2025-07-16",NULL
"5810","new","Caspa","","https://www.unitedtalent.com","2025-07-16",NULL
"5818","new","ÅMRTÜM","","https://www.unitedtalent.com","2025-07-16",NULL
"5852","new","Unto Others","","https://www.unitedtalent.com","2025-07-16",NULL
"5824","new","Akon","","https://www.unitedtalent.com","2025-07-16",NULL
"5799","new","Sleep Theory","","https://www.unitedtalent.com","2025-07-16",NULL
"5858","new","BabyDrill","","https://www.unitedtalent.com","2025-07-16",NULL
"5782","new","Dennis Quaid","","https://www.unitedtalent.com","2025-07-16",NULL
"5855","new","eee gee","","https://www.unitedtalent.com","2025-07-16",NULL
"5794","new","Zebrahead","","https://www.unitedtalent.com","2025-07-16",NULL
"5823","new","Jessica Baio","","https://www.unitedtalent.com","2025-07-16",NULL
"5816","new","Paper Skies","","https://www.unitedtalent.com","2025-07-16",NULL
"5796","new","Adam Deitch Quartet","","https://www.unitedtalent.com","2025-07-16",NULL
"5859","new","JOHN","","https://www.unitedtalent.com","2025-07-16",NULL
"5798","new","Bro Safari","","https://www.unitedtalent.com","2025-07-16",NULL
"5804","new","Mansionz","","https://www.unitedtalent.com","2025-07-16",NULL
"5844","new","Babymorocco","","https://www.unitedtalent.com","2025-07-16",NULL
"5779","new","Black Tiger Sex Machine","","https://www.unitedtalent.com","2025-07-16",NULL
"5849","new","Crucast","","https://www.unitedtalent.com","2025-07-16",NULL
"5800","new","Qing Madi","","https://www.unitedtalent.com","2025-07-16",NULL
"5786","new","Zlata","","https://www.unitedtalent.com","2025-07-16",NULL
"5841","new","Ladies of Leisure","","https://www.unitedtalent.com","2025-07-16",NULL
"5838","new","Rinzen","","https://www.unitedtalent.com","2025-07-16",NULL
"5832","new","FuntCase","","https://www.unitedtalent.com","2025-07-16",NULL
"5840","new","DaniLeigh","","https://www.unitedtalent.com","2025-07-16",NULL
"5830","new","Jane Krawkowski","","https://www.unitedtalent.com","2025-07-16",NULL
"5788","new","Casey Barnes","","https://www.unitedtalent.com","2025-07-16",NULL
"5805","new","Selena Faider","","https://www.unitedtalent.com","2025-07-16",NULL
"5803","new","Nissi","","https://www.unitedtalent.com","2025-07-16",NULL
"5850","new","Foals","","https://www.unitedtalent.com","2025-07-16",NULL
"5787","new","Franklin Jonas","","https://www.unitedtalent.com","2025-07-16",NULL
"5828","new","Sam Wise","","https://www.unitedtalent.com","2025-07-16",NULL
"5819","new","Nu Genea","","https://www.unitedtalent.com","2025-07-16",NULL
"5809","new","Tori Kelly","","https://www.unitedtalent.com","2025-07-16",NULL
"5834","new","L'Impératrice","","https://www.unitedtalent.com","2025-07-16",NULL
"5835","new","Elley Duhé","","https://www.unitedtalent.com","2025-07-16",NULL
"5848","new","Wells Ferrari","","https://www.unitedtalent.com","2025-07-16",NULL
"5821","new","Menudo","","https://www.unitedtalent.com","2025-07-16",NULL
"5862","new","Steven Wilson","","https://www.unitedtalent.com","2025-07-16",NULL
"5912","new","Palace","","https://www.unitedtalent.com","2025-07-16",NULL
"5933","new","Phabo","","https://www.unitedtalent.com","2025-07-16",NULL
"5872","new","Rova","","https://www.unitedtalent.com","2025-07-16",NULL
"5927","new","MF Doom","","https://www.unitedtalent.com","2025-07-16",NULL
"5905","new","Daniel Lismore","","https://www.unitedtalent.com","2025-07-16",NULL
"5865","new","Skid Row","","https://www.unitedtalent.com","2025-07-16",NULL
"5899","new","Buffalo Traffic Jam","","https://www.unitedtalent.com","2025-07-16",NULL
"5886","new","Kings Of The Rollers","","https://www.unitedtalent.com","2025-07-16",NULL
"5934","new","Will Swinton","","https://www.unitedtalent.com","2025-07-16",NULL
"5902","new","COBRAH","","https://www.unitedtalent.com","2025-07-16",NULL
"5895","new","Solon Holt","","https://www.unitedtalent.com","2025-07-16",NULL
"5871","new","Opeth","","https://www.unitedtalent.com","2025-07-16",NULL
"5860","new","Bru-C","","https://www.unitedtalent.com","2025-07-16",NULL
"5911","new","WizTheMc","","https://www.unitedtalent.com","2025-07-16",NULL
"5868","new","Ozomatli","","https://www.unitedtalent.com","2025-07-16",NULL
"5891","new","Pom Pom Squad","","https://www.unitedtalent.com","2025-07-16",NULL
"5861","new","Sterling Elza","","https://www.unitedtalent.com","2025-07-16",NULL
"5926","new","Artwork","","https://www.unitedtalent.com","2025-07-16",NULL
"5917","new","Jordin Sparks","","https://www.unitedtalent.com","2025-07-16",NULL
"5923","new","Lex Amor","","https://www.unitedtalent.com","2025-07-16",NULL
"5907","new","Last Dinosaurs","","https://www.unitedtalent.com","2025-07-16",NULL
"5919","new","Kaiit","","https://www.unitedtalent.com","2025-07-16",NULL
"5897","new","Nick Folwarczny","","https://www.unitedtalent.com","2025-07-16",NULL
"5906","new","Stacey Ryan","","https://www.unitedtalent.com","2025-07-16",NULL
"5863","new","Pa Salieu","","https://www.unitedtalent.com","2025-07-16",NULL
"5932","new","Corbin","","https://www.unitedtalent.com","2025-07-16",NULL
"5943","new","Anderson East","","https://www.unitedtalent.com","2025-07-16",NULL
"5900","new","Nia Sultana","","https://www.unitedtalent.com","2025-07-16",NULL
"5916","new","Social House","","https://www.unitedtalent.com","2025-07-16",NULL
"5898","new","Friction","","https://www.unitedtalent.com","2025-07-16",NULL
"5883","new","NAV","","https://www.unitedtalent.com","2025-07-16",NULL
"5904","new","Grafix","","https://www.unitedtalent.com","2025-07-16",NULL
"5896","new","Creed","","https://www.unitedtalent.com","2025-07-16",NULL
"5913","new","Gabito Ballesteros","","https://www.unitedtalent.com","2025-07-16",NULL
"5939","new","Jacob Collier","","https://www.unitedtalent.com","2025-07-16",NULL
"5876","new","RUBII","","https://www.unitedtalent.com","2025-07-16",NULL
"5892","new","Cold Cave","","https://www.unitedtalent.com","2025-07-16",NULL
"5925","new","Issey Cross","","https://www.unitedtalent.com","2025-07-16",NULL
"5873","new","Charlotte Sands","","https://www.unitedtalent.com","2025-07-16",NULL
"5866","new","Wilkinson","","https://www.unitedtalent.com","2025-07-16",NULL
"5922","new","JSTJR","","https://www.unitedtalent.com","2025-07-16",NULL
"5915","new","Craig David Presents TS5","","https://www.unitedtalent.com","2025-07-16",NULL
"5879","new","Josh Ramsay","","https://www.unitedtalent.com","2025-07-16",NULL
"5914","new","Rachel Platten","","https://www.unitedtalent.com","2025-07-16",NULL
"5903","new","MEMBA","","https://www.unitedtalent.com","2025-07-16",NULL
"5921","new","KAAZE","","https://www.unitedtalent.com","2025-07-16",NULL
"5929","new","AJ McLean","","https://www.unitedtalent.com","2025-07-16",NULL
"5920","new","CloZee","","https://www.unitedtalent.com","2025-07-16",NULL
"5901","new","Mike Posner","","https://www.unitedtalent.com","2025-07-16",NULL
"5910","new","Magnus Ferrell","","https://www.unitedtalent.com","2025-07-16",NULL
"5940","new","1010benja","","https://www.unitedtalent.com","2025-07-16",NULL
"5870","new","Spin Doctors","","https://www.unitedtalent.com","2025-07-16",NULL
"5890","new","Chris Difford","","https://www.unitedtalent.com","2025-07-16",NULL
"5935","new","Chase Atlantic","","https://www.unitedtalent.com","2025-07-16",NULL
"5931","new","Sublime with Rome","","https://www.unitedtalent.com","2025-07-16",NULL
"5941","new","Fine","","https://www.unitedtalent.com","2025-07-16",NULL
"5893","new","MAX","","https://www.unitedtalent.com","2025-07-16",NULL
"5877","new","Jake Wesley Rogers","","https://www.unitedtalent.com","2025-07-16",NULL
"5875","new","Starcrawler","","https://www.unitedtalent.com","2025-07-16",NULL
"5930","new","Gogol Bordello","","https://www.unitedtalent.com","2025-07-16",NULL
"5937","new","Far Caspian","","https://www.unitedtalent.com","2025-07-16",NULL
"5889","new","Our Lady Peace","","https://www.unitedtalent.com","2025-07-16",NULL
"5867","new","Abby Roberts","","https://www.unitedtalent.com","2025-07-16",NULL
"5938","new","Alex Porat","","https://www.unitedtalent.com","2025-07-16",NULL
"5924","new","Teenage Dads","","https://www.unitedtalent.com","2025-07-16",NULL
"5869","new","So You Think You Can Dance","","https://www.unitedtalent.com","2025-07-16",NULL
"5874","new","VTSS","","https://www.unitedtalent.com","2025-07-16",NULL
"5936","new","347aidan","","https://www.unitedtalent.com","2025-07-16",NULL
"5881","new","Fields Of The Nephilim","","https://www.unitedtalent.com","2025-07-16",NULL
"5884","new","Michelle Williams","","https://www.unitedtalent.com","2025-07-16",NULL
"5887","new","Lihtz","","https://www.unitedtalent.com","2025-07-16",NULL
"5882","new","JJ Lin","","https://www.unitedtalent.com","2025-07-16",NULL
"5928","new","American Idol Live","","https://www.unitedtalent.com","2025-07-16",NULL
"5878","new","GaTa","","https://www.unitedtalent.com","2025-07-16",NULL
"5888","new","The Outlaws","","https://www.unitedtalent.com","2025-07-16",NULL
"5880","new","blk.","","https://www.unitedtalent.com","2025-07-16",NULL
"5918","new","Let's Eat Grandma","","https://www.unitedtalent.com","2025-07-16",NULL
"6014","new","Swimming Paul","","https://www.unitedtalent.com","2025-07-16",NULL
"5968","new","Kwengface","","https://www.unitedtalent.com","2025-07-16",NULL
"5958","new","Peaches","","https://www.unitedtalent.com","2025-07-16",NULL
"5960","new","Trivium","","https://www.unitedtalent.com","2025-07-16",NULL
"5996","new","Ghoulish","","https://www.unitedtalent.com","2025-07-16",NULL
"5975","new","Louis Bekk","","https://www.unitedtalent.com","2025-07-16",NULL
"5956","new","Smallpools","","https://www.unitedtalent.com","2025-07-16",NULL
"6007","new","Glenn Tilbrook","","https://www.unitedtalent.com","2025-07-16",NULL
"5953","new","Boy & Bear","","https://www.unitedtalent.com","2025-07-16",NULL
"5985","new","Surfaces","","https://www.unitedtalent.com","2025-07-16",NULL
"6003","new","DPR CREAM","","https://www.unitedtalent.com","2025-07-16",NULL
"5948","new","Kompany","","https://www.unitedtalent.com","2025-07-16",NULL
"6002","new","Jason Schmidt","","https://www.unitedtalent.com","2025-07-16",NULL
"5981","new","Colt Ford","","https://www.unitedtalent.com","2025-07-16",NULL
"5947","new","Mora Prokaza","","https://www.unitedtalent.com","2025-07-16",NULL
"5969","new","SiM","","https://www.unitedtalent.com","2025-07-16",NULL
"5963","new","Lute","","https://www.unitedtalent.com","2025-07-16",NULL
"6004","new","Bawo","","https://www.unitedtalent.com","2025-07-16",NULL
"5954","new","UB40","","https://www.unitedtalent.com","2025-07-16",NULL
"6022","new","Lisa Scott Lee","","https://www.unitedtalent.com","2025-07-16",NULL
"6006","new","JAYLER","","https://www.unitedtalent.com","2025-07-16",NULL
"5964","new","NOISY","","https://www.unitedtalent.com","2025-07-16",NULL
"6008","new","DPR IAN","","https://www.unitedtalent.com","2025-07-16",NULL
"5984","new","Ryan Destiny","","https://www.unitedtalent.com","2025-07-16",NULL
"6012","new","DJ Maphorisa","","https://www.unitedtalent.com","2025-07-16",NULL
"6016","new","Simon McBride","","https://www.unitedtalent.com","2025-07-16",NULL
"5976","new","Crown Lands","","https://www.unitedtalent.com","2025-07-16",NULL
"5989","new","ZAYN","","https://www.unitedtalent.com","2025-07-16",NULL
"5983","new","Bridgit Mendler","","https://www.unitedtalent.com","2025-07-16",NULL
"6000","new","Jaden Bojsen","","https://www.unitedtalent.com","2025-07-16",NULL
"6026","new","Kai Wachi","","https://www.unitedtalent.com","2025-07-16",NULL
"5971","new","EPTIC","","https://www.unitedtalent.com","2025-07-16",NULL
"5999","new","Midland","","https://www.unitedtalent.com","2025-07-16",NULL
"5998","new","Yaelokre","","https://www.unitedtalent.com","2025-07-16",NULL
"5992","new","Logan Michael","","https://www.unitedtalent.com","2025-07-16",NULL
"5988","new","The Cavemen.","","https://www.unitedtalent.com","2025-07-16",NULL
"5990","new","Kyle Walker","","https://www.unitedtalent.com","2025-07-16",NULL
"5961","new","Mammoth","","https://www.unitedtalent.com","2025-07-16",NULL
"6024","new","Glokk40Spaz","","https://www.unitedtalent.com","2025-07-16",NULL
"6015","new","Dalton Dover","","https://www.unitedtalent.com","2025-07-16",NULL
"5986","new","Hayla","","https://www.unitedtalent.com","2025-07-16",NULL
"5967","new","Tanerélle","","https://www.unitedtalent.com","2025-07-16",NULL
"5959","new","Daisy the Great","","https://www.unitedtalent.com","2025-07-16",NULL
"6009","new","Kat Luna","","https://www.unitedtalent.com","2025-07-16",NULL
"5952","new","Big Wreck","","https://www.unitedtalent.com","2025-07-16",NULL
"6018","new","Borgeous","","https://www.unitedtalent.com","2025-07-16",NULL
"5974","new","Edwin McCain","","https://www.unitedtalent.com","2025-07-16",NULL
"5982","new","Austin Brown","","https://www.unitedtalent.com","2025-07-16",NULL
"6020","new","Hedex","","https://www.unitedtalent.com","2025-07-16",NULL
"6017","new","Valley Flower","","https://www.unitedtalent.com","2025-07-16",NULL
"6025","new","The Damned","","https://www.unitedtalent.com","2025-07-16",NULL
"5965","new","Chevy Metal","","https://www.unitedtalent.com","2025-07-16",NULL
"5950","new","Psychedelic Porn Crumpets","","https://www.unitedtalent.com","2025-07-16",NULL
"5951","new","Whitechapel","","https://www.unitedtalent.com","2025-07-16",NULL
"6023","new","Baird","","https://www.unitedtalent.com","2025-07-16",NULL
"5980","new","Plastique Tiara","","https://www.unitedtalent.com","2025-07-16",NULL
"6011","new","Fcukers","","https://www.unitedtalent.com","2025-07-16",NULL
"5979","new","Breakbot","","https://www.unitedtalent.com","2025-07-16",NULL
"5993","new","The Fray","","https://www.unitedtalent.com","2025-07-16",NULL
"5949","new","House of Protection","","https://www.unitedtalent.com","2025-07-16",NULL
"5995","new","The Jungle Giants","","https://www.unitedtalent.com","2025-07-16",NULL
"5944","new","DC The Don","","https://www.unitedtalent.com","2025-07-16",NULL
"5997","new","Milky Chance","","https://www.unitedtalent.com","2025-07-16",NULL
"5970","new","LAZER DIM 700","","https://www.unitedtalent.com","2025-07-16",NULL
"5991","new","Vio-Lence","","https://www.unitedtalent.com","2025-07-16",NULL
"5945","new","Shane Profitt","","https://www.unitedtalent.com","2025-07-16",NULL
"5946","new","Snoh Aalegra","","https://www.unitedtalent.com","2025-07-16",NULL
"5994","new","Travie McCoy","","https://www.unitedtalent.com","2025-07-16",NULL
"5955","new","Ross Copperman","","https://www.unitedtalent.com","2025-07-16",NULL
"6027","new","M Huncho","","https://www.unitedtalent.com","2025-07-16",NULL
"5962","new","Oscar Jerome","","https://www.unitedtalent.com","2025-07-16",NULL
"6010","new","Kyle Dion","","https://www.unitedtalent.com","2025-07-16",NULL
"5978","new","Seth David","","https://www.unitedtalent.com","2025-07-16",NULL
"5973","new","Kiran + Nivi","","https://www.unitedtalent.com","2025-07-16",NULL
"6019","new","Nimda","","https://www.unitedtalent.com","2025-07-16",NULL
"6021","new","sombr","","https://www.unitedtalent.com","2025-07-16",NULL
"5972","new","Levi","","https://www.unitedtalent.com","2025-07-16",NULL
"6028","new","PYKE","","https://www.unitedtalent.com","2025-07-16",NULL
"5957","new","Love Remain","","https://www.unitedtalent.com","2025-07-16",NULL
"6040","new","Ally Salort","","https://www.unitedtalent.com","2025-07-16",NULL
"6051","new","AleXa","","https://www.unitedtalent.com","2025-07-16",NULL
"6108","new","Daði Freyr","","https://www.unitedtalent.com","2025-07-16",NULL
"6034","new","Sammy Hagar & The Circle","","https://www.unitedtalent.com","2025-07-16",NULL
"6074","new","Maya Delilah","","https://www.unitedtalent.com","2025-07-16",NULL
"6072","new","Gina Jeanz","","https://www.unitedtalent.com","2025-07-16",NULL
"6078","new","The Headlines","","https://www.unitedtalent.com","2025-07-16",NULL
"6056","new","Fortunate Youth","","https://www.unitedtalent.com","2025-07-16",NULL
"6066","new","Showtek","","https://www.unitedtalent.com","2025-07-16",NULL
"6029","new","DAISY WORLD","","https://www.unitedtalent.com","2025-07-16",NULL
"6041","new","Raffaella","","https://www.unitedtalent.com","2025-07-16",NULL
"6043","new","Loren Kramar","","https://www.unitedtalent.com","2025-07-16",NULL
"6109","new","Hirsch","","https://www.unitedtalent.com","2025-07-16",NULL
"6105","new","Gym Class Heroes","","https://www.unitedtalent.com","2025-07-16",NULL
"6075","new","Mildlife","","https://www.unitedtalent.com","2025-07-16",NULL
"6050","new","Lincoln Jesser","","https://www.unitedtalent.com","2025-07-16",NULL
"6036","new","Kabza De Small","","https://www.unitedtalent.com","2025-07-16",NULL
"6096","new","Nicole Atkins","","https://www.unitedtalent.com","2025-07-16",NULL
"6076","new","MŌRIAH","","https://www.unitedtalent.com","2025-07-16",NULL
"6044","new","Cyclops","","https://www.unitedtalent.com","2025-07-16",NULL
"6085","new","Squeeze","","https://www.unitedtalent.com","2025-07-16",NULL
"6090","new","M.I.A.","","https://www.unitedtalent.com","2025-07-16",NULL
"6103","new","VEIL OF MAYA","","https://www.unitedtalent.com","2025-07-16",NULL
"6073","new","Unpeople","","https://www.unitedtalent.com","2025-07-16",NULL
"6042","new","The Wiggles","","https://www.unitedtalent.com","2025-07-16",NULL
"6101","new","Now, Now","","https://www.unitedtalent.com","2025-07-16",NULL
"6077","new","John Foster","","https://www.unitedtalent.com","2025-07-16",NULL
"6055","new","Daniel Rossen","","https://www.unitedtalent.com","2025-07-16",NULL
"6111","new","Lucky Love","","https://www.unitedtalent.com","2025-07-16",NULL
"6059","new","Austin Millz","","https://www.unitedtalent.com","2025-07-16",NULL
"6060","new","Bad Bunny","","https://www.unitedtalent.com","2025-07-16",NULL
"6035","new","Daughtry","","https://www.unitedtalent.com","2025-07-16",NULL
"6057","new","T.I.","","https://www.unitedtalent.com","2025-07-16",NULL
"6100","new","Tripp St.","","https://www.unitedtalent.com","2025-07-16",NULL
"6084","new","Kwamz","","https://www.unitedtalent.com","2025-07-16",NULL
"6087","new","Marco Strous","","https://www.unitedtalent.com","2025-07-16",NULL
"6045","new","DPR ARTIC","","https://www.unitedtalent.com","2025-07-16",NULL
"6106","new","RiTchie","","https://www.unitedtalent.com","2025-07-16",NULL
"6088","new","Mystic Marley","","https://www.unitedtalent.com","2025-07-16",NULL
"6038","new","Donny Osmond","","https://www.unitedtalent.com","2025-07-16",NULL
"6094","new","Tsu Nami","","https://www.unitedtalent.com","2025-07-16",NULL
"6046","new","Drew Baldridge","","https://www.unitedtalent.com","2025-07-16",NULL
"6070","new","Bird On the Wire: The Songs of Leonard Cohen","","https://www.unitedtalent.com","2025-07-16",NULL
"6102","new","Kavinsky","","https://www.unitedtalent.com","2025-07-16",NULL
"6031","new","Wizkid","","https://www.unitedtalent.com","2025-07-16",NULL
"6037","new","Eynka","","https://www.unitedtalent.com","2025-07-16",NULL
"6097","new","Steve Earle","","https://www.unitedtalent.com","2025-07-16",NULL
"6049","new","Tohji","","https://www.unitedtalent.com","2025-07-16",NULL
"6099","new","El Malilla","","https://www.unitedtalent.com","2025-07-16",NULL
"6065","new","Brittney Spencer","","https://www.unitedtalent.com","2025-07-16",NULL
"6030","new","Chancey Williams","","https://www.unitedtalent.com","2025-07-16",NULL
"6032","new","Hohnen Ford","","https://www.unitedtalent.com","2025-07-16",NULL
"6098","new","Noah Levine","","https://www.unitedtalent.com","2025-07-16",NULL
"6079","new","PSY","","https://www.unitedtalent.com","2025-07-16",NULL
"6086","new","Yann Tiersen","","https://www.unitedtalent.com","2025-07-16",NULL
"6093","new","Omen","","https://www.unitedtalent.com","2025-07-16",NULL
"6112","new","Brandon Wisham","","https://www.unitedtalent.com","2025-07-16",NULL
"6082","new","Taylor Acorn","","https://www.unitedtalent.com","2025-07-16",NULL
"6047","new","The Pretty Reckless","","https://www.unitedtalent.com","2025-07-16",NULL
"6110","new","Libianca","","https://www.unitedtalent.com","2025-07-16",NULL
"6068","new","Latto","","https://www.unitedtalent.com","2025-07-16",NULL
"6058","new","IRAH","","https://www.unitedtalent.com","2025-07-16",NULL
"6061","new","James Righton","","https://www.unitedtalent.com","2025-07-16",NULL
"6039","new","Sticky Fingers","","https://www.unitedtalent.com","2025-07-16",NULL
"6048","new","Meet Me @ the Altar","","https://www.unitedtalent.com","2025-07-16",NULL
"6071","new","Droeloe","","https://www.unitedtalent.com","2025-07-16",NULL
"6069","new","Jkyl & Hyde","","https://www.unitedtalent.com","2025-07-16",NULL
"6091","new","Lil Dicky","","https://www.unitedtalent.com","2025-07-16",NULL
"6107","new","Lisa Stansfield","","https://www.unitedtalent.com","2025-07-16",NULL
"6067","new","Sunn O)))","","https://www.unitedtalent.com","2025-07-16",NULL
"6080","new","Diffrent","","https://www.unitedtalent.com","2025-07-16",NULL
"6089","new","Major Lazer","","https://www.unitedtalent.com","2025-07-16",NULL
"6092","new","Noizu","","https://www.unitedtalent.com","2025-07-16",NULL
"6095","new","Rooler","","https://www.unitedtalent.com","2025-07-16",NULL
"6063","new","Justin Jay","","https://www.unitedtalent.com","2025-07-16",NULL
"6053","new","Light the Torch","","https://www.unitedtalent.com","2025-07-16",NULL
"6104","new","Vandelux","","https://www.unitedtalent.com","2025-07-16",NULL
"6083","new","Jake Shore","","https://www.unitedtalent.com","2025-07-16",NULL
"6126","new","Kid Brunswick","","https://www.unitedtalent.com","2025-07-16",NULL
"6130","new","Nena","","https://www.unitedtalent.com","2025-07-16",NULL
"6116","new","Dorian Electra","","https://www.unitedtalent.com","2025-07-16",NULL
"6129","new","Moderat","","https://www.unitedtalent.com","2025-07-16",NULL
"6134","new","Zandi Holup","","https://www.unitedtalent.com","2025-07-16",NULL
"6113","new","Moritz Hofbauer","","https://www.unitedtalent.com","2025-07-16",NULL
"6133","new","ARMNHMR","","https://www.unitedtalent.com","2025-07-16",NULL
"6136","new","Xdinary Heroes","","https://www.unitedtalent.com","2025-07-16",NULL
"6123","new","William Black","","https://www.unitedtalent.com","2025-07-16",NULL
"6119","new","Beoga","","https://www.unitedtalent.com","2025-07-16",NULL
"6125","new","holywatr","","https://www.unitedtalent.com","2025-07-16",NULL
"6122","new","Erol Alkan","","https://www.unitedtalent.com","2025-07-16",NULL
"6128","new","Woodkid","","https://www.unitedtalent.com","2025-07-16",NULL
"6117","new","Victor Lou","","https://www.unitedtalent.com","2025-07-16",NULL
"6118","new","LYNY","","https://www.unitedtalent.com","2025-07-16",NULL
"6120","new","Garrett Kato","","https://www.unitedtalent.com","2025-07-16",NULL
"6124","new","Human Movement","","https://www.unitedtalent.com","2025-07-16",NULL
"6114","new","Sainté","","https://www.unitedtalent.com","2025-07-16",NULL
"6127","new","Finn Askew","","https://www.unitedtalent.com","2025-07-16",NULL
"6132","new","Steps","","https://www.unitedtalent.com","2025-07-16",NULL
"6121","new","Kamasi Washington","","https://www.unitedtalent.com","2025-07-16",NULL
"6131","new","Reyna Roberts","","https://www.unitedtalent.com","2025-07-16",NULL
"6135","new","gio.","","https://www.unitedtalent.com","2025-07-16",NULL
"6115","new","Sol ChYld","","https://www.unitedtalent.com","2025-07-16",NULL
"6563","new","Trisha Yearwood","","https://music.wmeagency.com","2025-07-16",NULL
"6564","new","Neil Finn","","https://music.wmeagency.com","2025-07-16",NULL
"6565","new","Nas","","https://music.wmeagency.com","2025-07-16",NULL
"6566","new","Nine Inch Nails","","https://music.wmeagency.com","2025-07-16",NULL
"6567","new","Dove Cameron","","https://music.wmeagency.com","2025-07-16",NULL
"6568","new","Yusuf / Cat Stevens","","https://music.wmeagency.com","2025-07-16",NULL
"6569","new","Rumours of Fleetwood Mac","","https://music.wmeagency.com","2025-07-16",NULL
"6570","new","Felix Ames","","https://music.wmeagency.com","2025-07-16",NULL
"6571","new","Michael Blaustein","","https://music.wmeagency.com","2025-07-16",NULL
"6572","new","KFC Radio","","https://music.wmeagency.com","2025-07-16",NULL
"6573","new","Matteo Bocelli","","https://music.wmeagency.com","2025-07-16",NULL
"6574","new","SAMRECKS","","https://music.wmeagency.com","2025-07-16",NULL
"6575","new","Backstreet Boys","","https://music.wmeagency.com","2025-07-16",NULL
"6576","new","Craig Robinson","","https://music.wmeagency.com","2025-07-16",NULL
"6577","new","Adam Trent","","https://music.wmeagency.com","2025-07-16",NULL
"6578","new","Ben Harper & The Innocent Criminals","","https://music.wmeagency.com","2025-07-16",NULL
"6579","new","Christina Perri","","https://music.wmeagency.com","2025-07-16",NULL
"6580","new","Maneskin","","https://music.wmeagency.com","2025-07-16",NULL
"6581","new","Pimmie","","https://music.wmeagency.com","2025-07-16",NULL
"6582","new","Riverdance - 30th Anniversary Tour","","https://music.wmeagency.com","2025-07-16",NULL
"6583","new","Jimmy Carr","","https://music.wmeagency.com","2025-07-16",NULL
"6584","new","Florrie","","https://music.wmeagency.com","2025-07-16",NULL
"6585","new","Gary LeVox","","https://music.wmeagency.com","2025-07-16",NULL
"6586","new","LUCI","","https://music.wmeagency.com","2025-07-16",NULL
"6587","new","Laura Peek","","https://music.wmeagency.com","2025-07-16",NULL
"6588","new","Eden Rain","","https://music.wmeagency.com","2025-07-16",NULL
"6589","new","Wallows","","https://music.wmeagency.com","2025-07-16",NULL
"6590","new","Angel22","","https://music.wmeagency.com","2025-07-16",NULL
"6591","new","Tegan and Sara","","https://music.wmeagency.com","2025-07-16",NULL
"6592","new","Jenny Lewis","","https://music.wmeagency.com","2025-07-16",NULL
"6593","new","Babyface Ray","","https://music.wmeagency.com","2025-07-16",NULL
"6594","new","Meg McRee","","https://music.wmeagency.com","2025-07-16",NULL
"6595","new","Karen Elson","","https://music.wmeagency.com","2025-07-16",NULL
"6596","new","Martin Amini","","https://music.wmeagency.com","2025-07-16",NULL
"6597","new","Don Diablo","","https://music.wmeagency.com","2025-07-16",NULL
"6598","new","The Last Shadow Puppets","","https://music.wmeagency.com","2025-07-16",NULL
"6599","new","Pulp","","https://music.wmeagency.com","2025-07-16",NULL
"6600","new","Whitmer Thomas","","https://music.wmeagency.com","2025-07-16",NULL
"6601","new","Hugh Laurie","","https://music.wmeagency.com","2025-07-16",NULL
"6602","new","Somebody's Child","","https://music.wmeagency.com","2025-07-16",NULL
"6603","new","Beth Hart","","https://music.wmeagency.com","2025-07-16",NULL
"6604","new","Colbie Caillat","","https://music.wmeagency.com","2025-07-16",NULL
"6605","new","Joe List","","https://music.wmeagency.com","2025-07-16",NULL
"6606","new","Dan Donohue","","https://music.wmeagency.com","2025-07-16",NULL
"6607","new","Conner O'Malley","","https://music.wmeagency.com","2025-07-16",NULL
"6608","new","Hot Crazy","","https://music.wmeagency.com","2025-07-16",NULL
"6609","new","Ben Harper","","https://music.wmeagency.com","2025-07-16",NULL
"6610","new","J Hus","","https://music.wmeagency.com","2025-07-16",NULL
"6611","new","Third Eye Blind","","https://music.wmeagency.com","2025-07-16",NULL
"6612","new","Timothy Wayne","","https://music.wmeagency.com","2025-07-16",NULL
"6613","new","KIRBY","","https://music.wmeagency.com","2025-07-16",NULL
"6614","new","Riz Ahmed","","https://music.wmeagency.com","2025-07-16",NULL
"6615","new","Digga D","","https://music.wmeagency.com","2025-07-16",NULL
"6616","new","Fousheé","","https://music.wmeagency.com","2025-07-16",NULL
"6617","new","Hana Lili","","https://music.wmeagency.com","2025-07-16",NULL
"6618","new","John Glacier","","https://music.wmeagency.com","2025-07-16",NULL
"6619","new","Stray Cats","","https://music.wmeagency.com","2025-07-16",NULL
"6620","new","Chelsea Handler","","https://music.wmeagency.com","2025-07-16",NULL
"6621","new","Ali Kolbert","","https://music.wmeagency.com","2025-07-16",NULL
"6622","new","Jack Gray","","https://music.wmeagency.com","2025-07-16",NULL
"6629","new","Devendra Banhart","","https://music.wmeagency.com","2025-07-16",NULL
"6630","new","All Star Jam","","https://music.wmeagency.com","2025-07-16",NULL
"6631","new","AFI","","https://music.wmeagency.com","2025-07-16",NULL
"6632","new","Ronnie Milsap","","https://music.wmeagency.com","2025-07-16",NULL
"6633","new","Patrick Mayberry","","https://music.wmeagency.com","2025-07-16",NULL
"6634","new","The Naked and Famous","","https://music.wmeagency.com","2025-07-16",NULL
"6635","new","Tunde Adebimpe","","https://music.wmeagency.com","2025-07-16",NULL
"6636","new","Carla Prata","","https://music.wmeagency.com","2025-07-16",NULL
"6637","new","Adele","","https://music.wmeagency.com","2025-07-16",NULL
"6638","new","Angie McMahon","","https://music.wmeagency.com","2025-07-16",NULL
"6639","new","MPH","","https://music.wmeagency.com","2025-07-16",NULL
"6640","new","Spank Horton","","https://music.wmeagency.com","2025-07-16",NULL
"6642","new","Kygo","","https://music.wmeagency.com","2025-07-16",NULL
"6643","new","Loyal Lobos","","https://music.wmeagency.com","2025-07-16",NULL
"6644","new","Mannheim Steamroller Christmas, By Chip Davis","","https://music.wmeagency.com","2025-07-16",NULL
"6645","new","Melissa Villaseñor","","https://music.wmeagency.com","2025-07-16",NULL
"6646","new","Caleb Pressley","","https://music.wmeagency.com","2025-07-16",NULL
"6647","new","DC","","https://music.wmeagency.com","2025-07-16",NULL
"6648","new","Betty Taylor","","https://music.wmeagency.com","2025-07-16",NULL
"6649","new","Sahbabii","","https://music.wmeagency.com","2025-07-16",NULL
"6650","new","Edward Sharpe and the Magnetic Zeros","","https://music.wmeagency.com","2025-07-16",NULL
"6651","new","Barry Manilow","","https://music.wmeagency.com","2025-07-16",NULL
"6652","new","Pete Tong","","https://music.wmeagency.com","2025-07-16",NULL
"6653","new","LOLA","","https://music.wmeagency.com","2025-07-16",NULL
"6654","new","The New Respects","","https://music.wmeagency.com","2025-07-16",NULL
"6655","new","Everyone You Know","","https://music.wmeagency.com","2025-07-16",NULL
"6656","new","W. Kamau Bell","","https://music.wmeagency.com","2025-07-16",NULL
"6657","new","Gary Clark Jr","","https://music.wmeagency.com","2025-07-16",NULL
"6658","new","James Murphy","","https://music.wmeagency.com","2025-07-16",NULL
"6659","new","Evan Felker","","https://music.wmeagency.com","2025-07-16",NULL
"6660","new","Jacqueline Novak","","https://music.wmeagency.com","2025-07-16",NULL
"6661","new","Solomun","","https://music.wmeagency.com","2025-07-16",NULL
"6662","new","Sun Room","","https://music.wmeagency.com","2025-07-16",NULL
"6663","new","Walk Off The Earth","","https://music.wmeagency.com","2025-07-16",NULL
"6664","new","A.R. Rahman","","https://music.wmeagency.com","2025-07-16",NULL
"6665","new","hey, nothing","","https://music.wmeagency.com","2025-07-16",NULL
"6666","new","DJ Cassidy","","https://music.wmeagency.com","2025-07-16",NULL
"6667","new","Pat Regan","","https://music.wmeagency.com","2025-07-16",NULL
"6668","new","Alkaline Trio","","https://music.wmeagency.com","2025-07-16",NULL
"6669","new","Adam Beyer & Cirez D","","https://music.wmeagency.com","2025-07-16",NULL
"6670","new","John Rzeznik","","https://music.wmeagency.com","2025-07-16",NULL
"6671","new","Mitchell Tenpenny","","https://music.wmeagency.com","2025-07-16",NULL
"6672","new","Donavon Frankenreiter","","https://music.wmeagency.com","2025-07-16",NULL
"6673","new","Fatboy Slim","","https://music.wmeagency.com","2025-07-16",NULL
"6674","new","Youngblood Brass Band","","https://music.wmeagency.com","2025-07-16",NULL
"6675","new","Pat Green","","https://music.wmeagency.com","2025-07-16",NULL
"6676","new","Keke Palmer","","https://music.wmeagency.com","2025-07-16",NULL
"6677","new","Celeste Yim","","https://music.wmeagency.com","2025-07-16",NULL
"6678","new","Neneh Cherry","","https://music.wmeagency.com","2025-07-16",NULL
"6679","new","Damian Lazarus","","https://music.wmeagency.com","2025-07-16",NULL
"6680","new","Himalayas","","https://music.wmeagency.com","2025-07-16",NULL
"6681","new","Wild 'n Out","","https://music.wmeagency.com","2025-07-16",NULL
"6682","new","Mark Wills","","https://music.wmeagency.com","2025-07-16",NULL
"6683","new","Jessica Kirson","","https://music.wmeagency.com","2025-07-16",NULL
"6684","new","Bernadette Peters","","https://music.wmeagency.com","2025-07-16",NULL
"6685","new","KAM-BU","","https://music.wmeagency.com","2025-07-16",NULL
"6686","new","Kane Brown","","https://music.wmeagency.com","2025-07-16",NULL
"6687","new","Teischa","","https://music.wmeagency.com","2025-07-16",NULL
"6688","new","Agnes Obel","","https://music.wmeagency.com","2025-07-16",NULL
"6689","new","Christina P.","","https://music.wmeagency.com","2025-07-16",NULL
"6690","new","Rachel Feinstein","","https://music.wmeagency.com","2025-07-16",NULL
"6691","new","Cole Goodwin","","https://music.wmeagency.com","2025-07-16",NULL
"6692","new","Cole Phillips","","https://music.wmeagency.com","2025-07-16",NULL
"6693","new","me n u","","https://music.wmeagency.com","2025-07-16",NULL
"6694","new","Rain - A Tribute to The Beatles","","https://music.wmeagency.com","2025-07-16",NULL
"6695","new","The HU","","https://music.wmeagency.com","2025-07-16",NULL
"6696","new","Flatland Cavalry","","https://music.wmeagency.com","2025-07-16",NULL
"6697","new","Nicki Nicole","","https://music.wmeagency.com","2025-07-16",NULL
"6698","new","Your Mom's House Podcast Live","","https://music.wmeagency.com","2025-07-16",NULL
"6699","new","The Kills","","https://music.wmeagency.com","2025-07-16",NULL
"6700","new","Burton Cummings","","https://music.wmeagency.com","2025-07-16",NULL
"6701","new","Leftfield","","https://music.wmeagency.com","2025-07-16",NULL
"6702","new","Maddy Smith","","https://music.wmeagency.com","2025-07-16",NULL
"6703","new","Crowder","","https://music.wmeagency.com","2025-07-16",NULL
"6704","new","Navy Blue","","https://music.wmeagency.com","2025-07-16",NULL
"6705","new","Garth Brooks","","https://music.wmeagency.com","2025-07-16",NULL
"6706","new","No Justice","","https://music.wmeagency.com","2025-07-16",NULL
"6707","new","Janine","","https://music.wmeagency.com","2025-07-16",NULL
"6708","new","Jeremy Camp","","https://music.wmeagency.com","2025-07-16",NULL
"6709","new","Natalie Grant","","https://music.wmeagency.com","2025-07-16",NULL
"6710","new","Junior Brown","","https://music.wmeagency.com","2025-07-16",NULL
"6711","new","Pi'erre Bourne","","https://music.wmeagency.com","2025-07-16",NULL
"6712","new","Lea Michele","","https://music.wmeagency.com","2025-07-16",NULL
"6713","new","Nimesh Patel","","https://music.wmeagency.com","2025-07-16",NULL
"6714","new","24KGoldn","","https://music.wmeagency.com","2025-07-16",NULL
"6715","new","Sydney Ross Mitchell","","https://music.wmeagency.com","2025-07-16",NULL
"6716","new","Bill Maher","","https://music.wmeagency.com","2025-07-16",NULL
"6717","new","Saxon","","https://music.wmeagency.com","2025-07-16",NULL
"6718","new","Miike Snow","","https://music.wmeagency.com","2025-07-16",NULL
"6719","new","Lydia Night","","https://music.wmeagency.com","2025-07-16",NULL
"6720","new","Skeez","","https://music.wmeagency.com","2025-07-16",NULL
"6721","new","Marlon Williams","","https://music.wmeagency.com","2025-07-16",NULL
"6722","new","Winnetka Bowling League","","https://music.wmeagency.com","2025-07-16",NULL
"6723","new","Nick Ward","","https://music.wmeagency.com","2025-07-16",NULL
"6724","new","Saucy Santana","","https://music.wmeagency.com","2025-07-16",NULL
"6725","new","Austin Mahone","","https://music.wmeagency.com","2025-07-16",NULL
"6726","new","DANCER","","https://music.wmeagency.com","2025-07-16",NULL
"6727","new","Tenacious D","","https://music.wmeagency.com","2025-07-16",NULL
"6728","new","Mahalia","","https://music.wmeagency.com","2025-07-16",NULL
"6729","new","Young T & Bugsey","","https://music.wmeagency.com","2025-07-16",NULL
"6730","new","Hayes Bradley","","https://music.wmeagency.com","2025-07-16",NULL
"6731","new","Maria Isabel","","https://music.wmeagency.com","2025-07-16",NULL
"6732","new","Allison Moorer","","https://music.wmeagency.com","2025-07-16",NULL
"6733","new","Na'im Lynn","","https://music.wmeagency.com","2025-07-16",NULL
"6734","new","ROMANS","","https://music.wmeagency.com","2025-07-16",NULL
"6735","new","Skindred","","https://music.wmeagency.com","2025-07-16",NULL
"6736","new","MercyMe","","https://music.wmeagency.com","2025-07-16",NULL
"6737","new","Charly Perry","","https://music.wmeagency.com","2025-07-16",NULL
"6738","new","Harper Grace","","https://music.wmeagency.com","2025-07-16",NULL
"6739","new","Sasha Alex Sloan","","https://music.wmeagency.com","2025-07-16",NULL
"6740","new","Nemzzz","","https://music.wmeagency.com","2025-07-16",NULL
"6741","new","Rend Collective","","https://music.wmeagency.com","2025-07-16",NULL
"6742","new","Angelo Mota","","https://music.wmeagency.com","2025-07-16",NULL
"6743","new","Feeder","","https://music.wmeagency.com","2025-07-16",NULL
"6744","new","Tomahawk","","https://music.wmeagency.com","2025-07-16",NULL
"6745","new","Jerrod Carmichael","","https://music.wmeagency.com","2025-07-16",NULL
"6746","new","Depeche Mode","","https://music.wmeagency.com","2025-07-16",NULL
"6747","new","Travis Denning","","https://music.wmeagency.com","2025-07-16",NULL
"6748","new","Cirez D","","https://music.wmeagency.com","2025-07-16",NULL
"6749","new","Edwyn Collins","","https://music.wmeagency.com","2025-07-16",NULL
"6750","new","Jason Mantzoukas","","https://music.wmeagency.com","2025-07-16",NULL
"6751","new","Ricky Velez","","https://music.wmeagency.com","2025-07-16",NULL
"6752","new","Danny L Harle","","https://music.wmeagency.com","2025-07-16",NULL
"6753","new","Jay Shetty","","https://music.wmeagency.com","2025-07-16",NULL
"6754","new","EARTHQUAKE","","https://music.wmeagency.com","2025-07-16",NULL
"6755","new","Joe Budden","","https://music.wmeagency.com","2025-07-16",NULL
"6756","new","The Clockworks","","https://music.wmeagency.com","2025-07-16",NULL
"6757","new","The Florentinas","","https://music.wmeagency.com","2025-07-16",NULL
"6758","new","Jimmy Kimmel","","https://music.wmeagency.com","2025-07-16",NULL
"6759","new","Jimmy Eat World","","https://music.wmeagency.com","2025-07-16",NULL
"6760","new","Gillian Welch","","https://music.wmeagency.com","2025-07-16",NULL
"6761","new","Rudy Mancuso","","https://music.wmeagency.com","2025-07-16",NULL
"6762","new","mgk","","https://music.wmeagency.com","2025-07-16",NULL
"6763","new","Normani","","https://music.wmeagency.com","2025-07-16",NULL
"6764","new","Thievery Corporation","","https://music.wmeagency.com","2025-07-16",NULL
"6765","new","Mark Chesnutt","","https://music.wmeagency.com","2025-07-16",NULL
"6766","new","Rick Glassman","","https://music.wmeagency.com","2025-07-16",NULL
"6767","new","MorMor","","https://music.wmeagency.com","2025-07-16",NULL
"6768","new","Taking Back Sunday","","https://music.wmeagency.com","2025-07-16",NULL
"6769","new","Aitch","","https://music.wmeagency.com","2025-07-16",NULL
"6770","new","Cody Canada and The Departed","","https://music.wmeagency.com","2025-07-16",NULL
"6771","new","garbagebarbie","","https://music.wmeagency.com","2025-07-16",NULL
"6772","new","Honeyluv","","https://music.wmeagency.com","2025-07-16",NULL
"6773","new","Caitlyn Smith","","https://music.wmeagency.com","2025-07-16",NULL
"6774","new","Yotto","","https://music.wmeagency.com","2025-07-16",NULL
"6775","new","Mark Ambor","","https://music.wmeagency.com","2025-07-16",NULL
"6776","new","Walk the Moon","","https://music.wmeagency.com","2025-07-16",NULL
"6777","new","Pod Save The World","","https://music.wmeagency.com","2025-07-16",NULL
"6778","new","Gloria Groove","","https://music.wmeagency.com","2025-07-16",NULL
"6779","new","Oscar Isaac","","https://music.wmeagency.com","2025-07-16",NULL
"6780","new","Courteeners","","https://music.wmeagency.com","2025-07-16",NULL
"6781","new","Ryan Ellis","","https://music.wmeagency.com","2025-07-16",NULL
"6782","new","Ashley Cooke","","https://music.wmeagency.com","2025-07-16",NULL
"6783","new","Gabriel Kelley","","https://music.wmeagency.com","2025-07-16",NULL
"6784","new","Rhett Akins","","https://music.wmeagency.com","2025-07-16",NULL
"6785","new","Sam Jay","","https://music.wmeagency.com","2025-07-16",NULL
"6786","new","DEKO with Yameii & Friends","","https://music.wmeagency.com","2025-07-16",NULL
"6787","new","Ray Romano","","https://music.wmeagency.com","2025-07-16",NULL
"6788","new","Ray Fulcher","","https://music.wmeagency.com","2025-07-16",NULL
"6789","new","Kalan.FrFr","","https://music.wmeagency.com","2025-07-16",NULL
"6790","new","Steve Martin","","https://music.wmeagency.com","2025-07-16",NULL
"6791","new","Tyler Halverson","","https://music.wmeagency.com","2025-07-16",NULL
"6792","new","King Princess","","https://music.wmeagency.com","2025-07-16",NULL
"6793","new","Laura Marling","","https://music.wmeagency.com","2025-07-16",NULL
"6794","new","Lexi Jayde","","https://music.wmeagency.com","2025-07-16",NULL
"6795","new","Sadie Jean","","https://music.wmeagency.com","2025-07-16",NULL
"6796","new","Jeff Ross","","https://music.wmeagency.com","2025-07-16",NULL
"6797","new","Henrik","","https://music.wmeagency.com","2025-07-16",NULL
"6798","new","Sosmula","","https://music.wmeagency.com","2025-07-16",NULL
"6799","new","Jerry Cantrell","","https://music.wmeagency.com","2025-07-16",NULL
"6800","new","Alexis Taylor","","https://music.wmeagency.com","2025-07-16",NULL
"6801","new","Still Woozy","","https://music.wmeagency.com","2025-07-16",NULL
"6802","new","Josh Rabinowitz","","https://music.wmeagency.com","2025-07-16",NULL
"6803","new","Don West","","https://music.wmeagency.com","2025-07-16",NULL
"6804","new","Freak Slug","","https://music.wmeagency.com","2025-07-16",NULL
"6805","new","Hetta Falzon","","https://music.wmeagency.com","2025-07-16",NULL
"6806","new","J Boog","","https://music.wmeagency.com","2025-07-16",NULL
"6807","new","Joel Kim Booster","","https://music.wmeagency.com","2025-07-16",NULL
"6808","new","Incubus","","https://music.wmeagency.com","2025-07-16",NULL
"6809","new","hitRECord","","https://music.wmeagency.com","2025-07-16",NULL
"6810","new","Gogol Bordello","","https://music.wmeagency.com","2025-07-16",NULL
"6811","new","Thursday","","https://music.wmeagency.com","2025-07-16",NULL
"6812","new","Vandoliers","","https://music.wmeagency.com","2025-07-16",NULL
"6813","new","Victor Ray","","https://music.wmeagency.com","2025-07-16",NULL
"6814","new","Nick Cannon","","https://music.wmeagency.com","2025-07-16",NULL
"6815","new","Jay Chandrasekhar","","https://music.wmeagency.com","2025-07-16",NULL
"6816","new","Madeline Merlo","","https://music.wmeagency.com","2025-07-16",NULL
"6817","new","Eli Gable","","https://music.wmeagency.com","2025-07-16",NULL
"6818","new","Strings and Heart","","https://music.wmeagency.com","2025-07-16",NULL
"6819","new","Jordan Davis","","https://music.wmeagency.com","2025-07-16",NULL
"6820","new","Janelle Monae","","https://music.wmeagency.com","2025-07-16",NULL
"6821","new","Justin Timberlake","","https://music.wmeagency.com","2025-07-16",NULL
"6822","new","Greeicy","","https://music.wmeagency.com","2025-07-16",NULL
"6823","new","Lance Roark","","https://music.wmeagency.com","2025-07-16",NULL
"6824","new","The Illusionists","","https://music.wmeagency.com","2025-07-16",NULL
"6825","new","Hot Chip","","https://music.wmeagency.com","2025-07-16",NULL
"6826","new","YAHRITZA Y SU ESENCIA","","https://music.wmeagency.com","2025-07-16",NULL
"7133","new","Laurel","","https://music.wmeagency.com","2025-07-16",NULL
"6827","new","Dana Gould","","https://music.wmeagency.com","2025-07-16",NULL
"6828","new","Ronnie Dunn","","https://music.wmeagency.com","2025-07-16",NULL
"6829","new","Penn Jillette","","https://music.wmeagency.com","2025-07-16",NULL
"6830","new","Laci Kaye Booth","","https://music.wmeagency.com","2025-07-16",NULL
"6831","new","Wilson Phillips","","https://music.wmeagency.com","2025-07-16",NULL
"6832","new","Humbe","","https://music.wmeagency.com","2025-07-16",NULL
"6833","new","TABLO","","https://music.wmeagency.com","2025-07-16",NULL
"6834","new","Gregory Brothers","","https://music.wmeagency.com","2025-07-16",NULL
"6835","new","James Bay","","https://music.wmeagency.com","2025-07-16",NULL
"6836","new","Kevin Hart","","https://music.wmeagency.com","2025-07-16",NULL
"6837","new","Rich Amiri","","https://music.wmeagency.com","2025-07-16",NULL
"6838","new","Alex Edelman","","https://music.wmeagency.com","2025-07-16",NULL
"6839","new","Braison Cyrus","","https://music.wmeagency.com","2025-07-16",NULL
"6840","new","Lucas & Steve","","https://music.wmeagency.com","2025-07-16",NULL
"6841","new","Boy Golden","","https://music.wmeagency.com","2025-07-16",NULL
"6842","new","Wolfmother","","https://music.wmeagency.com","2025-07-16",NULL
"6843","new","Chris Fleming","","https://music.wmeagency.com","2025-07-16",NULL
"6844","new","Nothing But Thieves","","https://music.wmeagency.com","2025-07-16",NULL
"6845","new","Yoshiki","","https://music.wmeagency.com","2025-07-16",NULL
"6846","new","Sebadoh","","https://music.wmeagency.com","2025-07-16",NULL
"6847","new","Jordyn Shellhart","","https://music.wmeagency.com","2025-07-16",NULL
"6848","new","Mipso","","https://music.wmeagency.com","2025-07-16",NULL
"6849","new","Zane Lowe","","https://music.wmeagency.com","2025-07-16",NULL
"6850","new","Muscadine Bloodline","","https://music.wmeagency.com","2025-07-16",NULL
"6851","new","Ben Da Donnn","","https://music.wmeagency.com","2025-07-16",NULL
"6852","new","Lucky Daye","","https://music.wmeagency.com","2025-07-16",NULL
"6853","new","Katelyn Tarver","","https://music.wmeagency.com","2025-07-16",NULL
"6854","new","Lewis Capaldi","","https://music.wmeagency.com","2025-07-16",NULL
"6855","new","Chet Faker","","https://music.wmeagency.com","2025-07-16",NULL
"6856","new","Loyle Carner","","https://music.wmeagency.com","2025-07-16",NULL
"6857","new","Myron Elkins","","https://music.wmeagency.com","2025-07-16",NULL
"6858","new","ESTA","","https://music.wmeagency.com","2025-07-16",NULL
"6859","new","Kari Jobe Carnes","","https://music.wmeagency.com","2025-07-16",NULL
"6860","new","The Bachelor Live","","https://music.wmeagency.com","2025-07-16",NULL
"6861","new","Kaz James","","https://music.wmeagency.com","2025-07-16",NULL
"6862","new","Lil Skies","","https://music.wmeagency.com","2025-07-16",NULL
"6863","new","Thomas Jack","","https://music.wmeagency.com","2025-07-16",NULL
"6864","new","Rage Against The Machine","","https://music.wmeagency.com","2025-07-16",NULL
"6865","new","Mina Galán","","https://music.wmeagency.com","2025-07-16",NULL
"6866","new","The Main Squeeze","","https://music.wmeagency.com","2025-07-16",NULL
"6867","new","Benji Blue Bills","","https://music.wmeagency.com","2025-07-16",NULL
"6868","new","AMEME","","https://music.wmeagency.com","2025-07-16",NULL
"6869","new","Hank Korsan","","https://music.wmeagency.com","2025-07-16",NULL
"6870","new","George Civeris","","https://music.wmeagency.com","2025-07-16",NULL
"6871","new","Yonaka","","https://music.wmeagency.com","2025-07-16",NULL
"6872","new","Sheryl Crow","","https://music.wmeagency.com","2025-07-16",NULL
"6873","new","TOY FACTORY PROJECT","","https://music.wmeagency.com","2025-07-16",NULL
"6874","new","Morgan Evans","","https://music.wmeagency.com","2025-07-16",NULL
"6875","new","Ben Nichols","","https://music.wmeagency.com","2025-07-16",NULL
"6876","new","Richie Hawtin","","https://music.wmeagency.com","2025-07-16",NULL
"6877","new","Gustavo Mioto","","https://music.wmeagency.com","2025-07-16",NULL
"6878","new","Ethan Gruska","","https://music.wmeagency.com","2025-07-16",NULL
"6879","new","Tucker Wetmore","","https://music.wmeagency.com","2025-07-16",NULL
"6880","new","Pepper","","https://music.wmeagency.com","2025-07-16",NULL
"6881","new","Maximo Park","","https://music.wmeagency.com","2025-07-16",NULL
"6882","new","Jason Cheny","","https://music.wmeagency.com","2025-07-16",NULL
"6883","new","Rick Springfield","","https://music.wmeagency.com","2025-07-16",NULL
"6884","new","Smith & Myers","","https://music.wmeagency.com","2025-07-16",NULL
"6885","new","X Japan","","https://music.wmeagency.com","2025-07-16",NULL
"6886","new","SAIKO","","https://music.wmeagency.com","2025-07-16",NULL
"6887","new","Crown Lands","","https://music.wmeagency.com","2025-07-16",NULL
"6888","new","Usher Raymond IV","","https://music.wmeagency.com","2025-07-16",NULL
"6889","new","Stephen Colbert","","https://music.wmeagency.com","2025-07-16",NULL
"6890","new","Cory Morrow","","https://music.wmeagency.com","2025-07-16",NULL
"6891","new","Marty Stuart","","https://music.wmeagency.com","2025-07-16",NULL
"6892","new","System Of A Down","","https://music.wmeagency.com","2025-07-16",NULL
"6893","new","AUDREY NUNA","","https://music.wmeagency.com","2025-07-16",NULL
"6894","new","Dina Ayada","","https://music.wmeagency.com","2025-07-16",NULL
"6895","new","The Voidz","","https://music.wmeagency.com","2025-07-16",NULL
"6896","new","Yanni","","https://music.wmeagency.com","2025-07-16",NULL
"6897","new","Princess","","https://music.wmeagency.com","2025-07-16",NULL
"6898","new","Silk Sonic","","https://music.wmeagency.com","2025-07-16",NULL
"6899","new","Ilana Glazer","","https://music.wmeagency.com","2025-07-16",NULL
"6900","new","Keane","","https://music.wmeagency.com","2025-07-16",NULL
"6901","new","Dinosaur Jr.","","https://music.wmeagency.com","2025-07-16",NULL
"6902","new","Theo Von","","https://music.wmeagency.com","2025-07-16",NULL
"6903","new","And That's Why We Drink","","https://music.wmeagency.com","2025-07-16",NULL
"6904","new","Kyle Gass Band","","https://music.wmeagency.com","2025-07-16",NULL
"6906","new","Christine D'Clario","","https://music.wmeagency.com","2025-07-16",NULL
"6907","new","Zacari","","https://music.wmeagency.com","2025-07-16",NULL
"6908","new","Rachael Lampa","","https://music.wmeagency.com","2025-07-16",NULL
"6909","new","Birdtalker","","https://music.wmeagency.com","2025-07-16",NULL
"6910","new","Greentea Peng","","https://music.wmeagency.com","2025-07-16",NULL
"6911","new","Stephen Lynch","","https://music.wmeagency.com","2025-07-16",NULL
"6912","new","Kendell Marvel","","https://music.wmeagency.com","2025-07-16",NULL
"6913","new","Faouzia","","https://music.wmeagency.com","2025-07-16",NULL
"6914","new","Maya Rudolph","","https://music.wmeagency.com","2025-07-16",NULL
"6915","new","PRETTYMUCH","","https://music.wmeagency.com","2025-07-16",NULL
"6916","new","Patty Loveless","","https://music.wmeagency.com","2025-07-16",NULL
"6917","new","Tkay Maidza","","https://music.wmeagency.com","2025-07-16",NULL
"6918","new","Liz Phair","","https://music.wmeagency.com","2025-07-16",NULL
"6919","new","Cafe Tacvba","","https://music.wmeagency.com","2025-07-16",NULL
"6920","new","Leo Gonzalez","","https://music.wmeagency.com","2025-07-16",NULL
"6921","new","Danny Ocean","","https://music.wmeagency.com","2025-07-16",NULL
"6922","new","J Mascis","","https://music.wmeagency.com","2025-07-16",NULL
"6923","new","Rivers Cuomo","","https://music.wmeagency.com","2025-07-16",NULL
"6924","new","Rachel Sennott","","https://music.wmeagency.com","2025-07-16",NULL
"6925","new","John Rich","","https://music.wmeagency.com","2025-07-16",NULL
"6926","new","Mondo Cane","","https://music.wmeagency.com","2025-07-16",NULL
"6927","new","Elbow","","https://music.wmeagency.com","2025-07-16",NULL
"6928","new","Eric Samuel Timm","","https://music.wmeagency.com","2025-07-16",NULL
"6929","new","Bridget Everett","","https://music.wmeagency.com","2025-07-16",NULL
"6930","new","Jonas Blue","","https://music.wmeagency.com","2025-07-16",NULL
"6931","new","Zach Bryan","","https://music.wmeagency.com","2025-07-16",NULL
"6932","new","Airrica","","https://music.wmeagency.com","2025-07-16",NULL
"6933","new","thuy","","https://music.wmeagency.com","2025-07-16",NULL
"6934","new","Mackenzie Carpenter","","https://music.wmeagency.com","2025-07-16",NULL
"6935","new","Anthony Jeselnik","","https://music.wmeagency.com","2025-07-16",NULL
"6936","new","Denis Leary","","https://music.wmeagency.com","2025-07-16",NULL
"6937","new","David Wain","","https://music.wmeagency.com","2025-07-16",NULL
"6938","new","Katherine Jenkins","","https://music.wmeagency.com","2025-07-16",NULL
"6939","new","Natanael Cano","","https://music.wmeagency.com","2025-07-16",NULL
"6940","new","Raney Shockne","","https://music.wmeagency.com","2025-07-16",NULL
"6941","new","John Higgins","","https://music.wmeagency.com","2025-07-16",NULL
"6942","new","Darren Kiely","","https://music.wmeagency.com","2025-07-16",NULL
"6943","new","Sofia Carson","","https://music.wmeagency.com","2025-07-16",NULL
"6944","new","Ab-Soul","","https://music.wmeagency.com","2025-07-16",NULL
"6945","new","Armani White","","https://music.wmeagency.com","2025-07-16",NULL
"6946","new","Bryan Martin","","https://music.wmeagency.com","2025-07-16",NULL
"6947","new","A Magical Cirque Christmas","","https://music.wmeagency.com","2025-07-16",NULL
"6948","new","John Mulaney","","https://music.wmeagency.com","2025-07-16",NULL
"6949","new","Matt Stell","","https://music.wmeagency.com","2025-07-16",NULL
"6950","new","Shane & Shane","","https://music.wmeagency.com","2025-07-16",NULL
"6951","new","Blaine Bailey","","https://music.wmeagency.com","2025-07-16",NULL
"6952","new","Christian Hayes","","https://music.wmeagency.com","2025-07-16",NULL
"6953","new","Chris Redd","","https://music.wmeagency.com","2025-07-16",NULL
"6954","new","Alec Flynn","","https://music.wmeagency.com","2025-07-16",NULL
"6955","new","Bizarrap","","https://music.wmeagency.com","2025-07-16",NULL
"6956","new","Nardo Wick","","https://music.wmeagency.com","2025-07-16",NULL
"6957","new","Mat Kearney","","https://music.wmeagency.com","2025-07-16",NULL
"6958","new","Epik High","","https://music.wmeagency.com","2025-07-16",NULL
"6959","new","John Hollier","","https://music.wmeagency.com","2025-07-16",NULL
"6960","new","Hunter Metts","","https://music.wmeagency.com","2025-07-16",NULL
"6961","new","Bruses","","https://music.wmeagency.com","2025-07-16",NULL
"6962","new","Lucas Zelnick","","https://music.wmeagency.com","2025-07-16",NULL
"6963","new","June Diane Raphael","","https://music.wmeagency.com","2025-07-16",NULL
"6964","new","André 3000","","https://music.wmeagency.com","2025-07-16",NULL
"6965","new","John Allan","","https://music.wmeagency.com","2025-07-16",NULL
"6966","new","Sara Landry","","https://music.wmeagency.com","2025-07-16",NULL
"6967","new","Aaron Weber","","https://music.wmeagency.com","2025-07-16",NULL
"6968","new","Sydnee Washington","","https://music.wmeagency.com","2025-07-16",NULL
"6969","new","Less Than Jake","","https://music.wmeagency.com","2025-07-16",NULL
"6970","new","Slash","","https://music.wmeagency.com","2025-07-16",NULL
"6971","new","Benson Boone","","https://music.wmeagency.com","2025-07-16",NULL
"6972","new","Cobrah","","https://music.wmeagency.com","2025-07-16",NULL
"6973","new","Paulo Londra","","https://music.wmeagency.com","2025-07-16",NULL
"6974","new","The Neighbourhood","","https://music.wmeagency.com","2025-07-16",NULL
"6975","new","Ella Vos","","https://music.wmeagency.com","2025-07-16",NULL
"6976","new","Sabrina Wu","","https://music.wmeagency.com","2025-07-16",NULL
"6977","new","Angus & Julia Stone","","https://music.wmeagency.com","2025-07-16",NULL
"6978","new","Maverick City","","https://music.wmeagency.com","2025-07-16",NULL
"6979","new","Claudia Oshry","","https://music.wmeagency.com","2025-07-16",NULL
"6980","new","ian","","https://music.wmeagency.com","2025-07-16",NULL
"6981","new","Stef Dag","","https://music.wmeagency.com","2025-07-16",NULL
"6982","new","JPEGMAFIA","","https://music.wmeagency.com","2025-07-16",NULL
"6983","new","Luke Combs","","https://music.wmeagency.com","2025-07-16",NULL
"6984","new","Dee White","","https://music.wmeagency.com","2025-07-16",NULL
"6985","new","Jaguares","","https://music.wmeagency.com","2025-07-16",NULL
"6986","new","Jade","","https://music.wmeagency.com","2025-07-16",NULL
"6987","new","MORBID: A True Crime Podcast Live","","https://music.wmeagency.com","2025-07-16",NULL
"6988","new","Tom Waits","","https://music.wmeagency.com","2025-07-16",NULL
"6989","new","Mustafa","","https://music.wmeagency.com","2025-07-16",NULL
"6990","new","Chandler Moore","","https://music.wmeagency.com","2025-07-16",NULL
"6991","new","Penn & Teller","","https://music.wmeagency.com","2025-07-16",NULL
"6992","new","Painted Shield","","https://music.wmeagency.com","2025-07-16",NULL
"6993","new","Ahmed Spins","","https://music.wmeagency.com","2025-07-16",NULL
"6994","new","Aida Osman","","https://music.wmeagency.com","2025-07-16",NULL
"6995","new","The Hives","","https://music.wmeagency.com","2025-07-16",NULL
"6996","new","38 Special","","https://music.wmeagency.com","2025-07-16",NULL
"6997","new","Usama Siddiquee","","https://music.wmeagency.com","2025-07-16",NULL
"6998","new","John Legend","","https://music.wmeagency.com","2025-07-16",NULL
"6999","new","Ashley Gavin","","https://music.wmeagency.com","2025-07-16",NULL
"7000","new","Skylar Simone","","https://music.wmeagency.com","2025-07-16",NULL
"7001","new","DoeChii","","https://music.wmeagency.com","2025-07-16",NULL
"7002","new","Vincent Lima","","https://music.wmeagency.com","2025-07-16",NULL
"7003","new","Dead Can Dance","","https://music.wmeagency.com","2025-07-16",NULL
"7004","new","Griselda","","https://music.wmeagency.com","2025-07-16",NULL
"7005","new","Larry Fleet","","https://music.wmeagency.com","2025-07-16",NULL
"7006","new","Mugzz","","https://music.wmeagency.com","2025-07-16",NULL
"7007","new","Blood Orange","","https://music.wmeagency.com","2025-07-16",NULL
"7008","new","Jack Kays","","https://music.wmeagency.com","2025-07-16",NULL
"7009","new","Jessy Wilson","","https://music.wmeagency.com","2025-07-16",NULL
"7010","new","Jessie James Decker","","https://music.wmeagency.com","2025-07-16",NULL
"7011","new","Paolo Nutini","","https://music.wmeagency.com","2025-07-16",NULL
"7012","new","Fred Armisen","","https://music.wmeagency.com","2025-07-16",NULL
"7013","new","Ken Pomeroy","","https://music.wmeagency.com","2025-07-16",NULL
"7014","new","The Airborne Toxic Event","","https://music.wmeagency.com","2025-07-16",NULL
"7015","new","Joe Santagato","","https://music.wmeagency.com","2025-07-16",NULL
"7016","new","Slightly Stoopid","","https://music.wmeagency.com","2025-07-16",NULL
"7017","new","Fujii Kaze","","https://music.wmeagency.com","2025-07-16",NULL
"7018","new","Shane Profitt","","https://music.wmeagency.com","2025-07-16",NULL
"7019","new","Cleo Sol","","https://music.wmeagency.com","2025-07-16",NULL
"7020","new","AHI","","https://music.wmeagency.com","2025-07-16",NULL
"7021","new","Dumb Buoys Fishing Club","","https://music.wmeagency.com","2025-07-16",NULL
"7022","new","Emerson Day","","https://music.wmeagency.com","2025-07-16",NULL
"7023","new","Samara Cyn","","https://music.wmeagency.com","2025-07-16",NULL
"7024","new","The Avalanches","","https://music.wmeagency.com","2025-07-16",NULL
"7025","new","Benito Skinner","","https://music.wmeagency.com","2025-07-16",NULL
"7026","new","Kingfishr","","https://music.wmeagency.com","2025-07-16",NULL
"7027","new","Mekki Leeper","","https://music.wmeagency.com","2025-07-16",NULL
"7028","new","St. Lucia","","https://music.wmeagency.com","2025-07-16",NULL
"7029","new","Shinedown","","https://music.wmeagency.com","2025-07-16",NULL
"7030","new","Cleto Cordero","","https://music.wmeagency.com","2025-07-16",NULL
"7031","new","Sam Morril","","https://music.wmeagency.com","2025-07-16",NULL
"7032","new","Neil and Liam Finn","","https://music.wmeagency.com","2025-07-16",NULL
"7033","new","Trombone Shorty & Orleans Avenue","","https://music.wmeagency.com","2025-07-16",NULL
"7034","new","David Nihill","","https://music.wmeagency.com","2025-07-16",NULL
"7035","new","Jared Freid","","https://music.wmeagency.com","2025-07-16",NULL
"7036","new","The Minus 5","","https://music.wmeagency.com","2025-07-16",NULL
"7038","new","Fantomas","","https://music.wmeagency.com","2025-07-16",NULL
"7039","new","Santigold","","https://music.wmeagency.com","2025-07-16",NULL
"7040","new","Holy Ghost!","","https://music.wmeagency.com","2025-07-16",NULL
"7041","new","Martin Herlihy","","https://music.wmeagency.com","2025-07-16",NULL
"7042","new","Eminem","","https://music.wmeagency.com","2025-07-16",NULL
"7043","new","DELILAH","","https://music.wmeagency.com","2025-07-16",NULL
"7044","new","Nicole Byer","","https://music.wmeagency.com","2025-07-16",NULL
"7045","new","Vince Gill","","https://music.wmeagency.com","2025-07-16",NULL
"7046","new","ALOK","","https://music.wmeagency.com","2025-07-16",NULL
"7047","new","Pink Pablo","","https://music.wmeagency.com","2025-07-16",NULL
"7048","new","jasmine.4.t","","https://music.wmeagency.com","2025-07-16",NULL
"7049","new","Isabel Dumaa","","https://music.wmeagency.com","2025-07-16",NULL
"7050","new","Ricky Skaggs","","https://music.wmeagency.com","2025-07-16",NULL
"7051","new","The Cult","","https://music.wmeagency.com","2025-07-16",NULL
"7052","new","Ian Anderson","","https://music.wmeagency.com","2025-07-16",NULL
"7053","new","J.R. Carroll","","https://music.wmeagency.com","2025-07-16",NULL
"7054","new","Ryan Reynolds","","https://music.wmeagency.com","2025-07-16",NULL
"7055","new","It's Always Sunny In Philadelphia (Live)","","https://music.wmeagency.com","2025-07-16",NULL
"7056","new","Olivia Rodrigo","","https://music.wmeagency.com","2025-07-16",NULL
"7057","new","Montell Fish","","https://music.wmeagency.com","2025-07-16",NULL
"7058","new","Sita Abellan","","https://music.wmeagency.com","2025-07-16",NULL
"7059","new","We Hate Movies","","https://music.wmeagency.com","2025-07-16",NULL
"7060","new","Joe Goddard","","https://music.wmeagency.com","2025-07-16",NULL
"7061","new","Albert Brooks","","https://music.wmeagency.com","2025-07-16",NULL
"7062","new","Isaiah Rashad","","https://music.wmeagency.com","2025-07-16",NULL
"7063","new","Langston Kerman","","https://music.wmeagency.com","2025-07-16",NULL
"7064","new","Jacques Lu Cont","","https://music.wmeagency.com","2025-07-16",NULL
"7065","new","Meek Mill","","https://music.wmeagency.com","2025-07-16",NULL
"7066","new","Alec Benjamin","","https://music.wmeagency.com","2025-07-16",NULL
"7067","new","Fitz & the Tantrums","","https://music.wmeagency.com","2025-07-16",NULL
"7068","new","Headsend","","https://music.wmeagency.com","2025-07-16",NULL
"7069","new","Jagwar Ma","","https://music.wmeagency.com","2025-07-16",NULL
"7070","new","Amble","","https://music.wmeagency.com","2025-07-16",NULL
"7071","new","DENM","","https://music.wmeagency.com","2025-07-16",NULL
"7072","new","Fiona-Lee","","https://music.wmeagency.com","2025-07-16",NULL
"7073","new","Charlotte Day Wilson","","https://music.wmeagency.com","2025-07-16",NULL
"7074","new","Lilah","","https://music.wmeagency.com","2025-07-16",NULL
"7075","new","Chelcie Lynn","","https://music.wmeagency.com","2025-07-16",NULL
"7076","new","Boris Brejcha","","https://music.wmeagency.com","2025-07-16",NULL
"7077","new","AK SPORTS","","https://music.wmeagency.com","2025-07-16",NULL
"7078","new","Knucks","","https://music.wmeagency.com","2025-07-16",NULL
"7079","new","Odunsi","","https://music.wmeagency.com","2025-07-16",NULL
"7080","new","Lucero","","https://music.wmeagency.com","2025-07-16",NULL
"7081","new","Sheppard","","https://music.wmeagency.com","2025-07-16",NULL
"7082","new","Mike Birbiglia","","https://music.wmeagency.com","2025-07-16",NULL
"7083","new","Nico Vega","","https://music.wmeagency.com","2025-07-16",NULL
"7084","new","Avelino","","https://music.wmeagency.com","2025-07-16",NULL
"7085","new","SHAKES","","https://music.wmeagency.com","2025-07-16",NULL
"7086","new","J Balvin","","https://music.wmeagency.com","2025-07-16",NULL
"7087","new","Shygirl","","https://music.wmeagency.com","2025-07-16",NULL
"7088","new","Dogstar","","https://music.wmeagency.com","2025-07-16",NULL
"7089","new","Shungudzo","","https://music.wmeagency.com","2025-07-16",NULL
"7090","new","The Mars Volta","","https://music.wmeagency.com","2025-07-16",NULL
"7091","new","Deon Cole","","https://music.wmeagency.com","2025-07-16",NULL
"7092","new","Mike Ryan","","https://music.wmeagency.com","2025-07-16",NULL
"7093","new","Sureni Weerasekera","","https://music.wmeagency.com","2025-07-16",NULL
"7094","new","ZHU","","https://music.wmeagency.com","2025-07-16",NULL
"7095","new","LP Giobbi","","https://music.wmeagency.com","2025-07-16",NULL
"7096","new","L7","","https://music.wmeagency.com","2025-07-16",NULL
"7097","new","Agudelo888","","https://music.wmeagency.com","2025-07-16",NULL
"7098","new","Godsmack","","https://music.wmeagency.com","2025-07-16",NULL
"7099","new","David Lee Roth","","https://music.wmeagency.com","2025-07-16",NULL
"7100","new","Hiss Golden Messenger","","https://music.wmeagency.com","2025-07-16",NULL
"7101","new","The State","","https://music.wmeagency.com","2025-07-16",NULL
"7102","new","Don Louis","","https://music.wmeagency.com","2025-07-16",NULL
"7104","new","Tim Allen","","https://music.wmeagency.com","2025-07-16",NULL
"7105","new","The Band Loula","","https://music.wmeagency.com","2025-07-16",NULL
"7106","new","Foo Fighters","","https://music.wmeagency.com","2025-07-16",NULL
"7107","new","Mochakk","","https://music.wmeagency.com","2025-07-16",NULL
"7108","new","Billy Howerdel","","https://music.wmeagency.com","2025-07-16",NULL
"7109","new","Jonny Greenwood","","https://music.wmeagency.com","2025-07-16",NULL
"7110","new","Dumb Blonde Podcast","","https://music.wmeagency.com","2025-07-16",NULL
"7111","new","Silvertwin","","https://music.wmeagency.com","2025-07-16",NULL
"7112","new","CRX","","https://music.wmeagency.com","2025-07-16",NULL
"7113","new","The Flaming Lips","","https://music.wmeagency.com","2025-07-16",NULL
"7114","new","Natti Natasha","","https://music.wmeagency.com","2025-07-16",NULL
"7115","new","Crystal Tides","","https://music.wmeagency.com","2025-07-16",NULL
"7116","new","Lacey Sturm","","https://music.wmeagency.com","2025-07-16",NULL
"7117","new","Deltron 3030","","https://music.wmeagency.com","2025-07-16",NULL
"7118","new","Lil Tjay","","https://music.wmeagency.com","2025-07-16",NULL
"7119","new","Barns Courtney","","https://music.wmeagency.com","2025-07-16",NULL
"7120","new","Jackson Dean","","https://music.wmeagency.com","2025-07-16",NULL
"7121","new","Ron Funches","","https://music.wmeagency.com","2025-07-16",NULL
"7122","new","The Flints","","https://music.wmeagency.com","2025-07-16",NULL
"7123","new","Maya Jane Coles","","https://music.wmeagency.com","2025-07-16",NULL
"7124","new","The Robert Cray Band","","https://music.wmeagency.com","2025-07-16",NULL
"7125","new","YAMAGUCCI","","https://music.wmeagency.com","2025-07-16",NULL
"7126","new","The Baseball Project","","https://music.wmeagency.com","2025-07-16",NULL
"7127","new","Eric Church","","https://music.wmeagency.com","2025-07-16",NULL
"7128","new","Sienna Hubert-Ross","","https://music.wmeagency.com","2025-07-16",NULL
"7129","new","Gwen Stefani","","https://music.wmeagency.com","2025-07-16",NULL
"7131","new","Patti Labelle","","https://music.wmeagency.com","2025-07-16",NULL
"7132","new","David Kushner","","https://music.wmeagency.com","2025-07-16",NULL
"7134","new","MIRADOR","","https://music.wmeagency.com","2025-07-16",NULL
"7135","new","Passion Pit","","https://music.wmeagency.com","2025-07-16",NULL
"7136","new","Ward Davis","","https://music.wmeagency.com","2025-07-16",NULL
"7137","new","Shannon Fiedler","","https://music.wmeagency.com","2025-07-16",NULL
"7138","new","CID","","https://music.wmeagency.com","2025-07-16",NULL
"7139","new","Tourist","","https://music.wmeagency.com","2025-07-16",NULL
"7140","new","Patrick Mason","","https://music.wmeagency.com","2025-07-16",NULL
"7141","new","The Struts","","https://music.wmeagency.com","2025-07-16",NULL
"7142","new","Rag'n'Bone Man","","https://music.wmeagency.com","2025-07-16",NULL
"7143","new","Stiff Socks Podcast","","https://music.wmeagency.com","2025-07-16",NULL
"7144","new","Culture Club","","https://music.wmeagency.com","2025-07-16",NULL
"7145","new","Dermot Kennedy","","https://music.wmeagency.com","2025-07-16",NULL
"7146","new","Gold Over America Tour","","https://music.wmeagency.com","2025-07-16",NULL
"7147","new","George Birge","","https://music.wmeagency.com","2025-07-16",NULL
"7148","new","Michael Che","","https://music.wmeagency.com","2025-07-16",NULL
"7149","new","Yedoye Travis","","https://music.wmeagency.com","2025-07-16",NULL
"7150","new","Sassy 009","","https://music.wmeagency.com","2025-07-16",NULL
"7151","new","Kyle Nix & The 38's","","https://music.wmeagency.com","2025-07-16",NULL
"7152","new","DRINKURWATER","","https://music.wmeagency.com","2025-07-16",NULL
"7153","new","Selena Gomez","","https://music.wmeagency.com","2025-07-16",NULL
"7154","new","Morray","","https://music.wmeagency.com","2025-07-16",NULL
"7155","new","Calvin Harris","","https://music.wmeagency.com","2025-07-16",NULL
"7156","new","Vanessa Bayer","","https://music.wmeagency.com","2025-07-16",NULL
"7157","new","Broken Bells","","https://music.wmeagency.com","2025-07-16",NULL
"7158","new","J. Roddy Walston","","https://music.wmeagency.com","2025-07-16",NULL
"7159","new","Na-Kel Smith","","https://music.wmeagency.com","2025-07-16",NULL
"7160","new","Dean Lewis","","https://music.wmeagency.com","2025-07-16",NULL
"7162","new","6LACK","","https://music.wmeagency.com","2025-07-16",NULL
"7163","new","Dan Mintz","","https://music.wmeagency.com","2025-07-16",NULL
"7164","new","Nikola Melnikov","","https://music.wmeagency.com","2025-07-16",NULL
"7165","new","Miss Monique","","https://music.wmeagency.com","2025-07-16",NULL
"7166","new","REDD.","","https://music.wmeagency.com","2025-07-16",NULL
"7167","new","Coco & Breezy","","https://music.wmeagency.com","2025-07-16",NULL
"7168","new","Ciara","","https://music.wmeagency.com","2025-07-16",NULL
"7169","new","Saleka","","https://music.wmeagency.com","2025-07-16",NULL
"7170","new","Ben Schwartz","","https://music.wmeagency.com","2025-07-16",NULL
"7171","new","Mike Campbell & The Dirty Knobs","","https://music.wmeagency.com","2025-07-16",NULL
"7172","new","Bree Runway","","https://music.wmeagency.com","2025-07-16",NULL
"7173","new","Kix Brooks","","https://music.wmeagency.com","2025-07-16",NULL
"7174","new","Joyhauser","","https://music.wmeagency.com","2025-07-16",NULL
"7175","new","Mogwai","","https://music.wmeagency.com","2025-07-16",NULL
"7176","new","Alicia Keys","","https://music.wmeagency.com","2025-07-16",NULL
"7177","new","Luis Miguel","","https://music.wmeagency.com","2025-07-16",NULL
"7178","new","Skyler Higley","","https://music.wmeagency.com","2025-07-16",NULL
"7179","new","The Basement Yard Podcast","","https://music.wmeagency.com","2025-07-16",NULL
"7180","new","Ashley McBryde","","https://music.wmeagency.com","2025-07-16",NULL
"7181","new","Byron Bowers","","https://music.wmeagency.com","2025-07-16",NULL
"7182","new","Rai Thistlethwayte","","https://music.wmeagency.com","2025-07-16",NULL
"7183","new","Johnny Marr","","https://music.wmeagency.com","2025-07-16",NULL
"7184","new","Code Orange","","https://music.wmeagency.com","2025-07-16",NULL
"7185","new","Christopher Cross","","https://music.wmeagency.com","2025-07-16",NULL
"7186","new","Cecilia Castleman","","https://music.wmeagency.com","2025-07-16",NULL
"7187","new","Lauren Daigle","","https://music.wmeagency.com","2025-07-16",NULL
"7188","new","Bob Odenkirk","","https://music.wmeagency.com","2025-07-16",NULL
"7189","new","Frank Carter & Sex Pistols","","https://music.wmeagency.com","2025-07-16",NULL
"7190","new","Rhett Miller","","https://music.wmeagency.com","2025-07-16",NULL
"7191","new","Sean Curran","","https://music.wmeagency.com","2025-07-16",NULL
"7192","new","Brandon Flowers","","https://music.wmeagency.com","2025-07-16",NULL
"7193","new","Capella Grey","","https://music.wmeagency.com","2025-07-16",NULL
"7194","new","Twyce","","https://music.wmeagency.com","2025-07-16",NULL
"7195","new","Mumford & Sons","","https://music.wmeagency.com","2025-07-16",NULL
"7196","new","My Plus One Podcast","","https://music.wmeagency.com","2025-07-16",NULL
"7197","new","Them Crooked Vultures","","https://music.wmeagency.com","2025-07-16",NULL
"7198","new","Ashley Hesseltine","","https://music.wmeagency.com","2025-07-16",NULL
"7199","new","Tigirlily Gold","","https://music.wmeagency.com","2025-07-16",NULL
"7200","new","Roxy Music","","https://music.wmeagency.com","2025-07-16",NULL
"7201","new","Maddy O'Neal","","https://music.wmeagency.com","2025-07-16",NULL
"7202","new","SKI MASK THE SLUMP GOD","","https://music.wmeagency.com","2025-07-16",NULL
"7203","new","Josh Adam Meyers","","https://music.wmeagency.com","2025-07-16",NULL
"7204","new","Plastic Cup Boyz","","https://music.wmeagency.com","2025-07-16",NULL
"7205","new","Nali","","https://music.wmeagency.com","2025-07-16",NULL
"7206","new","Parmalee","","https://music.wmeagency.com","2025-07-16",NULL
"7207","new","MAY","","https://music.wmeagency.com","2025-07-16",NULL
"7208","new","Eugene Lee Yang","","https://music.wmeagency.com","2025-07-16",NULL
"7209","new","Arctic Monkeys","","https://music.wmeagency.com","2025-07-16",NULL
"7210","new","Saint Levant","","https://music.wmeagency.com","2025-07-16",NULL
"7211","new","Van Halen","","https://music.wmeagency.com","2025-07-16",NULL
"7212","new","Andrew Callaghan","","https://music.wmeagency.com","2025-07-16",NULL
"7213","new","Zoe Wees","","https://music.wmeagency.com","2025-07-16",NULL
"7214","new","Pete Tong Ibiza Classics","","https://music.wmeagency.com","2025-07-16",NULL
"7215","new","Shiba San","","https://music.wmeagency.com","2025-07-16",NULL
"7216","new","Hairitage","","https://music.wmeagency.com","2025-07-16",NULL
"7217","new","Crowded House","","https://music.wmeagency.com","2025-07-16",NULL
"7218","new","Meghan Patrick","","https://music.wmeagency.com","2025-07-16",NULL
"7219","new","CL","","https://music.wmeagency.com","2025-07-16",NULL
"7220","new","BabyTron","","https://music.wmeagency.com","2025-07-16",NULL
"7221","new","Lauren Auder","","https://music.wmeagency.com","2025-07-16",NULL
"7222","new","RemK","","https://music.wmeagency.com","2025-07-16",NULL
"7223","new","Snow Patrol","","https://music.wmeagency.com","2025-07-16",NULL
"7224","new","Edgehill","","https://music.wmeagency.com","2025-07-16",NULL
"7225","new","Cochise","","https://music.wmeagency.com","2025-07-16",NULL
"7226","new","Jensen McRae","","https://music.wmeagency.com","2025-07-16",NULL
"7227","new","Lil Macks","","https://music.wmeagency.com","2025-07-16",NULL
"7228","new","Fumi Abe","","https://music.wmeagency.com","2025-07-16",NULL
"7229","new","Esperanza Spalding","","https://music.wmeagency.com","2025-07-16",NULL
"7230","new","Randy Rogers","","https://music.wmeagency.com","2025-07-16",NULL
"7231","new","Leah Blevins","","https://music.wmeagency.com","2025-07-16",NULL
"7232","new","Sean Evans","","https://music.wmeagency.com","2025-07-16",NULL
"7233","new","DEAR TASH","","https://music.wmeagency.com","2025-07-16",NULL
"7234","new","A Perfect Circle","","https://music.wmeagency.com","2025-07-16",NULL
"7235","new","JIMBO THE DRAG CLOWN","","https://music.wmeagency.com","2025-07-16",NULL
"7236","new","Nasser Al-Rayess","","https://music.wmeagency.com","2025-07-16",NULL
"7237","new","Gunna","","https://music.wmeagency.com","2025-07-16",NULL
"7238","new","Puscifer","","https://music.wmeagency.com","2025-07-16",NULL
"7239","new","James Blake","","https://music.wmeagency.com","2025-07-16",NULL
"7240","new","Quixotic","","https://music.wmeagency.com","2025-07-16",NULL
"7241","new","Julian Jordan","","https://music.wmeagency.com","2025-07-16",NULL
"7242","new","Sadie Bass","","https://music.wmeagency.com","2025-07-16",NULL
"7243","new","Maggie Antone","","https://music.wmeagency.com","2025-07-16",NULL
"7244","new","Rochelle Jordan","","https://music.wmeagency.com","2025-07-16",NULL
"7245","new","Julio Iglesias, Jr.","","https://music.wmeagency.com","2025-07-16",NULL
"7246","new","How to Destroy Angels","","https://music.wmeagency.com","2025-07-16",NULL
"7247","new","Headie One","","https://music.wmeagency.com","2025-07-16",NULL
"7248","new","Aodhan King","","https://music.wmeagency.com","2025-07-16",NULL
"7249","new","Connor Kauffman","","https://music.wmeagency.com","2025-07-16",NULL
"7250","new","Alan Jackson","","https://music.wmeagency.com","2025-07-16",NULL
"7251","new","ScHoolboy Q","","https://music.wmeagency.com","2025-07-16",NULL
"7252","new","Two Hot Takes","","https://music.wmeagency.com","2025-07-16",NULL
"7253","new","Mary Droppinz","","https://music.wmeagency.com","2025-07-16",NULL
"7254","new","Ben Lee","","https://music.wmeagency.com","2025-07-16",NULL
"7256","new","TOKiMONSTA","","https://music.wmeagency.com","2025-07-16",NULL
"7257","new","Nigel Ng","","https://music.wmeagency.com","2025-07-16",NULL
"7258","new","Silverada","","https://music.wmeagency.com","2025-07-16",NULL
"7259","new","Chris Janson","","https://music.wmeagency.com","2025-07-16",NULL
"7260","new","Westside Gunn","","https://music.wmeagency.com","2025-07-16",NULL
"7261","new","Dawes","","https://music.wmeagency.com","2025-07-16",NULL
"7262","new","LL Cool J","","https://music.wmeagency.com","2025-07-16",NULL
"7263","new","dearALICE","","https://music.wmeagency.com","2025-07-16",NULL
"7264","new","Mark Stoermer","","https://music.wmeagency.com","2025-07-16",NULL
"7265","new","DOGG POUND","","https://music.wmeagency.com","2025-07-16",NULL
"7266","new","Goose","","https://music.wmeagency.com","2025-07-16",NULL
"7267","new","Kid Rock","","https://music.wmeagency.com","2025-07-16",NULL
"7268","new","Red Leather","","https://music.wmeagency.com","2025-07-16",NULL
"7269","new","Picture Parlour","","https://music.wmeagency.com","2025-07-16",NULL
"7270","new","Gracey","","https://music.wmeagency.com","2025-07-16",NULL
"7271","new","DanDlion","","https://music.wmeagency.com","2025-07-16",NULL
"7272","new","Corey Kent","","https://music.wmeagency.com","2025-07-16",NULL
"7273","new","Irontom","","https://music.wmeagency.com","2025-07-16",NULL
"7274","new","Holly Humberstone","","https://music.wmeagency.com","2025-07-16",NULL
"7275","new","Lukas Nelson","","https://music.wmeagency.com","2025-07-16",NULL
"7276","new","Teyana Taylor","","https://music.wmeagency.com","2025-07-16",NULL
"7277","new","Weezer","","https://music.wmeagency.com","2025-07-16",NULL
"7278","new","Washed Out","","https://music.wmeagency.com","2025-07-16",NULL
"7279","new","Saint Harison","","https://music.wmeagency.com","2025-07-16",NULL
"7280","new","Charlotte Adigery & Bolis Pupul","","https://music.wmeagency.com","2025-07-16",NULL
"7281","new","SYREETA","","https://music.wmeagency.com","2025-07-16",NULL
"7282","new","Stoney LaRue","","https://music.wmeagency.com","2025-07-16",NULL
"7283","new","Jade Jackson","","https://music.wmeagency.com","2025-07-16",NULL
"7284","new","Frank Walker","","https://music.wmeagency.com","2025-07-16",NULL
"7285","new","Neal Francis","","https://music.wmeagency.com","2025-07-16",NULL
"7286","new","Deyah","","https://music.wmeagency.com","2025-07-16",NULL
"7287","new","Tina Friml","","https://music.wmeagency.com","2025-07-16",NULL
"7288","new","Be Your Own Pet","","https://music.wmeagency.com","2025-07-16",NULL
"7289","new","Yeek","","https://music.wmeagency.com","2025-07-16",NULL
"7290","new","Heidi Montag","","https://music.wmeagency.com","2025-07-16",NULL
"7291","new","Naomi Johnson","","https://music.wmeagency.com","2025-07-16",NULL
"7292","new","Oh Wonder","","https://music.wmeagency.com","2025-07-16",NULL
"7293","new","Larry David","","https://music.wmeagency.com","2025-07-16",NULL
"7294","new","Bill Burr","","https://music.wmeagency.com","2025-07-16",NULL
"7295","new","Ian Munsick","","https://music.wmeagency.com","2025-07-16",NULL
"7296","new","Ja Rule","","https://music.wmeagency.com","2025-07-16",NULL
"7297","new","A Bronx Tale","","https://music.wmeagency.com","2025-07-16",NULL
"7298","new","Rev Run","","https://music.wmeagency.com","2025-07-16",NULL
"7299","new","SURF GANG","","https://music.wmeagency.com","2025-07-16",NULL
"7300","new","Mabel","","https://music.wmeagency.com","2025-07-16",NULL
"7301","new","Lightning Seeds","","https://music.wmeagency.com","2025-07-16",NULL
"7302","new","Lost Kings","","https://music.wmeagency.com","2025-07-16",NULL
"7303","new","Watcher Entertainment","","https://music.wmeagency.com","2025-07-16",NULL
"7304","new","Gale","","https://music.wmeagency.com","2025-07-16",NULL
"7305","new","Emeryld","","https://music.wmeagency.com","2025-07-16",NULL
"7306","new","SCARLXRD","","https://music.wmeagency.com","2025-07-16",NULL
"7307","new","Molly Tuttle","","https://music.wmeagency.com","2025-07-16",NULL
"7308","new","The Dead Weather","","https://music.wmeagency.com","2025-07-16",NULL
"7309","new","Valencia Grace","","https://music.wmeagency.com","2025-07-16",NULL
"7311","new","Jiaoying Summers","","https://music.wmeagency.com","2025-07-16",NULL
"7312","new","Jake Shears","","https://music.wmeagency.com","2025-07-16",NULL
"7313","new","Akaash Singh","","https://music.wmeagency.com","2025-07-16",NULL
"7314","new","Brett Young","","https://music.wmeagency.com","2025-07-16",NULL
"7315","new","Coldplay","","https://music.wmeagency.com","2025-07-16",NULL
"7316","new","Hugh Jackman","","https://music.wmeagency.com","2025-07-16",NULL
"7317","new","Ego Kill Talent","","https://music.wmeagency.com","2025-07-16",NULL
"7318","new","Kate McKinnon","","https://music.wmeagency.com","2025-07-16",NULL
"7319","new","Wayward Sons","","https://music.wmeagency.com","2025-07-16",NULL
"7320","new","Tony Baker","","https://music.wmeagency.com","2025-07-16",NULL
"7321","new","Jade LeMac","","https://music.wmeagency.com","2025-07-16",NULL
"7322","new","Chris Distefano","","https://music.wmeagency.com","2025-07-16",NULL
"7323","new","Brian Simpson","","https://music.wmeagency.com","2025-07-16",NULL
"7324","new","Galantis","","https://music.wmeagency.com","2025-07-16",NULL
"7325","new","Nic Cester","","https://music.wmeagency.com","2025-07-16",NULL
"7326","new","Bryan & Katie Torwalt","","https://music.wmeagency.com","2025-07-16",NULL
"7327","new","Tracy Lawrence","","https://music.wmeagency.com","2025-07-16",NULL
"7328","new","Steve Lacy","","https://music.wmeagency.com","2025-07-16",NULL
"7329","new","Touche Amore","","https://music.wmeagency.com","2025-07-16",NULL
"7330","new","Josh Wolf","","https://music.wmeagency.com","2025-07-16",NULL
"7331","new","Naomi Raine","","https://music.wmeagency.com","2025-07-16",NULL
"7332","new","Parquet Courts","","https://music.wmeagency.com","2025-07-16",NULL
"7333","new","Sam Smith","","https://music.wmeagency.com","2025-07-16",NULL
"7334","new","Gabriella Rose","","https://music.wmeagency.com","2025-07-16",NULL
"7335","new","Old Crow Medicine Show","","https://music.wmeagency.com","2025-07-16",NULL
"7336","new","Polo & Pan","","https://music.wmeagency.com","2025-07-16",NULL
"7337","new","Monica","","https://music.wmeagency.com","2025-07-16",NULL
"7338","new","Kellan Christopher Cragg","","https://music.wmeagency.com","2025-07-16",NULL
"7339","new","The Faint","","https://music.wmeagency.com","2025-07-16",NULL
"7340","new","Jazmine Sullivan","","https://music.wmeagency.com","2025-07-16",NULL
"7341","new","Young Fathers","","https://music.wmeagency.com","2025-07-16",NULL
"7342","new","Clinton Kane","","https://music.wmeagency.com","2025-07-16",NULL
"7343","new","Carlita","","https://music.wmeagency.com","2025-07-16",NULL
"7344","new","Roddy Frame","","https://music.wmeagency.com","2025-07-16",NULL
"7345","new","Scribz Riley","","https://music.wmeagency.com","2025-07-16",NULL
"7346","new","George Thorogood and The Destroyers","","https://music.wmeagency.com","2025-07-16",NULL
"7347","new","Blxst","","https://music.wmeagency.com","2025-07-16",NULL
"7348","new","Conway The Machine","","https://music.wmeagency.com","2025-07-16",NULL
"7349","new","Pete Yorn","","https://music.wmeagency.com","2025-07-16",NULL
"7350","new","Nick Kroll","","https://music.wmeagency.com","2025-07-16",NULL
"7351","new","Elle King","","https://music.wmeagency.com","2025-07-16",NULL
"7352","new","Armchair Expert Live! with Dax Shepard","","https://music.wmeagency.com","2025-07-16",NULL
"7353","new","Ewan McVicar","","https://music.wmeagency.com","2025-07-16",NULL
"7354","new","Rema","","https://music.wmeagency.com","2025-07-16",NULL
"7355","new","Joris Voorn","","https://music.wmeagency.com","2025-07-16",NULL
"7356","new","Kevin James","","https://music.wmeagency.com","2025-07-16",NULL
"7357","new","Tanner Usrey","","https://music.wmeagency.com","2025-07-16",NULL
"7358","new","PawPaw Rod","","https://music.wmeagency.com","2025-07-16",NULL
"7359","new","Vesperteen","","https://music.wmeagency.com","2025-07-16",NULL
"7360","new","Teddy Swims","","https://music.wmeagency.com","2025-07-16",NULL
"7361","new","Kirk Franklin","","https://music.wmeagency.com","2025-07-16",NULL
"7362","new","Shama Mrema","","https://music.wmeagency.com","2025-07-16",NULL
"7363","new","Bob's Burgers (Live)","","https://music.wmeagency.com","2025-07-16",NULL
"7364","new","Gone is Gone","","https://music.wmeagency.com","2025-07-16",NULL
"7365","new","Liam Finn","","https://music.wmeagency.com","2025-07-16",NULL
"7366","new","Yumi Zouma","","https://music.wmeagency.com","2025-07-16",NULL
"7367","new","Big Talk","","https://music.wmeagency.com","2025-07-16",NULL
"7368","new","Labrinth","","https://music.wmeagency.com","2025-07-16",NULL
"7369","new","Nsqk","","https://music.wmeagency.com","2025-07-16",NULL
"7370","new","Blessing Offor","","https://music.wmeagency.com","2025-07-16",NULL
"7371","new","Queens of the Stone Age","","https://music.wmeagency.com","2025-07-16",NULL
"7372","new","Editors","","https://music.wmeagency.com","2025-07-16",NULL
"7373","new","Keo","","https://music.wmeagency.com","2025-07-16",NULL
"7374","new","That Mexican OT","","https://music.wmeagency.com","2025-07-16",NULL
"7375","new","Patrick Droney","","https://music.wmeagency.com","2025-07-16",NULL
"7376","new","Nitty Gritty Dirt Band","","https://music.wmeagency.com","2025-07-16",NULL
"7377","new","Adam Sandler","","https://music.wmeagency.com","2025-07-16",NULL
"7378","new","Porter Robinson","","https://music.wmeagency.com","2025-07-16",NULL
"7379","new","LP","","https://music.wmeagency.com","2025-07-16",NULL
"7380","new","Pearl Jam","","https://music.wmeagency.com","2025-07-16",NULL
"7381","new","Toto","","https://music.wmeagency.com","2025-07-16",NULL
"7382","new","Francesco De Carlo","","https://music.wmeagency.com","2025-07-16",NULL
"7383","new","AntsLive","","https://music.wmeagency.com","2025-07-16",NULL
"7384","new","The Strokes","","https://music.wmeagency.com","2025-07-16",NULL
"7385","new","Netta","","https://music.wmeagency.com","2025-07-16",NULL
"7386","new","Martin Garrix","","https://music.wmeagency.com","2025-07-16",NULL
"7387","new","Andrew McMahon in the Wilderness","","https://music.wmeagency.com","2025-07-16",NULL
"7388","new","Mew","","https://music.wmeagency.com","2025-07-16",NULL
"7389","new","Craig Wedren","","https://music.wmeagency.com","2025-07-16",NULL
"7390","new","Moses Sumney","","https://music.wmeagency.com","2025-07-16",NULL
"7391","new","Gavin Adcock","","https://music.wmeagency.com","2025-07-16",NULL
"7392","new","Nasaan","","https://music.wmeagency.com","2025-07-16",NULL
"7393","new","Alemeda","","https://music.wmeagency.com","2025-07-16",NULL
"7395","new","Kasey Chambers","","https://music.wmeagency.com","2025-07-16",NULL
"7396","new","Golden Features","","https://music.wmeagency.com","2025-07-16",NULL
"7397","new","DIØN","","https://music.wmeagency.com","2025-07-16",NULL
"7399","new","Novulent","","https://music.wmeagency.com","2025-07-16",NULL
"7400","new","Danny Brown","","https://music.wmeagency.com","2025-07-16",NULL
"7401","new","The Illusionists - Magic of the Holidays","","https://music.wmeagency.com","2025-07-16",NULL
"7402","new","Dan Cummins","","https://music.wmeagency.com","2025-07-16",NULL
"7403","new","Joseph Gordon-Levitt","","https://music.wmeagency.com","2025-07-16",NULL
"7404","new","Jaden Smith","","https://music.wmeagency.com","2025-07-16",NULL
"7405","new","Johannes Brecht","","https://music.wmeagency.com","2025-07-16",NULL
"7406","new","Colin Quinn","","https://music.wmeagency.com","2025-07-16",NULL
"7407","new","The War On Drugs","","https://music.wmeagency.com","2025-07-16",NULL
"7408","new","Vince Vaughn","","https://music.wmeagency.com","2025-07-16",NULL
"7409","new","Sam Fender","","https://music.wmeagency.com","2025-07-16",NULL
"7410","new","Rudimental","","https://music.wmeagency.com","2025-07-16",NULL
"7411","new","Trevor Wallace","","https://music.wmeagency.com","2025-07-16",NULL
"7412","new","Akala","","https://music.wmeagency.com","2025-07-16",NULL
"7413","new","Payton Howie","","https://music.wmeagency.com","2025-07-16",NULL
"7414","new","Jake Hurwitz & Amir Blumenfeld","","https://music.wmeagency.com","2025-07-16",NULL
"7415","new","Andrew Rea","","https://music.wmeagency.com","2025-07-16",NULL
"7416","new","AJR","","https://music.wmeagency.com","2025-07-16",NULL
"7417","new","Angus Stone","","https://music.wmeagency.com","2025-07-16",NULL
"7418","new","Maoli","","https://music.wmeagency.com","2025-07-16",NULL
"7419","new","Morgan Nagler","","https://music.wmeagency.com","2025-07-16",NULL
"7420","new","Michael Yo","","https://music.wmeagency.com","2025-07-16",NULL
"7421","new","Rick Astley","","https://music.wmeagency.com","2025-07-16",NULL
"7422","new","Hollyn","","https://music.wmeagency.com","2025-07-16",NULL
"7423","new","Corey Smith","","https://music.wmeagency.com","2025-07-16",NULL
"7424","new","David Shaw","","https://music.wmeagency.com","2025-07-16",NULL
"7425","new","Them Dirty Roses","","https://music.wmeagency.com","2025-07-16",NULL
"7426","new","NewDad","","https://music.wmeagency.com","2025-07-16",NULL
"7427","new","Juanes","","https://music.wmeagency.com","2025-07-16",NULL
"7428","new","Alanis Morissette","","https://music.wmeagency.com","2025-07-16",NULL
"7429","new","Gianmarco Soresi","","https://music.wmeagency.com","2025-07-16",NULL
"7430","new","Shuler King","","https://music.wmeagency.com","2025-07-16",NULL
"7431","new","Jethro Tull","","https://music.wmeagency.com","2025-07-16",NULL
"7432","new","Alex Frankel","","https://music.wmeagency.com","2025-07-16",NULL
"7433","new","JD Clayton","","https://music.wmeagency.com","2025-07-16",NULL
"7434","new","The Fedz","","https://music.wmeagency.com","2025-07-16",NULL
"7435","new","Milow","","https://music.wmeagency.com","2025-07-16",NULL
"7436","new","BLACKGOLD","","https://music.wmeagency.com","2025-07-16",NULL
"7437","new","Peggy Gou","","https://music.wmeagency.com","2025-07-16",NULL
"7438","new","Jessie Ware","","https://music.wmeagency.com","2025-07-16",NULL
"7439","new","Danger Mouse & Black Thought","","https://music.wmeagency.com","2025-07-16",NULL
"7440","new","Joshua Ray Walker","","https://music.wmeagency.com","2025-07-16",NULL
"7441","new","LeoStayTrill","","https://music.wmeagency.com","2025-07-16",NULL
"7442","new","Scotty McCreery","","https://music.wmeagency.com","2025-07-16",NULL
"7443","new","PinkPantheress","","https://music.wmeagency.com","2025-07-16",NULL
"7445","new","Hot 8 Brass Band","","https://music.wmeagency.com","2025-07-16",NULL
"7446","new","Dope Lemon","","https://music.wmeagency.com","2025-07-16",NULL
"7447","new","Mr. Bungle","","https://music.wmeagency.com","2025-07-16",NULL
"7448","new","The Panhandlers","","https://music.wmeagency.com","2025-07-16",NULL
"7449","new","The Starting Line","","https://music.wmeagency.com","2025-07-16",NULL
"7450","new","Logic1000","","https://music.wmeagency.com","2025-07-16",NULL
"7451","new","Rihanna","","https://music.wmeagency.com","2025-07-16",NULL
"7452","new","Judeline","","https://music.wmeagency.com","2025-07-16",NULL
"7453","new","Elle Orlando","","https://music.wmeagency.com","2025-07-16",NULL
"7454","new","Myles Morgan","","https://music.wmeagency.com","2025-07-16",NULL
"7455","new","Paul Cauthen","","https://music.wmeagency.com","2025-07-16",NULL
"7456","new","Anne-Marie","","https://music.wmeagency.com","2025-07-16",NULL
"7457","new","girl in red","","https://music.wmeagency.com","2025-07-16",NULL
"7458","new","Chris Young","","https://music.wmeagency.com","2025-07-16",NULL
"7459","new","BT Kingsley","","https://music.wmeagency.com","2025-07-16",NULL
"7460","new","Zach Top","","https://music.wmeagency.com","2025-07-16",NULL
"7461","new","Dennis DeYoung: The Music of Styx","","https://music.wmeagency.com","2025-07-16",NULL
"7462","new","Alaina Castillo","","https://music.wmeagency.com","2025-07-16",NULL
"7463","new","Yebba","","https://music.wmeagency.com","2025-07-16",NULL
"7464","new","Tanner Adell","","https://music.wmeagency.com","2025-07-16",NULL
"7465","new","Bjork","","https://music.wmeagency.com","2025-07-16",NULL
"7466","new","Hank Williams Jr.","","https://music.wmeagency.com","2025-07-16",NULL
"7467","new","Chris Cagle","","https://music.wmeagency.com","2025-07-16",NULL
"7468","new","Triumph the Insult Comic Dog","","https://music.wmeagency.com","2025-07-16",NULL
"7469","new","Andrew W.K.","","https://music.wmeagency.com","2025-07-16",NULL
"7470","new","Sleater-Kinney","","https://music.wmeagency.com","2025-07-16",NULL
"7471","new","Better Than Ezra","","https://music.wmeagency.com","2025-07-16",NULL
"7472","new","LCD Soundsystem","","https://music.wmeagency.com","2025-07-16",NULL
"7473","new","Murder City Devils","","https://music.wmeagency.com","2025-07-16",NULL
"7474","new","DON BROCO","","https://music.wmeagency.com","2025-07-16",NULL
"7475","new","Mikey Day","","https://music.wmeagency.com","2025-07-16",NULL
"7476","new","Prof","","https://music.wmeagency.com","2025-07-16",NULL
"7477","new","Future Utopia","","https://music.wmeagency.com","2025-07-16",NULL
"7478","new","Timmy McKeever","","https://music.wmeagency.com","2025-07-16",NULL
"7479","new","Tom Saint","","https://music.wmeagency.com","2025-07-16",NULL
"7480","new","Corey B","","https://music.wmeagency.com","2025-07-16",NULL
"7481","new","Kevin Kaarl","","https://music.wmeagency.com","2025-07-16",NULL
"7482","new","Devon Walker","","https://music.wmeagency.com","2025-07-16",NULL
"7483","new","Louta","","https://music.wmeagency.com","2025-07-16",NULL
"7484","new","Marcus King","","https://music.wmeagency.com","2025-07-16",NULL
"7485","new","Mia Kirkland","","https://music.wmeagency.com","2025-07-16",NULL
"7486","new","Andrew Dismukes","","https://music.wmeagency.com","2025-07-16",NULL
"7487","new","Kam Patterson","","https://music.wmeagency.com","2025-07-16",NULL
"7488","new","Housewife","","https://music.wmeagency.com","2025-07-16",NULL
"7489","new","Sinisterhood","","https://music.wmeagency.com","2025-07-16",NULL
"7490","new","Lee Brice","","https://music.wmeagency.com","2025-07-16",NULL
"7491","new","Fredo","","https://music.wmeagency.com","2025-07-16",NULL
"7492","new","Generation Radio","","https://music.wmeagency.com","2025-07-16",NULL
"7493","new","Peace Control","","https://music.wmeagency.com","2025-07-16",NULL
"7494","new","Jon Pardi","","https://music.wmeagency.com","2025-07-16",NULL
"7495","new","Motion City Soundtrack","","https://music.wmeagency.com","2025-07-16",NULL
"7496","new","ASTROPICAL","","https://music.wmeagency.com","2025-07-16",NULL
"7497","new","Breland","","https://music.wmeagency.com","2025-07-16",NULL
"7498","new","Trey Kennedy","","https://music.wmeagency.com","2025-07-16",NULL
"7499","new","Eagles of Death Metal","","https://music.wmeagency.com","2025-07-16",NULL
"7500","new","Myles Smith","","https://music.wmeagency.com","2025-07-16",NULL
"7501","new","The Shins","","https://music.wmeagency.com","2025-07-16",NULL
"7502","new","The Martinez Brothers","","https://music.wmeagency.com","2025-07-16",NULL
"7503","new","Camila Cabello","","https://music.wmeagency.com","2025-07-16",NULL
"7504","new","Mt. Desolation","","https://music.wmeagency.com","2025-07-16",NULL
"7505","new","Dom Innarella","","https://music.wmeagency.com","2025-07-16",NULL
"7506","new","Faith No More","","https://music.wmeagency.com","2025-07-16",NULL
"7507","new","Hard-Fi","","https://music.wmeagency.com","2025-07-16",NULL
"7508","new","AZURE RYDER","","https://music.wmeagency.com","2025-07-16",NULL
"7509","new","Yola","","https://music.wmeagency.com","2025-07-16",NULL
"7510","new","The B-52s","","https://music.wmeagency.com","2025-07-16",NULL
"7511","new","Reneé Rapp","","https://music.wmeagency.com","2025-07-16",NULL
"7512","new","Simple Things","","https://music.wmeagency.com","2025-07-16",NULL
"7513","new","Eric Nam","","https://music.wmeagency.com","2025-07-16",NULL
"7514","new","LECADE","","https://music.wmeagency.com","2025-07-16",NULL
"7515","new","Bart Crow","","https://music.wmeagency.com","2025-07-16",NULL
"7516","new","Preservation Hall Jazz Band","","https://music.wmeagency.com","2025-07-16",NULL
"7517","new","Cooper Alan","","https://music.wmeagency.com","2025-07-16",NULL
"7518","new","Albert Hammond, Jr.","","https://music.wmeagency.com","2025-07-16",NULL
"7519","new","Amos Lee","","https://music.wmeagency.com","2025-07-16",NULL
"7520","new","Innellea","","https://music.wmeagency.com","2025-07-16",NULL
"7521","new","Travis Greene","","https://music.wmeagency.com","2025-07-16",NULL
"7522","new","Goo Goo Dolls","","https://music.wmeagency.com","2025-07-16",NULL
"7523","new","Diamond Rio","","https://music.wmeagency.com","2025-07-16",NULL
"7524","new","03 Greedo","","https://music.wmeagency.com","2025-07-16",NULL
"7525","new","Chase & Status","","https://music.wmeagency.com","2025-07-16",NULL
"7526","new","Andrea Bocelli","","https://music.wmeagency.com","2025-07-16",NULL
"7527","new","The Bangles","","https://music.wmeagency.com","2025-07-16",NULL
"7528","new","THE SNUTS","","https://music.wmeagency.com","2025-07-16",NULL
"7529","new","Rejjie Snow","","https://music.wmeagency.com","2025-07-16",NULL
"7530","new","Monique Lhuillier","","https://music.wmeagency.com","2025-07-16",NULL
"7531","new","indie tribe","","https://music.wmeagency.com","2025-07-16",NULL
"7532","new","Tom Grennan","","https://music.wmeagency.com","2025-07-16",NULL
"7533","new","Rene Vaca","","https://music.wmeagency.com","2025-07-16",NULL
"7534","new","Dankie Sounds","","https://music.wmeagency.com","2025-07-16",NULL
"7535","new","Sammy Kershaw","","https://music.wmeagency.com","2025-07-16",NULL
"7536","new","Echo & the Bunnymen","","https://music.wmeagency.com","2025-07-16",NULL
"7537","new","Nick Murphy","","https://music.wmeagency.com","2025-07-16",NULL
"7538","new","Winona Fighter","","https://music.wmeagency.com","2025-07-16",NULL
"7539","new","BLUAI","","https://music.wmeagency.com","2025-07-16",NULL
"7540","new","Heather McDonald","","https://music.wmeagency.com","2025-07-16",NULL
"7541","new","The Killers","","https://music.wmeagency.com","2025-07-16",NULL
"7542","new","The Improvised Shakespeare Company","","https://music.wmeagency.com","2025-07-16",NULL
"7543","new","Laura Ramoso","","https://music.wmeagency.com","2025-07-16",NULL
"7544","new","Maddox Batson","","https://music.wmeagency.com","2025-07-16",NULL
"7545","new","Capital Cities","","https://music.wmeagency.com","2025-07-16",NULL
"7547","new","Minus the Bear","","https://music.wmeagency.com","2025-07-16",NULL
"7548","new","Ice-T","","https://music.wmeagency.com","2025-07-16",NULL
"7549","new","Paul Kelly","","https://music.wmeagency.com","2025-07-16",NULL
"7550","new","Greta Van Fleet","","https://music.wmeagency.com","2025-07-16",NULL
"7551","new","Joe Rogan","","https://music.wmeagency.com","2025-07-16",NULL
"7552","new","The Cadillac Three","","https://music.wmeagency.com","2025-07-16",NULL
"7553","new","Taya","","https://music.wmeagency.com","2025-07-16",NULL
"7554","new","New West","","https://music.wmeagency.com","2025-07-16",NULL
"7555","new","Clams Casino","","https://music.wmeagency.com","2025-07-16",NULL
"7556","new","Keb' Mo'","","https://music.wmeagency.com","2025-07-16",NULL
"7557","new","Astrid S","","https://music.wmeagency.com","2025-07-16",NULL
"7558","new","Tiakola","","https://music.wmeagency.com","2025-07-16",NULL
"7559","new","King Tuff","","https://music.wmeagency.com","2025-07-16",NULL
"7560","new","Coheed and Cambria","","https://music.wmeagency.com","2025-07-16",NULL
"7561","new","Jamie McDell","","https://music.wmeagency.com","2025-07-16",NULL
"7562","new","Nelly","","https://music.wmeagency.com","2025-07-16",NULL
"7563","new","Gabby Barrett","","https://music.wmeagency.com","2025-07-16",NULL
"7564","new","Neal Brennan","","https://music.wmeagency.com","2025-07-16",NULL
"7565","new","The Fratellis","","https://music.wmeagency.com","2025-07-16",NULL
"7566","new","Cristela Alonzo","","https://music.wmeagency.com","2025-07-16",NULL
"7567","new","Chase McDaniel","","https://music.wmeagency.com","2025-07-16",NULL
"7568","new","Anna Drezen","","https://music.wmeagency.com","2025-07-16",NULL
"7569","new","Kate Kennedy","","https://music.wmeagency.com","2025-07-16",NULL
"7570","new","Bella White","","https://music.wmeagency.com","2025-07-16",NULL
"7571","new","Brooke Combe","","https://music.wmeagency.com","2025-07-16",NULL
"7572","new","Hot Since 82","","https://music.wmeagency.com","2025-07-16",NULL
"7573","new","Joyce Wrice","","https://music.wmeagency.com","2025-07-16",NULL
"7574","new","Bow Anderson","","https://music.wmeagency.com","2025-07-16",NULL
"7575","new","Michael Kiwanuka","","https://music.wmeagency.com","2025-07-16",NULL
"7576","new","Kaitlin Butts","","https://music.wmeagency.com","2025-07-16",NULL
"7577","new","Geoffrey Asmus","","https://music.wmeagency.com","2025-07-16",NULL
"7578","new","Primus","","https://music.wmeagency.com","2025-07-16",NULL
"7579","new","Justin-Lee","","https://music.wmeagency.com","2025-07-16",NULL
"7580","new","Flo Morrissey","","https://music.wmeagency.com","2025-07-16",NULL
"7581","new","Jason Aldean","","https://music.wmeagency.com","2025-07-16",NULL
"7582","new","Nat & Alex Wolff","","https://music.wmeagency.com","2025-07-16",NULL
"7583","new","LedByHer","","https://music.wmeagency.com","2025-07-16",NULL
"7584","new","Bruns","","https://music.wmeagency.com","2025-07-16",NULL
"7585","new","Gang of Youths","","https://music.wmeagency.com","2025-07-16",NULL
"7586","new","Greer","","https://music.wmeagency.com","2025-07-16",NULL
"7587","new","Sully Erna","","https://music.wmeagency.com","2025-07-16",NULL
"7588","new","Birdy","","https://music.wmeagency.com","2025-07-16",NULL
"7589","new","Ainslie Wills","","https://music.wmeagency.com","2025-07-16",NULL
"7590","new","Plastikman","","https://music.wmeagency.com","2025-07-16",NULL
"7591","new","Ellie Goulding","","https://music.wmeagency.com","2025-07-16",NULL
"7592","new","Miranda Lambert","","https://music.wmeagency.com","2025-07-16",NULL
"7593","new","Craig Morgan","","https://music.wmeagency.com","2025-07-16",NULL
"7594","new","Tenille Arts","","https://music.wmeagency.com","2025-07-16",NULL
"7595","new","Adam Beyer","","https://music.wmeagency.com","2025-07-16",NULL
"7596","new","Hozier","","https://music.wmeagency.com","2025-07-16",NULL
"7597","new","Dylan Schneider","","https://music.wmeagency.com","2025-07-16",NULL
"7598","new","Jidenna","","https://music.wmeagency.com","2025-07-16",NULL
"7599","new","Pete Holmes","","https://music.wmeagency.com","2025-07-16",NULL
"7600","new","BOB AND DAVID","","https://music.wmeagency.com","2025-07-16",NULL
"7601","new","Chris Lane","","https://music.wmeagency.com","2025-07-16",NULL
"7602","new","Outkast","","https://music.wmeagency.com","2025-07-16",NULL
"7603","new","Grace Bowers","","https://music.wmeagency.com","2025-07-16",NULL
"7604","new","The Black Queen","","https://music.wmeagency.com","2025-07-16",NULL
"7605","new","Kate Peytavin","","https://music.wmeagency.com","2025-07-16",NULL
"7606","new","COLUM TYRRELL","","https://music.wmeagency.com","2025-07-16",NULL
"7607","new","La Gabi","","https://music.wmeagency.com","2025-07-16",NULL
"7608","new","Christian Paul","","https://music.wmeagency.com","2025-07-16",NULL
"7609","new","Natasha Bedingfield","","https://music.wmeagency.com","2025-07-16",NULL
"7610","new","Bedouin","","https://music.wmeagency.com","2025-07-16",NULL
"7611","new","Freya Ridings","","https://music.wmeagency.com","2025-07-16",NULL
"7612","new","Bella Mackenzie","","https://music.wmeagency.com","2025-07-16",NULL
"7613","new","Goldfrapp","","https://music.wmeagency.com","2025-07-16",NULL
"7614","new","Caitlin Peluffo","","https://music.wmeagency.com","2025-07-16",NULL
"7615","new","Willow","","https://music.wmeagency.com","2025-07-16",NULL
"7616","new","Nolan Taylor","","https://music.wmeagency.com","2025-07-16",NULL
"7617","new","Jon Lovett","","https://music.wmeagency.com","2025-07-16",NULL
"7618","new","YHWH Nailgun","","https://music.wmeagency.com","2025-07-16",NULL
"7619","new","Warpaint","","https://music.wmeagency.com","2025-07-16",NULL
"7620","new","Scissor Sisters","","https://music.wmeagency.com","2025-07-16",NULL
"7621","new","Aziz Ansari","","https://music.wmeagency.com","2025-07-16",NULL
"7622","new","Xandra","","https://music.wmeagency.com","2025-07-16",NULL
"7623","new","Glowie","","https://music.wmeagency.com","2025-07-16",NULL
"7624","new","Stryv","","https://music.wmeagency.com","2025-07-16",NULL
"7625","new","Easton Corbin","","https://music.wmeagency.com","2025-07-16",NULL
"7626","new","Money Man","","https://music.wmeagency.com","2025-07-16",NULL
"7627","new","The Hellp","","https://music.wmeagency.com","2025-07-16",NULL
"7628","new","Tower Of Power","","https://music.wmeagency.com","2025-07-16",NULL
"7629","new","Steve Carell","","https://music.wmeagency.com","2025-07-16",NULL
"7630","new","Sea Power","","https://music.wmeagency.com","2025-07-16",NULL
"7631","new","Wyatt Ellis","","https://music.wmeagency.com","2025-07-16",NULL
"7632","new","Kilmore","","https://music.wmeagency.com","2025-07-16",NULL
"7633","new","Randy Rainbow","","https://music.wmeagency.com","2025-07-16",NULL
"7634","new","Ben Marshall","","https://music.wmeagency.com","2025-07-16",NULL
"7635","new","Gunnar","","https://music.wmeagency.com","2025-07-16",NULL
"7636","new","Harper O'Neill","","https://music.wmeagency.com","2025-07-16",NULL
"7637","new","Derek DelGaudio","","https://music.wmeagency.com","2025-07-16",NULL
"7638","new","Josh Abbott Band","","https://music.wmeagency.com","2025-07-16",NULL
"7639","new","TAINY","","https://music.wmeagency.com","2025-07-16",NULL
"7640","new","Casey Donahew","","https://music.wmeagency.com","2025-07-16",NULL
"7641","new","nobigdyl.","","https://music.wmeagency.com","2025-07-16",NULL
"7642","new","Joy Crookes","","https://music.wmeagency.com","2025-07-16",NULL
"7643","new","Robert Francis","","https://music.wmeagency.com","2025-07-16",NULL
"7644","new","Dead Cross","","https://music.wmeagency.com","2025-07-16",NULL
"7645","new","Foster The People","","https://music.wmeagency.com","2025-07-16",NULL
"7646","new","Pitbull","","https://music.wmeagency.com","2025-07-16",NULL
"7647","new","Circa Waves","","https://music.wmeagency.com","2025-07-16",NULL
"7648","new","Kaivon","","https://music.wmeagency.com","2025-07-16",NULL
"7649","new","Leon Vynehall","","https://music.wmeagency.com","2025-07-16",NULL
"7650","new","Cole Swindell","","https://music.wmeagency.com","2025-07-16",NULL
"7651","new","Madness","","https://music.wmeagency.com","2025-07-16",NULL
"7652","new","Ellen Allien","","https://music.wmeagency.com","2025-07-16",NULL
"7653","new","The Castellows","","https://music.wmeagency.com","2025-07-16",NULL
"7654","new","Sarah Story","","https://music.wmeagency.com","2025-07-16",NULL
"7655","new","Esther Povitsky","","https://music.wmeagency.com","2025-07-16",NULL
"7656","new","Benny the Butcher","","https://music.wmeagency.com","2025-07-16",NULL
"7657","new","Billie Eilish","","https://music.wmeagency.com","2025-07-16",NULL
"7658","new","Dexter and The Moonrocks","","https://music.wmeagency.com","2025-07-16",NULL
"7659","new","Sara Evans","","https://music.wmeagency.com","2025-07-16",NULL
"7660","new","mike.","","https://music.wmeagency.com","2025-07-16",NULL
"7661","new","Seth Troxler","","https://music.wmeagency.com","2025-07-16",NULL
"7662","new","Avery Anna","","https://music.wmeagency.com","2025-07-16",NULL
"7663","new","Boy George","","https://music.wmeagency.com","2025-07-16",NULL
"7664","new","Lindsey Stirling","","https://music.wmeagency.com","2025-07-16",NULL
"7665","new","PURE YANNI","","https://music.wmeagency.com","2025-07-16",NULL
"7666","new","Dillon Carmichael","","https://music.wmeagency.com","2025-07-16",NULL
"7667","new","Judd Apatow","","https://music.wmeagency.com","2025-07-16",NULL
"7668","new","Adrien Nunez","","https://music.wmeagency.com","2025-07-16",NULL
"7669","new","Baby Nova","","https://music.wmeagency.com","2025-07-16",NULL
"7670","new","Dina Hashem","","https://music.wmeagency.com","2025-07-16",NULL
"7671","new","Inhaler","","https://music.wmeagency.com","2025-07-16",NULL
"7672","new","Gable Price and Friends","","https://music.wmeagency.com","2025-07-16",NULL
"7673","new","Soja","","https://music.wmeagency.com","2025-07-16",NULL
"7674","new","FJAAK","","https://music.wmeagency.com","2025-07-16",NULL
"7675","new","Around the NFL Podcast","","https://music.wmeagency.com","2025-07-16",NULL
"7676","new","Doughboys","","https://music.wmeagency.com","2025-07-16",NULL
"7677","new","Mind Against","","https://music.wmeagency.com","2025-07-16",NULL
"7678","new","Andy Grammer","","https://music.wmeagency.com","2025-07-16",NULL
"7679","new","The Revivalists","","https://music.wmeagency.com","2025-07-16",NULL
"7680","new","Steven Tyler","","https://music.wmeagency.com","2025-07-16",NULL
"7681","new","D.D. Dumbo","","https://music.wmeagency.com","2025-07-16",NULL
"7682","new","Arrdee","","https://music.wmeagency.com","2025-07-16",NULL
"7683","new","Old 97's","","https://music.wmeagency.com","2025-07-16",NULL
"7684","new","Joey Bada$$","","https://music.wmeagency.com","2025-07-16",NULL
"7685","new","Jerry Harrison","","https://music.wmeagency.com","2025-07-16",NULL
"7686","new","Luch","","https://music.wmeagency.com","2025-07-16",NULL
"7687","new","KC Shornima","","https://music.wmeagency.com","2025-07-16",NULL
"7688","new","Duran Duran","","https://music.wmeagency.com","2025-07-16",NULL
"7689","new","Conan O'Brien","","https://music.wmeagency.com","2025-07-16",NULL
"7690","new","How Did This Get Made?","","https://music.wmeagency.com","2025-07-16",NULL
"7691","new","Johnny Flynn","","https://music.wmeagency.com","2025-07-16",NULL
"7692","new","kwn","","https://music.wmeagency.com","2025-07-16",NULL
"7693","new","Indio Downey","","https://music.wmeagency.com","2025-07-16",NULL
"7694","new","METTE","","https://music.wmeagency.com","2025-07-16",NULL
"7695","new","Jacques Greene","","https://music.wmeagency.com","2025-07-16",NULL
"7696","new","Mount Kimbie","","https://music.wmeagency.com","2025-07-16",NULL
"7697","new","Chris Botti","","https://music.wmeagency.com","2025-07-16",NULL
"7698","new","Alton Brown","","https://music.wmeagency.com","2025-07-16",NULL
"7699","new","Tom Segura","","https://music.wmeagency.com","2025-07-16",NULL
"7700","new","Taylor Hunnicutt","","https://music.wmeagency.com","2025-07-16",NULL
"7701","new","Duffy","","https://music.wmeagency.com","2025-07-16",NULL
"7702","new","Julia Stone","","https://music.wmeagency.com","2025-07-16",NULL
"7703","new","LOST SOULS OF SATURN","","https://music.wmeagency.com","2025-07-16",NULL
"7704","new","BJ Barham","","https://music.wmeagency.com","2025-07-16",NULL
"7705","new","Priscilla Ahn","","https://music.wmeagency.com","2025-07-16",NULL
"7706","new","Jay Rock","","https://music.wmeagency.com","2025-07-16",NULL
"7707","new","Chris Rock","","https://music.wmeagency.com","2025-07-16",NULL
"7708","new","Circus 1903","","https://music.wmeagency.com","2025-07-16",NULL
"7709","new","Lil Tracy","","https://music.wmeagency.com","2025-07-16",NULL
"7710","new","Lanie Gardner","","https://music.wmeagency.com","2025-07-16",NULL
"7711","new","Jehnny Beth","","https://music.wmeagency.com","2025-07-16",NULL
"7712","new","Nino SLG","","https://music.wmeagency.com","2025-07-16",NULL
"7713","new","Zack Fox","","https://music.wmeagency.com","2025-07-16",NULL
"7714","new","Wyatt McCubbin","","https://music.wmeagency.com","2025-07-16",NULL
"7715","new","Essosa","","https://music.wmeagency.com","2025-07-16",NULL
"7716","new","Shelby Lynne","","https://music.wmeagency.com","2025-07-16",NULL
"7717","new","Florence Road","","https://music.wmeagency.com","2025-07-16",NULL
"7718","new","Matty Matheson","","https://music.wmeagency.com","2025-07-16",NULL
"7719","new","David Rawlings","","https://music.wmeagency.com","2025-07-16",NULL
"7720","new","Michael Longfellow","","https://music.wmeagency.com","2025-07-16",NULL
"7721","new","Madeon","","https://music.wmeagency.com","2025-07-16",NULL
"7722","new","MYA CRAIG","","https://music.wmeagency.com","2025-07-16",NULL
"7723","new","Lynyrd Skynyrd","","https://music.wmeagency.com","2025-07-16",NULL
"7724","new","Matoma","","https://music.wmeagency.com","2025-07-16",NULL
"7725","new","Thenewno2","","https://music.wmeagency.com","2025-07-16",NULL
"7726","new","Gary Allan","","https://music.wmeagency.com","2025-07-16",NULL
"7727","new","Neil Diamond","","https://music.wmeagency.com","2025-07-16",NULL
"7728","new","Wretch32","","https://music.wmeagency.com","2025-07-16",NULL
"7729","new","Lola Young","","https://music.wmeagency.com","2025-07-16",NULL
"7730","new","Giulio Gallarotti","","https://music.wmeagency.com","2025-07-16",NULL
"7731","new","Marilyn McCoo & Billy Davis Jr.","","https://music.wmeagency.com","2025-07-16",NULL
"7732","new","Margaret Cho","","https://music.wmeagency.com","2025-07-16",NULL
"7733","new","Blue Rodeo","","https://music.wmeagency.com","2025-07-16",NULL
"7734","new","AWOLNATION","","https://music.wmeagency.com","2025-07-16",NULL
"7735","new","Dierks Bentley","","https://music.wmeagency.com","2025-07-16",NULL
"7736","new","Dua Lipa","","https://music.wmeagency.com","2025-07-16",NULL
"7737","new","Now You See Me Live","","https://music.wmeagency.com","2025-07-16",NULL
"7738","new","Nate Barnes","","https://music.wmeagency.com","2025-07-16",NULL
"7739","new","Dave","","https://music.wmeagency.com","2025-07-16",NULL
"7740","new","BRONSON","","https://music.wmeagency.com","2025-07-16",NULL
"7742","new","flowerovlove","","https://music.wmeagency.com","2025-07-16",NULL
"7743","new","M.I.A.","","https://music.wmeagency.com","2025-07-16",NULL
"7744","new","Brad Paisley","","https://music.wmeagency.com","2025-07-16",NULL
"7745","new","Peter Cat Recording Co.","","https://music.wmeagency.com","2025-07-16",NULL
"7746","new","Jet","","https://music.wmeagency.com","2025-07-16",NULL
"7747","new","Martina McBride","","https://music.wmeagency.com","2025-07-16",NULL
"7748","new","Kylie Morgan","","https://music.wmeagency.com","2025-07-16",NULL
"7749","new","Humble The Great","","https://music.wmeagency.com","2025-07-16",NULL
"7750","new","Live","","https://music.wmeagency.com","2025-07-16",NULL
"7751","new","The Vines","","https://music.wmeagency.com","2025-07-16",NULL
"7752","new","Stormzy","","https://music.wmeagency.com","2025-07-16",NULL
"7753","new","Mike Bahia","","https://music.wmeagency.com","2025-07-16",NULL
"7754","new","Michael Bibi","","https://music.wmeagency.com","2025-07-16",NULL
"7755","new","Paul Scheer","","https://music.wmeagency.com","2025-07-16",NULL
"7756","new","Phil Hanley","","https://music.wmeagency.com","2025-07-16",NULL
"7757","new","Zach Galifianakis","","https://music.wmeagency.com","2025-07-16",NULL
"7758","new","ICYKOF","","https://music.wmeagency.com","2025-07-16",NULL
"7759","new","Jaboukie Young-White","","https://music.wmeagency.com","2025-07-16",NULL
"7760","new","Moshe Kasher","","https://music.wmeagency.com","2025-07-16",NULL
"7761","new","Olivia Jean","","https://music.wmeagency.com","2025-07-16",NULL
"7762","new","Rachel Bloom","","https://music.wmeagency.com","2025-07-16",NULL
"7763","new","The Red Clay Strays","","https://music.wmeagency.com","2025-07-16",NULL
"7764","new","Rio Rainz","","https://music.wmeagency.com","2025-07-16",NULL
"7765","new","Richard Marx","","https://music.wmeagency.com","2025-07-16",NULL
"7766","new","CeeChynaa","","https://music.wmeagency.com","2025-07-16",NULL
"7767","new","CamelPhat","","https://music.wmeagency.com","2025-07-16",NULL
"7768","new","Gurriers","","https://music.wmeagency.com","2025-07-16",NULL
"7769","new","Gretchen Wilson","","https://music.wmeagency.com","2025-07-16",NULL
"7770","new","Fade Em All","","https://music.wmeagency.com","2025-07-16",NULL
"7771","new","Lil' Mo Mozzarella","","https://music.wmeagency.com","2025-07-16",NULL
"7772","new","Avenged Sevenfold","","https://music.wmeagency.com","2025-07-16",NULL
"7773","new","Melvins","","https://music.wmeagency.com","2025-07-16",NULL
"7775","new","Balancing Act","","https://music.wmeagency.com","2025-07-16",NULL
"7776","new","Déyyess","","https://music.wmeagency.com","2025-07-16",NULL
"7777","new","Bruno Mars","","https://music.wmeagency.com","2025-07-16",NULL
"7778","new","Forester","","https://music.wmeagency.com","2025-07-16",NULL
"7779","new","Nines","","https://music.wmeagency.com","2025-07-16",NULL
"7780","new","Peter Burton","","https://music.wmeagency.com","2025-07-16",NULL
"7781","new","Andrew Ripp","","https://music.wmeagency.com","2025-07-16",NULL
"7782","new","Spencer Hatcher","","https://music.wmeagency.com","2025-07-16",NULL
"7783","new","Micah Tyler","","https://music.wmeagency.com","2025-07-16",NULL
"7784","new","DJ TARGET","","https://music.wmeagency.com","2025-07-16",NULL
"7785","new","Dustin Lynch","","https://music.wmeagency.com","2025-07-16",NULL
"7786","new","Ramy Youssef","","https://music.wmeagency.com","2025-07-16",NULL
"7787","new","Harry Potter In Concert","","https://music.wmeagency.com","2025-07-16",NULL
"7788","new","Valley","","https://music.wmeagency.com","2025-07-16",NULL
"7789","new","Zillakami","","https://music.wmeagency.com","2025-07-16",NULL
"7790","new","Tycho","","https://music.wmeagency.com","2025-07-16",NULL
"7791","new","Hannah Berner","","https://music.wmeagency.com","2025-07-16",NULL
"7792","new","Ed Kowalczyk","","https://music.wmeagency.com","2025-07-16",NULL
"7793","new","Morrissey","","https://music.wmeagency.com","2025-07-16",NULL
"7794","new","Thomas Rhett","","https://music.wmeagency.com","2025-07-16",NULL
"7795","new","Jeff Arcuri","","https://music.wmeagency.com","2025-07-16",NULL
"7796","new","Hobo Johnson","","https://music.wmeagency.com","2025-07-16",NULL
"7797","new","Brothers Osborne","","https://music.wmeagency.com","2025-07-16",NULL
"7798","new","George Riley","","https://music.wmeagency.com","2025-07-16",NULL
"7799","new","Kano","","https://music.wmeagency.com","2025-07-16",NULL
"7800","new","Lana Del Rey","","https://music.wmeagency.com","2025-07-16",NULL
"7801","new","Wolves of Glendale","","https://music.wmeagency.com","2025-07-16",NULL
"7802","new","MILLI","","https://music.wmeagency.com","2025-07-16",NULL
"7803","new","Anna Calvi","","https://music.wmeagency.com","2025-07-16",NULL
"7804","new","I Don't Know How But They Found Me","","https://music.wmeagency.com","2025-07-16",NULL
"7805","new","Jude York","","https://music.wmeagency.com","2025-07-16",NULL
"7806","new","UPDATING","","https://music.wmeagency.com","2025-07-16",NULL
"7807","new","Becky G","","https://music.wmeagency.com","2025-07-16",NULL
"7808","new","Jacob Banks","","https://music.wmeagency.com","2025-07-16",NULL
"7809","new","Eddie Vedder","","https://music.wmeagency.com","2025-07-16",NULL
"7810","new","MUST DIE!","","https://music.wmeagency.com","2025-07-16",NULL
"7811","new","Billy Idol","","https://music.wmeagency.com","2025-07-16",NULL
"7812","new","Foy Vance","","https://music.wmeagency.com","2025-07-16",NULL
"7813","new","Punkie Johnson","","https://music.wmeagency.com","2025-07-16",NULL
"7814","new","Vintage Culture","","https://music.wmeagency.com","2025-07-16",NULL
"7815","new","Jack White","","https://music.wmeagency.com","2025-07-16",NULL
"7816","new","Gabby Bryan","","https://music.wmeagency.com","2025-07-16",NULL
"7817","new","Gin Blossoms","","https://music.wmeagency.com","2025-07-16",NULL
"7818","new","Jordan Jensen","","https://music.wmeagency.com","2025-07-16",NULL
"7819","new","Jana Kramer","","https://music.wmeagency.com","2025-07-16",NULL
"7820","new","Mike D","","https://music.wmeagency.com","2025-07-16",NULL
"7821","new","Max Manticof","","https://music.wmeagency.com","2025-07-16",NULL
"7822","new","Caylee Hammack","","https://music.wmeagency.com","2025-07-16",NULL
"7823","new","Sekou","","https://music.wmeagency.com","2025-07-16",NULL
"7824","new","Kasabian","","https://music.wmeagency.com","2025-07-16",NULL
"7825","new","ANDREA BEJAR","","https://music.wmeagency.com","2025-07-16",NULL
"7826","new","The Rubens","","https://music.wmeagency.com","2025-07-16",NULL
"7827","new","Rodney Atkins","","https://music.wmeagency.com","2025-07-16",NULL
"7828","new","Kevin Griffin","","https://music.wmeagency.com","2025-07-16",NULL
"7829","new","Roger Hodgson","","https://music.wmeagency.com","2025-07-16",NULL
"7830","new","Highlyy","","https://music.wmeagency.com","2025-07-16",NULL
"7831","new","The Kid Mero","","https://music.wmeagency.com","2025-07-16",NULL
"7832","new","Bohan Phoenix","","https://music.wmeagency.com","2025-07-16",NULL
"7833","new","SAULT","","https://music.wmeagency.com","2025-07-16",NULL
"7834","new","Moulin Rouge! the Musical","","https://music.wmeagency.com","2025-07-16",NULL
"7835","new","Ryan Davis","","https://music.wmeagency.com","2025-07-16",NULL
"7836","new","Brett Goldstein","","https://music.wmeagency.com","2025-07-16",NULL
"7837","new","Health","","https://music.wmeagency.com","2025-07-16",NULL
"7838","new","Bomba Estereo","","https://music.wmeagency.com","2025-07-16",NULL
"7839","new","Sam Feldt","","https://music.wmeagency.com","2025-07-16",NULL
"7840","new","Big & Rich","","https://music.wmeagency.com","2025-07-16",NULL
"7841","new","LIVINGSTON","","https://music.wmeagency.com","2025-07-16",NULL
"7842","new","Tyler Farr","","https://music.wmeagency.com","2025-07-16",NULL
"7843","new","Nathy Peluso","","https://music.wmeagency.com","2025-07-16",NULL
"7844","new","Amigo the Devil","","https://music.wmeagency.com","2025-07-16",NULL
"7845","new","Bu Cuaron","","https://music.wmeagency.com","2025-07-16",NULL
"7846","new","Randy Rogers Band","","https://music.wmeagency.com","2025-07-16",NULL
"7847","new","Brent Cobb","","https://music.wmeagency.com","2025-07-16",NULL
"7848","new","Cristina Mariani","","https://music.wmeagency.com","2025-07-16",NULL
"7849","new","Mae Estes","","https://music.wmeagency.com","2025-07-16",NULL
"7850","new","Clavish","","https://music.wmeagency.com","2025-07-16",NULL
"7851","new","Dj Premier","","https://music.wmeagency.com","2025-07-16",NULL
"7852","new","Asgeir","","https://music.wmeagency.com","2025-07-16",NULL
"7853","new","TELYKAST","","https://music.wmeagency.com","2025-07-16",NULL
"7854","new","Badshah","","https://music.wmeagency.com","2025-07-16",NULL
"7855","new","The Wilder Blue","","https://music.wmeagency.com","2025-07-16",NULL
"7856","new","Coco Jones","","https://music.wmeagency.com","2025-07-16",NULL
"7857","new","Randy Houser","","https://music.wmeagency.com","2025-07-16",NULL
"7858","new","Chris Stapleton","","https://music.wmeagency.com","2025-07-16",NULL
"7859","new","Watch the Duck","","https://music.wmeagency.com","2025-07-16",NULL
"7860","new","Luke Bryan","","https://music.wmeagency.com","2025-07-16",NULL
"7861","new","Michael McDonald","","https://music.wmeagency.com","2025-07-16",NULL
"7862","new","Broods","","https://music.wmeagency.com","2025-07-16",NULL
"7863","new","Empire Of the Sun","","https://music.wmeagency.com","2025-07-16",NULL
"7864","new","Martin Short","","https://music.wmeagency.com","2025-07-16",NULL
"7865","new","Tina Fey","","https://music.wmeagency.com","2025-07-16",NULL
"7866","new","Bryan Ferry","","https://music.wmeagency.com","2025-07-16",NULL
"7867","new","LOST FREQUENCIES","","https://music.wmeagency.com","2025-07-16",NULL
"7868","new","Gary Gunn","","https://music.wmeagency.com","2025-07-16",NULL
"7869","new","Aloe Blacc","","https://music.wmeagency.com","2025-07-16",NULL
"7870","new","UMI","","https://music.wmeagency.com","2025-07-16",NULL
"7871","new","Boy Named Banjo","","https://music.wmeagency.com","2025-07-16",NULL
"7872","new","paopao","","https://music.wmeagency.com","2025-07-16",NULL
"7873","new","KOJAQUE","","https://music.wmeagency.com","2025-07-16",NULL
"7874","new","Brandon","","https://music.wmeagency.com","2025-07-16",NULL
"7875","new","ALEX PONCE","","https://music.wmeagency.com","2025-07-16",NULL
"7876","new","Ashley Anne","","https://music.wmeagency.com","2025-07-16",NULL
"7877","new","Zino Vinci","","https://music.wmeagency.com","2025-07-16",NULL
"7878","new","Saul Hernandez","","https://music.wmeagency.com","2025-07-16",NULL
"7879","new","Eddie Murphy","","https://music.wmeagency.com","2025-07-16",NULL
"7880","new","Priscilla Block","","https://music.wmeagency.com","2025-07-16",NULL
"7881","new","Steve Wariner","","https://music.wmeagency.com","2025-07-16",NULL
"7882","new","Michelle Wolf","","https://music.wmeagency.com","2025-07-16",NULL
"7883","new","J Mascis & The Fog","","https://music.wmeagency.com","2025-07-16",NULL
"7884","new","Nettspend","","https://music.wmeagency.com","2025-07-16",NULL
"7885","new","BunnaB","","https://music.wmeagency.com","2025-07-16",NULL
"7886","new","Hulvey","","https://music.wmeagency.com","2025-07-16",NULL
"7887","new","George Ezra","","https://music.wmeagency.com","2025-07-16",NULL
"7888","new","Ingrid Andress","","https://music.wmeagency.com","2025-07-16",NULL
"7889","new","Girls Gotta Eat","","https://music.wmeagency.com","2025-07-16",NULL
"7890","new","Tool","","https://music.wmeagency.com","2025-07-16",NULL
"7891","new","Sarah Tiana","","https://music.wmeagency.com","2025-07-16",NULL
"7892","new","At The Drive In","","https://music.wmeagency.com","2025-07-16",NULL
"7893","new","Aliyah's Interlude","","https://music.wmeagency.com","2025-07-16",NULL
"7894","new","Les Rythmes Digitales","","https://music.wmeagency.com","2025-07-16",NULL
"7895","new","Zarna Garg","","https://music.wmeagency.com","2025-07-16",NULL
"7896","new","Eric D'Alessandro","","https://music.wmeagency.com","2025-07-16",NULL
"7897","new","Against The Current","","https://music.wmeagency.com","2025-07-16",NULL
"7898","new","Amy Schumer","","https://music.wmeagency.com","2025-07-16",NULL
"7899","new","Deap Vally","","https://music.wmeagency.com","2025-07-16",NULL
"7900","new","Sara Kays","","https://music.wmeagency.com","2025-07-16",NULL
"7901","new","Jack Ingram","","https://music.wmeagency.com","2025-07-16",NULL
"7902","new","Stereolab","","https://music.wmeagency.com","2025-07-16",NULL
"7903","new","Logan Crosby","","https://music.wmeagency.com","2025-07-16",NULL
"7904","new","Peter Gabriel","","https://music.wmeagency.com","2025-07-16",NULL
"7905","new","Emeli Sandé","","https://music.wmeagency.com","2025-07-16",NULL
"7906","new","Genevieve Stokes","","https://music.wmeagency.com","2025-07-16",NULL
"7907","new","Neil Sedaka","","https://music.wmeagency.com","2025-07-16",NULL
"7908","new","Kaleo","","https://music.wmeagency.com","2025-07-16",NULL
"7909","new","Snoop Dogg","","https://music.wmeagency.com","2025-07-16",NULL
"7910","new","Lady London","","https://music.wmeagency.com","2025-07-16",NULL
"7911","new","ALLEH Y YORGHAKI","","https://music.wmeagency.com","2025-07-16",NULL
"7912","new","Payton Smith","","https://music.wmeagency.com","2025-07-16",NULL
"7913","new","Kelsey Lu","","https://music.wmeagency.com","2025-07-16",NULL
"7914","new","Liam St. John","","https://music.wmeagency.com","2025-07-16",NULL
"7915","new","Sean Lennon","","https://music.wmeagency.com","2025-07-16",NULL
"7916","new","Professor Green","","https://music.wmeagency.com","2025-07-16",NULL
"7917","new","Tobias Jesso Jr.","","https://music.wmeagency.com","2025-07-16",NULL
"7918","new","Finneas","","https://music.wmeagency.com","2025-07-16",NULL
"7919","new","Turnpike Troubadours","","https://music.wmeagency.com","2025-07-16",NULL
"7920","new","Good Neighbours","","https://music.wmeagency.com","2025-07-16",NULL
"7921","new","Paul Virzi","","https://music.wmeagency.com","2025-07-16",NULL
"7922","new","Neal McCoy","","https://music.wmeagency.com","2025-07-16",NULL
"7923","new","Andrea Jin","","https://music.wmeagency.com","2025-07-16",NULL
"7924","new","Jake Bugg","","https://music.wmeagency.com","2025-07-16",NULL
"7925","new","Alex Borstein","","https://music.wmeagency.com","2025-07-16",NULL
"7926","new","Weyes Blood","","https://music.wmeagency.com","2025-07-16",NULL
"7927","new","Amy Poehler","","https://music.wmeagency.com","2025-07-16",NULL
"7928","new","Kenny G.","","https://music.wmeagency.com","2025-07-16",NULL
"7929","new","LEN","","https://music.wmeagency.com","2025-07-16",NULL
"7930","new","Black Foxxes","","https://music.wmeagency.com","2025-07-16",NULL
"7931","new","Dylan Scott","","https://music.wmeagency.com","2025-07-16",NULL
"7932","new","Virtual Self","","https://music.wmeagency.com","2025-07-16",NULL
"7933","new","Morgan Jay","","https://music.wmeagency.com","2025-07-16",NULL
"7934","new","Shelby Stone","","https://music.wmeagency.com","2025-07-16",NULL
"7935","new","Jessica Audiffred","","https://music.wmeagency.com","2025-07-16",NULL
"7936","new","Granger Smith","","https://music.wmeagency.com","2025-07-16",NULL
"7937","new","Lily Rose","","https://music.wmeagency.com","2025-07-16",NULL
"7938","new","Cody Carnes","","https://music.wmeagency.com","2025-07-16",NULL
"7939","new","Macklemore","","https://music.wmeagency.com","2025-07-16",NULL
"7940","new","IDK","","https://music.wmeagency.com","2025-07-16",NULL
"7941","new","Eric Paslay","","https://music.wmeagency.com","2025-07-16",NULL
"8374","new","Hot Stamp","","https://primarytalent.com","2025-07-16",NULL
"8375","new","P Money","","https://primarytalent.com","2025-07-16",NULL
"8376","new","James Hiraeth","","https://primarytalent.com","2025-07-16",NULL
"8377","new","SKELER","","https://primarytalent.com","2025-07-16",NULL
"8378","new","Bino Bames","","https://primarytalent.com","2025-07-16",NULL
"8379","new","Bowling For Soup","","https://primarytalent.com","2025-07-16",NULL
"8380","new","Dropkick Murphys","","https://primarytalent.com","2025-07-16",NULL
"8381","new","Estelle","","https://primarytalent.com","2025-07-16",NULL
"8383","new","Kiran Kai","","https://primarytalent.com","2025-07-16",NULL
"8384","new","Steve Winwood","","https://primarytalent.com","2025-07-16",NULL
"8385","new","Beach Bunny","","https://primarytalent.com","2025-07-16",NULL
"8386","new","Tallulah Argue","","https://primarytalent.com","2025-07-16",NULL
"8387","new","Charlie Tee","","https://primarytalent.com","2025-07-16",NULL
"8388","new","DROELOE","","https://primarytalent.com","2025-07-16",NULL
"8389","new","Rory James","","https://primarytalent.com","2025-07-16",NULL
"8390","new","Blue October","","https://primarytalent.com","2025-07-16",NULL
"8391","new","Husky Loops","","https://primarytalent.com","2025-07-16",NULL
"8392","new","Places + Faces","","https://primarytalent.com","2025-07-16",NULL
"8393","new","Sullivan King","","https://primarytalent.com","2025-07-16",NULL
"8394","new","Natanya","","https://primarytalent.com","2025-07-16",NULL
"8395","new","Krewella","","https://primarytalent.com","2025-07-16",NULL
"8396","new","Gia Margaret","","https://primarytalent.com","2025-07-16",NULL
"8397","new","Thys","","https://primarytalent.com","2025-07-16",NULL
"8398","new","NTO","","https://primarytalent.com","2025-07-16",NULL
"8399","new","Cathy Jain","","https://primarytalent.com","2025-07-16",NULL
"8400","new","Jamie Lidell","","https://primarytalent.com","2025-07-16",NULL
"8401","new","Armlock","","https://primarytalent.com","2025-07-16",NULL
"8402","new","Dotan","","https://primarytalent.com","2025-07-16",NULL
"8403","new","Zuzu","","https://primarytalent.com","2025-07-16",NULL
"8404","new","Lucia & The Best Boys","","https://primarytalent.com","2025-07-16",NULL
"8405","new","Red Axes (Live)","","https://primarytalent.com","2025-07-16",NULL
"8406","new","Modestep","","https://primarytalent.com","2025-07-16",NULL
"8407","new","Tsatsamis","","https://primarytalent.com","2025-07-16",NULL
"8408","new","B-ahwe","","https://primarytalent.com","2025-07-16",NULL
"8409","new","Bambii","","https://primarytalent.com","2025-07-16",NULL
"8410","new","Spiritual Cramp","","https://primarytalent.com","2025-07-16",NULL
"8411","new","Pixey","","https://primarytalent.com","2025-07-16",NULL
"8412","new","Deb Never","","https://primarytalent.com","2025-07-16",NULL
"8413","new","Day Wave","","https://primarytalent.com","2025-07-16",NULL
"8414","new","Saves The Day","","https://primarytalent.com","2025-07-16",NULL
"8415","new","Dweezil Zappa","","https://primarytalent.com","2025-07-16",NULL
"8416","new","Boys Noize","","https://primarytalent.com","2025-07-16",NULL
"8417","new","Holly","","https://primarytalent.com","2025-07-16",NULL
"8418","new","Frost Children","","https://primarytalent.com","2025-07-16",NULL
"8419","new","Max Baby","","https://primarytalent.com","2025-07-16",NULL
"8420","new","Austra","","https://primarytalent.com","2025-07-16",NULL
"8421","new","Banners","","https://primarytalent.com","2025-07-16",NULL
"8422","new","GANG!","","https://primarytalent.com","2025-07-16",NULL
"8423","new","Spor","","https://primarytalent.com","2025-07-16",NULL
"8424","new","Alfie Templeman","","https://primarytalent.com","2025-07-16",NULL
"8425","new","Diana DeMuth","","https://primarytalent.com","2025-07-16",NULL
"8426","new","Jay Prince","","https://primarytalent.com","2025-07-16",NULL
"8427","new","LEVITY","","https://primarytalent.com","2025-07-16",NULL
"8428","new","John Hiatt","","https://primarytalent.com","2025-07-16",NULL
"8429","new","serpentwithfeet","","https://primarytalent.com","2025-07-16",NULL
"8430","new","TR/ST","","https://primarytalent.com","2025-07-16",NULL
"8431","new","Tchami","","https://primarytalent.com","2025-07-16",NULL
"8432","new","Shades","","https://primarytalent.com","2025-07-16",NULL
"8433","new","Sarah Brooki","","https://primarytalent.com","2025-07-16",NULL
"8434","new","Sundara Karma","","https://primarytalent.com","2025-07-16",NULL
"8435","new","Vistas","","https://primarytalent.com","2025-07-16",NULL
"8436","new","Keys N Krates","","https://primarytalent.com","2025-07-16",NULL
"8437","new","Abby Sage","","https://primarytalent.com","2025-07-16",NULL
"8438","new","Slander","","https://primarytalent.com","2025-07-16",NULL
"8439","new","A. G. Cook","","https://primarytalent.com","2025-07-16",NULL
"8440","new","DMA'S","","https://primarytalent.com","2025-07-16",NULL
"8441","new","Michigander","","https://primarytalent.com","2025-07-16",NULL
"8442","new","Robocobra Quartet","","https://primarytalent.com","2025-07-16",NULL
"8443","new","Levela","","https://primarytalent.com","2025-07-16",NULL
"8444","new","Frances Quinlan","","https://primarytalent.com","2025-07-16",NULL
"8445","new","Krystal Klear","","https://primarytalent.com","2025-07-16",NULL
"8446","new","JAEL","","https://primarytalent.com","2025-07-16",NULL
"8447","new","Hana Vu","","https://primarytalent.com","2025-07-16",NULL
"8448","new","Peekaboo","","https://primarytalent.com","2025-07-16",NULL
"8449","new","Daffo","","https://primarytalent.com","2025-07-16",NULL
"8450","new","Head Automatica","","https://primarytalent.com","2025-07-16",NULL
"8451","new","Ellie Prohan","","https://primarytalent.com","2025-07-16",NULL
"8452","new","Gecko Club","","https://primarytalent.com","2025-07-16",NULL
"8453","new","MadeinTYO","","https://primarytalent.com","2025-07-16",NULL
"8454","new","Kevin Krauter","","https://primarytalent.com","2025-07-16",NULL
"8455","new","Imogen and the Knife","","https://primarytalent.com","2025-07-16",NULL
"8456","new","Peter Hammill","","https://primarytalent.com","2025-07-16",NULL
"8457","new","Marianne Faithfull","","https://primarytalent.com","2025-07-16",NULL
"8459","new","Liquid Stranger","","https://primarytalent.com","2025-07-16",NULL
"8460","new","Maxo Kream","","https://primarytalent.com","2025-07-16",NULL
"8461","new","Bleu Clair","","https://primarytalent.com","2025-07-16",NULL
"8462","new","What So Not","","https://primarytalent.com","2025-07-16",NULL
"8463","new","CloZee","","https://primarytalent.com","2025-07-16",NULL
"8464","new","Uly","","https://primarytalent.com","2025-07-16",NULL
"8465","new","Noel Gallagher's High Flying
Birds","","https://primarytalent.com","2025-07-16",NULL
"8466","new","Echo Ladies","","https://primarytalent.com","2025-07-16",NULL
"8467","new","Agajon","","https://primarytalent.com","2025-07-16",NULL
"8468","new","The Brothers Macklovitch","","https://primarytalent.com","2025-07-16",NULL
"8469","new","Teethe","","https://primarytalent.com","2025-07-16",NULL
"8470","new","No Rome","","https://primarytalent.com","2025-07-16",NULL
"8471","new","Lee Burridge","","https://primarytalent.com","2025-07-16",NULL
"8472","new","Gentlemens Club","","https://primarytalent.com","2025-07-16",NULL
"8473","new","Ivy Lab","","https://primarytalent.com","2025-07-16",NULL
"8474","new","The Presidents of the
United States of America","","https://primarytalent.com","2025-07-16",NULL
"8475","new","Metrik","","https://primarytalent.com","2025-07-16",NULL
"8476","new","Purity Ring","","https://primarytalent.com","2025-07-16",NULL
"8477","new","Viji","","https://primarytalent.com","2025-07-16",NULL
"8478","new","Covet","","https://primarytalent.com","2025-07-16",NULL
"8479","new","Absolute.","","https://primarytalent.com","2025-07-16",NULL
"8480","new","Rusko","","https://primarytalent.com","2025-07-16",NULL
"8481","new","Slow Pulp","","https://primarytalent.com","2025-07-16",NULL
"8482","new","Monster Magnet","","https://primarytalent.com","2025-07-16",NULL
"8483","new","HOL!","","https://primarytalent.com","2025-07-16",NULL
"8484","new","Finn Keane","","https://primarytalent.com","2025-07-16",NULL
"8485","new","The Lazy Eyes","","https://primarytalent.com","2025-07-16",NULL
"8486","new","IMANBEK","","https://primarytalent.com","2025-07-16",NULL
"8487","new","Delta Heavy","","https://primarytalent.com","2025-07-16",NULL
"8488","new","The Libertines","","https://primarytalent.com","2025-07-16",NULL
"8489","new","Baby Queen","","https://primarytalent.com","2025-07-16",NULL
"8490","new","Ronnie Loko","","https://primarytalent.com","2025-07-16",NULL
"8491","new","Basement Jaxx (DJs)","","https://primarytalent.com","2025-07-16",NULL
"8492","new","Lizzie Reid","","https://primarytalent.com","2025-07-16",NULL
"8493","new","Trash Talk","","https://primarytalent.com","2025-07-16",NULL
"8494","new","Charly Bliss","","https://primarytalent.com","2025-07-16",NULL
"8495","new","DJEDJOTRONIC","","https://primarytalent.com","2025-07-16",NULL
"8496","new","Third Son","","https://primarytalent.com","2025-07-16",NULL
"8497","new","Wheatus","","https://primarytalent.com","2025-07-16",NULL
"8498","new","Molly Payton","","https://primarytalent.com","2025-07-16",NULL
"8499","new","Lost Romantic","","https://primarytalent.com","2025-07-16",NULL
"8500","new","Sam Quealy","","https://primarytalent.com","2025-07-16",NULL
"8501","new","Halina Rice","","https://primarytalent.com","2025-07-16",NULL
"8502","new","Pale Waves","","https://primarytalent.com","2025-07-16",NULL
"8503","new","The Caracal Project","","https://primarytalent.com","2025-07-16",NULL
"8504","new","Manu Grace","","https://primarytalent.com","2025-07-16",NULL
"8505","new","CONTROL ALT DΞLΞTΞ","","https://primarytalent.com","2025-07-16",NULL
"8506","new","Mysie","","https://primarytalent.com","2025-07-16",NULL
"8507","new","Origami Angel","","https://primarytalent.com","2025-07-16",NULL
"8508","new","9Million","","https://primarytalent.com","2025-07-16",NULL
"8509","new","Crankdat","","https://primarytalent.com","2025-07-16",NULL
"8510","new","Jaykae","","https://primarytalent.com","2025-07-16",NULL
"8511","new","Shouse","","https://primarytalent.com","2025-07-16",NULL
"8512","new","Titan","","https://primarytalent.com","2025-07-16",NULL
"8514","new","Nana Lourdes","","https://primarytalent.com","2025-07-16",NULL
"8515","new","Works Of Intent","","https://primarytalent.com","2025-07-16",NULL
"8516","new","Middle Kids","","https://primarytalent.com","2025-07-16",NULL
"8517","new","Planet Giza","","https://primarytalent.com","2025-07-16",NULL
"8518","new","Mineral","","https://primarytalent.com","2025-07-16",NULL
"8519","new","Sosa","","https://primarytalent.com","2025-07-16",NULL
"8520","new","KEO","","https://primarytalent.com","2025-07-16",NULL
"8521","new","Jay Som","","https://primarytalent.com","2025-07-16",NULL
"8522","new","Francis Mercier","","https://primarytalent.com","2025-07-16",NULL
"8523","new","Chappaqua Wrestling","","https://primarytalent.com","2025-07-16",NULL
"8524","new","Supergrass","","https://primarytalent.com","2025-07-16",NULL
"8525","new","The Front Bottoms","","https://primarytalent.com","2025-07-16",NULL
"8526","new","Kasra","","https://primarytalent.com","2025-07-16",NULL
"8527","new","JOYRYDE","","https://primarytalent.com","2025-07-16",NULL
"8528","new","BLUMITSU","","https://primarytalent.com","2025-07-16",NULL
"8529","new","Malaa","","https://primarytalent.com","2025-07-16",NULL
"8530","new","Truman Sinclair","","https://primarytalent.com","2025-07-16",NULL
"8531","new","Chloé Robinson","","https://primarytalent.com","2025-07-16",NULL
"8532","new","Red Axes (DJ)","","https://primarytalent.com","2025-07-16",NULL
"8533","new","Ruff Sqwad","","https://primarytalent.com","2025-07-16",NULL
"8534","new","SVDDEN DEATH","","https://primarytalent.com","2025-07-16",NULL
"8535","new","Kings of Leon","","https://primarytalent.com","2025-07-16",NULL
"8536","new","Gaffa Tape Sandy","","https://primarytalent.com","2025-07-16",NULL
"8537","new","David Armada","","https://primarytalent.com","2025-07-16",NULL
"8538","new","Brògeal","","https://primarytalent.com","2025-07-16",NULL
"8539","new","Ten Fe","","https://primarytalent.com","2025-07-16",NULL
"8540","new","Basement Jaxx","","https://primarytalent.com","2025-07-16",NULL
"8541","new","The Lizard Queen","","https://primarytalent.com","2025-07-16",NULL
"8542","new","The Marra","","https://primarytalent.com","2025-07-16",NULL
"8543","new","Jarreau Vandal","","https://primarytalent.com","2025-07-16",NULL
"8544","new","Siren","","https://primarytalent.com","2025-07-16",NULL
"8545","new","Ring Noord","","https://primarytalent.com","2025-07-16",NULL
"8546","new","Keys The Prince","","https://primarytalent.com","2025-07-16",NULL
"8547","new","Archive","","https://primarytalent.com","2025-07-16",NULL
"8548","new","Kirou Kirou","","https://primarytalent.com","2025-07-16",NULL
"8549","new","Space Laces","","https://primarytalent.com","2025-07-16",NULL
"8550","new","Men I Trust","","https://primarytalent.com","2025-07-16",NULL
"8551","new","Mojave 3","","https://primarytalent.com","2025-07-16",NULL
"8552","new","Amble","","https://primarytalent.com","2025-07-16",NULL
"8553","new","Andy Goodwin","","https://primarytalent.com","2025-07-16",NULL
"8554","new","Momma","","https://primarytalent.com","2025-07-16",NULL
"8555","new","Trailer Park Boys","","https://primarytalent.com","2025-07-16",NULL
"8556","new","Ela Minus","","https://primarytalent.com","2025-07-16",NULL
"8557","new","Spector","","https://primarytalent.com","2025-07-16",NULL
"8558","new","Benjamin Earl Turner","","https://primarytalent.com","2025-07-16",NULL
"8559","new","Izzy Withers","","https://primarytalent.com","2025-07-16",NULL
"8560","new","Jealous Nostril","","https://primarytalent.com","2025-07-16",NULL
"8561","new","Alex G","","https://primarytalent.com","2025-07-16",NULL
"8562","new","PRETTY SICK","","https://primarytalent.com","2025-07-16",NULL
"8563","new","Ethel Cain","","https://primarytalent.com","2025-07-16",NULL
"8564","new","samxemma","","https://primarytalent.com","2025-07-16",NULL
"8565","new","Empress Of","","https://primarytalent.com","2025-07-16",NULL
"8566","new","Riordan","","https://primarytalent.com","2025-07-16",NULL
"8567","new","Chris Luno","","https://primarytalent.com","2025-07-16",NULL
"8568","new","FIDLAR","","https://primarytalent.com","2025-07-16",NULL
"8569","new","skantia","","https://primarytalent.com","2025-07-16",NULL
"8570","new","SIPHO.","","https://primarytalent.com","2025-07-16",NULL
"8571","new","Just Mustard","","https://primarytalent.com","2025-07-16",NULL
"8572","new","Plan B","","https://primarytalent.com","2025-07-16",NULL
"8573","new","Busy P (Pedro Winter)","","https://primarytalent.com","2025-07-16",NULL
"8574","new","Juliet Ivy","","https://primarytalent.com","2025-07-16",NULL
"8575","new","Packs","","https://primarytalent.com","2025-07-16",NULL
"8576","new","Moore Kismet","","https://primarytalent.com","2025-07-16",NULL
"8577","new","FONT","","https://primarytalent.com","2025-07-16",NULL
"8578","new","Gemma Dunleavy","","https://primarytalent.com","2025-07-16",NULL
"8579","new","Ziggy Marley","","https://primarytalent.com","2025-07-16",NULL
"8580","new","A-Trak","","https://primarytalent.com","2025-07-16",NULL
"8581","new","Cloud Nothings","","https://primarytalent.com","2025-07-16",NULL
"8582","new","Pissed Jeans","","https://primarytalent.com","2025-07-16",NULL
"8583","new","YES AND MAYBE","","https://primarytalent.com","2025-07-16",NULL
"8584","new","Lubiana","","https://primarytalent.com","2025-07-16",NULL
"8585","new","Travis","","https://primarytalent.com","2025-07-16",NULL
"8586","new","Jimmy Cliff","","https://primarytalent.com","2025-07-16",NULL
"8587","new","Blanco","","https://primarytalent.com","2025-07-16",NULL
"8589","new","AVÖ","","https://primarytalent.com","2025-07-16",NULL
"8591","new","Seven Lions","","https://primarytalent.com","2025-07-16",NULL
"8592","new","Stresshead","","https://primarytalent.com","2025-07-16",NULL
"8593","new","Sute Iwar","","https://primarytalent.com","2025-07-16",NULL
"8594","new","Pet Shop Boys","","https://primarytalent.com","2025-07-16",NULL
"8595","new","Karl Benjamin","","https://primarytalent.com","2025-07-16",NULL
"8596","new","Kneecap","","https://primarytalent.com","2025-07-16",NULL
"8597","new","Turno","","https://primarytalent.com","2025-07-16",NULL
"8598","new","Crows","","https://primarytalent.com","2025-07-16",NULL
"8599","new","Stephen Marley","","https://primarytalent.com","2025-07-16",NULL
"8600","new","Fox Stevenson","","https://primarytalent.com","2025-07-16",NULL
"8601","new","UNDERØATH","","https://primarytalent.com","2025-07-16",NULL
"8602","new","Sorcha Richardson","","https://primarytalent.com","2025-07-16",NULL
"8603","new","GRiZ","","https://primarytalent.com","2025-07-16",NULL
"8604","new","Waeys","","https://primarytalent.com","2025-07-16",NULL
"8605","new","Nancy","","https://primarytalent.com","2025-07-16",NULL
"8606","new","Aeroplane","","https://primarytalent.com","2025-07-16",NULL
"8607","new","NGHTMRE","","https://primarytalent.com","2025-07-16",NULL
"8608","new","Reeves Gabrels & His Imaginary
Fr13nds","","https://primarytalent.com","2025-07-16",NULL
"8609","new","Alison Wonderland","","https://primarytalent.com","2025-07-16",NULL
"8610","new","Kybba","","https://primarytalent.com","2025-07-16",NULL
"8611","new","Kapitan","","https://primarytalent.com","2025-07-16",NULL
"8612","new","Facesoul","","https://primarytalent.com","2025-07-16",NULL
"8613","new","Beaux","","https://primarytalent.com","2025-07-16",NULL
"8614","new","Love Fame Tragedy","","https://primarytalent.com","2025-07-16",NULL
"8615","new","Indigo De Souza","","https://primarytalent.com","2025-07-16",NULL
"8616","new","Jas Shaw","","https://primarytalent.com","2025-07-16",NULL
"8617","new","Runnner","","https://primarytalent.com","2025-07-16",NULL
"8618","new","alt-J","","https://primarytalent.com","2025-07-16",NULL
"8619","new","Chimpo","","https://primarytalent.com","2025-07-16",NULL
"8620","new","Whyte Fang","","https://primarytalent.com","2025-07-16",NULL
"8621","new","The Bloody Beetroots","","https://primarytalent.com","2025-07-16",NULL
"8622","new","The Armed","","https://primarytalent.com","2025-07-16",NULL
"8623","new","Destroy Boys","","https://primarytalent.com","2025-07-16",NULL
"8624","new","Tom Rasmussen","","https://primarytalent.com","2025-07-16",NULL
"8625","new","Agoria","","https://primarytalent.com","2025-07-16",NULL
"8626","new","Classless Act","","https://primarytalent.com","2025-07-16",NULL
"8627","new","VISLA","","https://primarytalent.com","2025-07-16",NULL
"8628","new","SebastiAn","","https://primarytalent.com","2025-07-16",NULL
"8629","new","Pocket","","https://primarytalent.com","2025-07-16",NULL
"8630","new","Ashbeck","","https://primarytalent.com","2025-07-16",NULL
"8631","new","John Cale","","https://primarytalent.com","2025-07-16",NULL
"8632","new","Greg Freeman","","https://primarytalent.com","2025-07-16",NULL
"8633","new","Black Tiger Sex Machine","","https://primarytalent.com","2025-07-16",NULL
"8634","new","Oscar Lang","","https://primarytalent.com","2025-07-16",NULL
"8635","new","Ivan Ave","","https://primarytalent.com","2025-07-16",NULL
"8636","new","Tigers Jaw","","https://primarytalent.com","2025-07-16",NULL
"8637","new","Matilda Mann","","https://primarytalent.com","2025-07-16",NULL
"8638","new","Games We Play","","https://primarytalent.com","2025-07-16",NULL
"8639","new","Buunshin","","https://primarytalent.com","2025-07-16",NULL
"8640","new","Razorlight","","https://primarytalent.com","2025-07-16",NULL
"8641","new","Dave Clarke","","https://primarytalent.com","2025-07-16",NULL
"8642","new","Xadi","","https://primarytalent.com","2025-07-16",NULL
"8643","new","Critical Soundsystem","","https://primarytalent.com","2025-07-16",NULL
"8644","new","Gino","","https://primarytalent.com","2025-07-16",NULL
"8645","new","Bloodhound Gang","","https://primarytalent.com","2025-07-16",NULL
"8646","new","Gioli & Assia","","https://primarytalent.com","2025-07-16",NULL
"8647","new","Monster Florence","","https://primarytalent.com","2025-07-16",NULL
"8648","new","Hello Mary","","https://primarytalent.com","2025-07-16",NULL
"8649","new","Cruel Sister","","https://primarytalent.com","2025-07-16",NULL
"8650","new","The Vandals","","https://primarytalent.com","2025-07-16",NULL
"8651","new","High Contrast (DJ Set)","","https://primarytalent.com","2025-07-16",NULL
"8652","new","Marika Hackman","","https://primarytalent.com","2025-07-16",NULL
"8654","new","Dutch Interior","","https://primarytalent.com","2025-07-16",NULL
"8655","new","SBTRKT","","https://primarytalent.com","2025-07-16",NULL
"8656","new","Zomboy","","https://primarytalent.com","2025-07-16",NULL
"8658","new","The Proclaimers","","https://primarytalent.com","2025-07-16",NULL
"8659","new","Zeds Dead","","https://primarytalent.com","2025-07-16",NULL
"8660","new","Ella More","","https://primarytalent.com","2025-07-16",NULL
"8661","new","Florentenes","","https://primarytalent.com","2025-07-16",NULL
"8663","new","Tim Lyre","","https://primarytalent.com","2025-07-16",NULL
"8664","new","Matt Andersen","","https://primarytalent.com","2025-07-16",NULL
"8665","new","Filly","","https://primarytalent.com","2025-07-16",NULL
"8666","new","G Flip","","https://primarytalent.com","2025-07-16",NULL
"8667","new","Beabadoobee","","https://primarytalent.com","2025-07-16",NULL
"8668","new","Dystopia","","https://primarytalent.com","2025-07-16",NULL
"8669","new","Michael Monroe","","https://primarytalent.com","2025-07-16",NULL
"8670","new","Nic Arizona","","https://primarytalent.com","2025-07-16",NULL
"8671","new","Sports Team","","https://primarytalent.com","2025-07-16",NULL
"8672","new","Saïna","","https://primarytalent.com","2025-07-16",NULL
"8673","new","Elderbrook","","https://primarytalent.com","2025-07-16",NULL
"8674","new","Kill The Noise","","https://primarytalent.com","2025-07-16",NULL
"8675","new","Odd Mob","","https://primarytalent.com","2025-07-16",NULL
"8676","new","Jaguar Jonze","","https://primarytalent.com","2025-07-16",NULL
"8677","new","The Wombats","","https://primarytalent.com","2025-07-16",NULL
"8678","new","Imogen Heap","","https://primarytalent.com","2025-07-16",NULL
"8679","new","Regina Spektor","","https://primarytalent.com","2025-07-16",NULL
"8680","new","Ninja KidSoul","","https://primarytalent.com","2025-07-16",NULL
"8681","new","Bronagh","","https://primarytalent.com","2025-07-16",NULL
"8682","new","Ruby Fields","","https://primarytalent.com","2025-07-16",NULL
"8683","new","Hyd","","https://primarytalent.com","2025-07-16",NULL
"8684","new","Babyshambles","","https://primarytalent.com","2025-07-16",NULL
"8685","new","Matt-Felix","","https://primarytalent.com","2025-07-16",NULL
"8686","new","Rohaan","","https://primarytalent.com","2025-07-16",NULL
"8687","new","Hannah Wants","","https://primarytalent.com","2025-07-16",NULL
"8688","new","Black Lotus","","https://primarytalent.com","2025-07-16",NULL
"8689","new","Lit","","https://primarytalent.com","2025-07-16",NULL
"8690","new","Kayla Grace","","https://primarytalent.com","2025-07-16",NULL
"8691","new","Duck Sauce","","https://primarytalent.com","2025-07-16",NULL
"8692","new","Neon Waltz","","https://primarytalent.com","2025-07-16",NULL
"8693","new","REZZ","","https://primarytalent.com","2025-07-16",NULL
"8694","new","Rina Sawayama","","https://primarytalent.com","2025-07-16",NULL
"8695","new","Jamie Bower","","https://primarytalent.com","2025-07-16",NULL
"8696","new","Ginger Root","","https://primarytalent.com","2025-07-16",NULL
"8697","new","Rufus Wainwright","","https://primarytalent.com","2025-07-16",NULL
"8698","new","Harrison Whitford","","https://primarytalent.com","2025-07-16",NULL
"8699","new","San Holo","","https://primarytalent.com","2025-07-16",NULL
"8700","new","Hemai","","https://primarytalent.com","2025-07-16",NULL
"8701","new","La Dispute","","https://primarytalent.com","2025-07-16",NULL
"8702","new","The Sisters Of Mercy","","https://primarytalent.com","2025-07-16",NULL
"8703","new","ARYMÉ","","https://primarytalent.com","2025-07-16",NULL
"8704","new","Jesse Ahern","","https://primarytalent.com","2025-07-16",NULL
"8705","new","Red Rum Club","","https://primarytalent.com","2025-07-16",NULL
"8706","new","KEYSIDE","","https://primarytalent.com","2025-07-16",NULL
"8707","new","Feed Me","","https://primarytalent.com","2025-07-16",NULL
"8708","new","Wallice","","https://primarytalent.com","2025-07-16",NULL
"8709","new","RX Bandits","","https://primarytalent.com","2025-07-16",NULL
"8710","new","Hop Along","","https://primarytalent.com","2025-07-16",NULL
"8711","new","Vitalic","","https://primarytalent.com","2025-07-16",NULL
"8712","new","Miya Folick","","https://primarytalent.com","2025-07-16",NULL
"8713","new","Fiona Kraft","","https://primarytalent.com","2025-07-16",NULL
"8714","new","Kittin","","https://primarytalent.com","2025-07-16",NULL
"8715","new","Crossy","","https://primarytalent.com","2025-07-16",NULL
"8716","new","Tommy WÁ","","https://primarytalent.com","2025-07-16",NULL
"8717","new","MICHELLE","","https://primarytalent.com","2025-07-16",NULL
"8718","new","Neone The Wonderer","","https://primarytalent.com","2025-07-16",NULL
"8719","new","The Cure","","https://primarytalent.com","2025-07-16",NULL
"8720","new","Tigercub","","https://primarytalent.com","2025-07-16",NULL
"8721","new","Pola & Bryson","","https://primarytalent.com","2025-07-16",NULL
"8722","new","Patti Smith","","https://primarytalent.com","2025-07-16",NULL
"8723","new","Wolf Alice","","https://primarytalent.com","2025-07-16",NULL
"8724","new","Lunachicks","","https://primarytalent.com","2025-07-16",NULL
"8725","new","NNAMDÏ","","https://primarytalent.com","2025-07-16",NULL
"8726","new","Quinn Oulton","","https://primarytalent.com","2025-07-16",NULL
"8727","new","Simula","","https://primarytalent.com","2025-07-16",NULL
"8728","new","Justice","","https://primarytalent.com","2025-07-16",NULL
"8729","new","Seafood Sam","","https://primarytalent.com","2025-07-16",NULL
"8730","new","Spectral","","https://primarytalent.com","2025-07-16",NULL
"8731","new","Nostalgix","","https://primarytalent.com","2025-07-16",NULL
"8732","new","Kelly Lee Owens","","https://primarytalent.com","2025-07-16",NULL
"8733","new","The 1975","","https://primarytalent.com","2025-07-16",NULL
"8734","new","Mike Skinner (DJ Set)","","https://primarytalent.com","2025-07-16",NULL
"8735","new","Alan Dixon","","https://primarytalent.com","2025-07-16",NULL
"8736","new","QZB","","https://primarytalent.com","2025-07-16",NULL
"8737","new","SHIVERZ","","https://primarytalent.com","2025-07-16",NULL
"8738","new","A.M.C","","https://primarytalent.com","2025-07-16",NULL
"8739","new","Sidney Gish","","https://primarytalent.com","2025-07-16",NULL
"8740","new","Oscar #Worldpeace","","https://primarytalent.com","2025-07-16",NULL
"8741","new","La Fleur","","https://primarytalent.com","2025-07-16",NULL
"8742","new","SoKo","","https://primarytalent.com","2025-07-16",NULL
"8743","new","Unloved","","https://primarytalent.com","2025-07-16",NULL
"8744","new","Engelbert Humperdinck","","https://primarytalent.com","2025-07-16",NULL
"8745","new","Van der Graaf Generator","","https://primarytalent.com","2025-07-16",NULL
"8746","new","Erol Alkan","","https://primarytalent.com","2025-07-16",NULL
"8747","new","Benny Mails","","https://primarytalent.com","2025-07-16",NULL
"8748","new","Agar Agar","","https://primarytalent.com","2025-07-16",NULL
"8749","new","Kayzo","","https://primarytalent.com","2025-07-16",NULL
"8750","new","SMG","","https://primarytalent.com","2025-07-16",NULL
"8751","new","Nick Hakim","","https://primarytalent.com","2025-07-16",NULL
"8752","new","KOJ","","https://primarytalent.com","2025-07-16",NULL
"8753","new","Duke & Jones","","https://primarytalent.com","2025-07-16",NULL
"8754","new","Digitalism","","https://primarytalent.com","2025-07-16",NULL
"8755","new","Tia Gordon","","https://primarytalent.com","2025-07-16",NULL
"8756","new","SIDEPIECE","","https://primarytalent.com","2025-07-16",NULL
"8757","new","Clara Kimera","","https://primarytalent.com","2025-07-16",NULL
"8758","new","Ugly Kid Joe","","https://primarytalent.com","2025-07-16",NULL
"8759","new","Phantom","","https://primarytalent.com","2025-07-16",NULL
"8760","new","Gurriers","","https://primarytalent.com","2025-07-16",NULL
"8761","new","Kelly Lee Owens (DJ Set)","","https://primarytalent.com","2025-07-16",NULL
"8762","new","tinyumbrellas","","https://primarytalent.com","2025-07-16",NULL
"8763","new","LZee","","https://primarytalent.com","2025-07-16",NULL
"8764","new","Fahlberg","","https://primarytalent.com","2025-07-16",NULL
"8765","new","Johnny Borrell","","https://primarytalent.com","2025-07-16",NULL
"8766","new","The Guest List","","https://primarytalent.com","2025-07-16",NULL
"8767","new","Grade 2","","https://primarytalent.com","2025-07-16",NULL
"8768","new","Sunday (1994)","","https://primarytalent.com","2025-07-16",NULL
"8769","new","The Soft Cavalry","","https://primarytalent.com","2025-07-16",NULL
"8770","new","She’s In Parties","","https://primarytalent.com","2025-07-16",NULL
"8771","new","Apashe","","https://primarytalent.com","2025-07-16",NULL
"8772","new","Motive105","","https://primarytalent.com","2025-07-16",NULL
"8773","new","Maduk","","https://primarytalent.com","2025-07-16",NULL
"8774","new","Nitefreak","","https://primarytalent.com","2025-07-16",NULL
"8775","new","Kimbra","","https://primarytalent.com","2025-07-16",NULL
"8776","new","Habstrakt","","https://primarytalent.com","2025-07-16",NULL
"8777","new","IMANU","","https://primarytalent.com","2025-07-16",NULL
"8778","new","Peter Doherty","","https://primarytalent.com","2025-07-16",NULL
"8779","new","Laura Veirs","","https://primarytalent.com","2025-07-16",NULL
"8780","new","Indoor Foxes","","https://primarytalent.com","2025-07-16",NULL
"8781","new","Ron Sexsmith","","https://primarytalent.com","2025-07-16",NULL
"8782","new","Valentino Khan","","https://primarytalent.com","2025-07-16",NULL
"8783","new","WHIPPED CREAM","","https://primarytalent.com","2025-07-16",NULL
"8784","new","Jack River","","https://primarytalent.com","2025-07-16",NULL
"8785","new","underscores","","https://primarytalent.com","2025-07-16",NULL
"8786","new","TAAHLIAH","","https://primarytalent.com","2025-07-16",NULL
"8787","new","EPTIC","","https://primarytalent.com","2025-07-16",NULL
"8788","new","PHACE","","https://primarytalent.com","2025-07-16",NULL
"8789","new","Lars Frederiksen","","https://primarytalent.com","2025-07-16",NULL
"8790","new","Antony Szmierek","","https://primarytalent.com","2025-07-16",NULL
"8791","new","Kevin Atwater","","https://primarytalent.com","2025-07-16",NULL
"8792","new","Bayside","","https://primarytalent.com","2025-07-16",NULL
"8793","new","Kadhja Bonet","","https://primarytalent.com","2025-07-16",NULL
"8794","new","Blu DeTiger","","https://primarytalent.com","2025-07-16",NULL
"8795","new","Catfish and the Bottlemen","","https://primarytalent.com","2025-07-16",NULL
"8796","new","The Rumjacks","","https://primarytalent.com","2025-07-16",NULL
"8797","new","Field Medic","","https://primarytalent.com","2025-07-16",NULL
"8798","new","JGrrey","","https://primarytalent.com","2025-07-16",NULL
"8799","new","MoBlack","","https://primarytalent.com","2025-07-16",NULL
"8800","new","BIIG TIME","","https://primarytalent.com","2025-07-16",NULL
"8801","new","Eli & Fur","","https://primarytalent.com","2025-07-16",NULL
"8802","new","We Want You To Dance","","https://primarytalent.com","2025-07-16",NULL
"8803","new","KuleeAngee","","https://primarytalent.com","2025-07-16",NULL
"8805","new","The Toy Dolls","","https://primarytalent.com","2025-07-16",NULL
